"Board","Profession","Owner Name","Series","Modifier","Mail Address 1","Mail Address 2","Mail Address 3","Mail City","Mail State","Mail ZIP","Mail County","DBA","Location Address 1","Location Address 2","Location Address 3","Location City","Location State","Location ZIP","Location County","License Number","Primary Status","Secondary Status","Original Licensure Date","Effective Date","Expiration Date","Tax Stamp Designation","Smoking Designation","Retail Tobacco Indicator"
"400","4005","PEPIN DISTRIBUTING COMPANY LLC","KLD","","4121 N 50TH ST","","","TAMPA","FL","33610","39","PEPIN DISTRIBUTING CO","4121 N 50TH ST","","","TAMPA","FL","33610","39","WSL3900230","20","20","","03/22/2013","09/30/2026","","",""
"400","4005","WISMETTAC ASIAN FOODS INC","KLD","","13409 ORDEN DR.","","","SANTA FE SPRINGS","CA","90670","705","WISMETTAC ASIAN FOODS","3941 COMMERCE PKWY","","","MIRAMAR","FL","33025","16","WSL1613770","20","20","","04/01/2002","03/31/2026","","",""
"400","4005","TRIPLE P DISTRIBUTING CO INC","KLD","","3601 REGENT  BLVD","","","JACKSONVILLE","FL","32224","26","NORTH FLORIDA SALES","3601 REGENT BLVD","","","JACKSONVILLE","FL","32224","26","WSL2606808","20","20","","05/10/2018","09/30/2026","","",""
"400","4005","TRIPLE P DISTRIBUTING CO INC","KLD","","467 SW RING CT","","","LAKE CITY","FL","32025","22","NORTH FLORIDA SALES","467 SW RING CT","","","LAKE CITY","FL","32025","22","WSL2200702","20","20","","05/10/2018","09/30/2026","","",""
"400","4005","SOUTHERN EAGLE DISTRIBUTING INC","KLD","","P O BOX 12399","","","FT PIERCE","FL","349791120","66","SOUTHERN EAGLE DISTRIBUTING INC","5300 GLADES CUTOFF RD","","","FT PIERCE","FL","34900","66","WSL6600070","20","20","","03/14/2012","03/31/2026","","",""
"400","4005","CHAUTAUQUA VINEYARDS & WINERY INC","AMW","","P O BOX 1308","","","DEFUNIAK SPRINGS","FL","32435","76","EMERALD COAST WINERY","1708 OLD HWY 98 EAST","","","DESTIN","FL","32550","76","WSL7600969","20","20","02/26/2002","08/02/2002","09/30/2026","","",""
"400","4005","CHAUTAUQUA VINEYARDS & WINERY INC","AMW","","P O BOX 1308","","","DEFUNIAK SPRINGS","FL","32433","76","CHAUTAUQUA WINERY","364 HUGH ADAMS RD","","","DEFUNIAK SPRINGS","FL","32433-9998","76","WSL7600402","20","20","","08/02/2002","09/30/2026","","",""
"400","4005","CHAUTAUQUA VINEYARDS & WINERY INC","JDBW","","P O BOX 1308","","","DEFUNIAK SPRINGS","FL","32433","76","CHAUTAUQUA WINERY","364 HUGH ADAMS RD","","","DEFUNIAK SPRINGS","FL","32433-9998","76","WSL7600570","20","20","","08/02/2002","09/30/2026","","",""
"400","4005","CONDAL IMPORTS INC","IMPR","","531 DUPONT STREET","","","BRONX","NY","10474","","CONDAL IMPORTS INC","11117 WEST OKEECHOBEE ROAD #108","","","HIALEAH GARDENS","FL","33018-4212","23","WSL2323853","45","20","03/21/2000","10/21/2025","09/30/2025","","",""
"400","4005","BIANCA M CORPORATION","MEXP","","1202 N. 19TH STREET","","","TAMPA","FL","33605","39","FLORIDA SHIP SUPPLY","1202 NORTH 19TH STREET","","","TAMPA","FL","33601","39","WSL3904255","20","20","","11/07/2014","09/30/2026","","",""
"400","4005","VINIFERA IMPORTS LTD INCORPORATED","KLD","","205 13 AVENUE","","","RONKONKOMA","NY","11779","732","VINIFERA DISTRIBUTING OF FLORIDA","15855 ASSEMBLY LOOP","","","JUPITER","FL","33478","60","WSL6013113","20","20","","01/08/2008","03/31/2026","","",""
"400","4005","C&B INTERNATIONAL TRADING GROUP INC","KLD","","7548 CURRENCY DRIVE","","","ORLANDO","FL","32809","58","C&B INTERNATIONAL TRADING GROUP INC","7548 CURRENCY DRIVE","","","ORLANDO","FL","32809","58","WSL5804183","20","20","","04/13/2009","09/30/2026","","",""
"400","4005","SPIRIT IMPORTS INC","IMPR","","10001 NW 50 STREET","SUITE 203E","","SUNRISE","FL","33351","16","SPIRIT IMPORTS INC","10001 NW 50TH ST","#203 E","","SUNRISE","FL","33351","16","WSL1614038","20","20","03/14/1996","06/11/2017","09/30/2026","","",""
"400","4005","DUFRY AMERICA SERVICES INC","MEXP","","13690 NW 14t NW 19 STREET","","MIAMI","MIAMI","FL","33182","23","INTERNATIONAL OPERATIONS & SERVICES (USA) LLC","10300 NW 19 ST STE 114","","","DORAL","FL","33122","23","WSL2324459","45","20","06/06/2001","10/21/2025","09/30/2025","","",""
"400","4005","ORVINO IMPORTS & DISTRIBUTING INC.","KLD","","12327 WEST SAMPLE RD","","","CORAL SPRINGS","FL","33065","16","ORVINO IMPORTS & DISTRIBUTING INC.","12327 W SAMPLE RD","","","CORAL SPRINGS","FL","33065","16","WSL1614014","20","20","03/01/1996","10/31/2024","03/31/2026","","",""
"400","4005","BACARDI USA INC","KLD","","401 EAST JACKSON STREET","ATTN: VICKI M. THOMAS","SUITE 2700","TAMPA","FL","33602","39","BACARDI USA INC","BOTTLING BUILDING","12200 N MAIN ST","","JACKSONVILLE","FL","32226","26","WSL2601591","20","20","","09/22/2021","09/30/2026","","",""
"400","4005","CARAT GASTRONOMY SERVICES, INC.","IMPR","","8221 LAKE SERENE DRIVE","","","ORLANDO","FL","32836","58","CARAT GASTRONOMY SERVICES, INC.","9133 N. BAY BLVD.","","","ORLANDO","FL","32819","58","WSL5807817","20","20","04/06/1999","03/09/2004","09/30/2026","","",""
"400","4005","BORTUNK, FRANK JAY","JDBW","","18337 NE 4TH COURT","","","MIAMI","FL","33179","23","ROYALTY WINES","18337 NE 4TH COURT","","","MD MIAMI","FL","33179","23","WSL2322374","20","20","08/28/1997","09/04/2025","03/31/2026","","",""
"400","4005","CITY BEVERAGES LLC","KLD","","P.O. BOX 620006","","","ORLANDO","FL","32862","58","CITY BEVERAGES & AVALON ISLAND SPIRITS","10928 FLORIDA CROWN DRIVE","","","ORLANDO","FL","32839","58","WSL5800012","20","20","","01/24/2025","09/30/2026","","",""
"400","4005","N GOLDRING CORPORATION","KLD","","PO BOX 349","","","PENSACOLA","FL","32591","27","MAGNOLIA LIQUORS & MAGNOLIA BEER DIST'S","INACTIVE","","","PENSACOLA","FL","32506","27","WSL2700123","41","10","","02/28/2020","09/30/2025","","",""
"400","4005","N GOLDRING CORPORATION","JDBW","","PO BOX 349","","","PENSACOLA","FL","32591","27","MAGNOLIA BEER DISTRIBUTORS","ESCROW","","","NO CITY CODE","FL","0","56","WSL5600009","41","10","","09/11/2013","09/30/2025","","",""
"400","4005","DANA WINE & SPIRITS IMPORTERS INC","IMPR","","8603 S. DIXIE HIGHWAY, SUITE 305-A","","","PINECREST","FL","33156","23","DANA WINE & SPIRITS IMPORTERS","8603 S. DIXIE HIGHWAY, SUITE 305A","","","PINECREST","FL","33156","23","WSL2324263","20","20","01/19/2001","05/02/2018","09/30/2026","","",""
"400","4005","WATRA CHURCH GOODS COMPANY","JDBW","","11661 CORPORATE  LAKE BLVD","","","SAN ANTONIO","FL","33576","61","WATRA CHURCH GOODS COMPANY","11661 CORPORATE  LAKE  BLVD","","","SAN ANTONIO","FL","33576","61","WSL6102747","20","20","10/09/1998","10/23/2025","09/30/2026","","",""
"400","4005","DAYTONA BEVERAGES LLC","KLD","","2275 MASON AVENUE","","","DAYTONA BEACH","FL","32117","74","DAYTONA BEVERAGES LLC","2275 MASON AVENUE","","","DAYTONA BEACH","FL","32117","74","WSL7400244","20","20","","09/12/2006","03/31/2026","","",""
"400","4005","DEMERARA DISTILLERS USA INC","IMPR","","499 NW 70TH AVENUE","SUITE 120","","PLANTATION","FL","33317","16","DD US","499 NW 70TH AVE","#120","","PLANTATION","FL","33317","16","WSL1616817","20","20","07/30/1999","07/31/2017","09/30/2026","","",""
"400","4005","MAGNOLIA MARKETING COMPANY","KLD","","PO BOX 349","","","PENSACOLA","FL","32591","27","MAGNOLIA LIQUORS & MAGNOLIA BEER DISTRIBUT","ESCROW, ADMINISTRATIVE","","","NO CITY CODE","FL","00000","13","WSL1301640","45","20","","10/21/2025","09/30/2025","","",""
"400","4005","LEWIS BEAR CO (THE)","KLD","","6120 ENTERPRISE DRIVE","","","PENSACOLA","FL","32505-1858","27","LEWIS BEAR CO","6484 DOGTRACK ROAD","","","EBRO","FL","32437","77","WSL7700433","20","20","","01/05/2012","09/30/2026","","",""
"400","4005","LEWIS BEAR CO (THE)","KLD","","6120 ENTERPRISE DRIVE","","","PENSACOLA","FL","32505-1858","27","LEWIS BEAR COMPANY","6120 ENTERPRISE DRIVE","","","PENSACOLA","FL","32505-1858","27","WSL2700351","20","20","","01/04/2012","09/30/2026","","",""
"400","4005","CARROLL DISTRIBUTING CO","KLD","","1553 CHAD CARROLL WAY","","","MELBOURNE","FL","32940","15","CARROLL DISTRIBUTING COMPANY","1553 CHAD CARROLL WAY","","","MELBOURNE","FL","32940","15","WSL1500296","20","20","","09/18/2006","03/31/2026","","",""
"400","4005","SR PERROTT INC","KLD","","P.O. BOX 836","","","ORMOND BEACH","FL","32175","74","SR PERROTT INC","1280 N US HIGHWAY 1","","","ORMOND BEACH","FL","32174","74","WSL7400544","20","20","","03/08/2007","03/31/2026","","",""
"400","4005","GREAT BAY DISTRIBUTORS INC","KLD","","2750 EAGLE AVE N","","","ST. PETERSBURG","FL","33716","62","GREAT BAY DISTRIBUTORS INC","2750 EAGLE AVE N","","","ST. PETERSBURG","FL","33716","62","WSL6200710","20","20","","12/03/2019","09/30/2026","","",""
"400","4005","GREAT BAY DISTRIBUTORS INC","KLD","","2750 EAGLE AVENUE NORTH","","","ST. PETERSBURG","FL","33716","62","GREAT BAY DISTRIBUTORS INC","3221 GRAND BLVD","","","HOLIDAY","FL","34689","61","WSL6100073","20","20","","12/03/2019","09/30/2026","","",""
"400","4005","SOUTHERN GLAZER'S WINE AND SPIRITS, LLC","KLD","","1600 NW 163 STREET","ATTN TAMMY LOVE","","MIAMI","FL","33169","23","SGWS; SOUTHERN GLAZER'S OF FL; AMER DIST OF JAX; SW&S JAX; NF","6867 STUART LN S","","","JACKSONVILLE","FL","33254","26","WSL2600576","20","20","","02/03/2010","09/30/2026","","",""
"400","4005","SOUTHERN GLAZER'S WINE AND SPIRITS, LLC","KLD","","1600 NW 163 STREET","ATTN: TAMMY LOVE","","MIAMI","FL","33169","23","SGWS; SOUTHERN GLAZER'S OF FL; SW&S TPA CARBO & SW&S CENTRL FL","5802 BENJAMIN CENTER DRIVE","SUITE 110","","TAMPA","FL","33634","39","WSL3900793","20","20","","05/07/2010","09/30/2026","","",""
"400","4005","SOUTHERN GLAZER'S WINE AND SPIRITS, LLC","KLD","","1600 NW 163RD ST","ATTN: TAMMY LOVE","","MIAMI","FL","33169-5641","23","SGWS; SOUTHERN GLAZER'S OF FL; COASTAL MER; S FL LIQ DIST; SW&S","1600 NW 163RD ST","","","MIAMI","FL","33101","23","WSL2300421","20","20","","04/19/2002","03/31/2026","","",""
"400","4005","APOLLO EXPORT WAREHOUSE LLC","MEXP","","6950 NW 77TH CT","","","MIAMI","FL","33166","23","APOLLO EXPORT WAREHOUSE INC","6950 NW 77TH CT","","","MIAMI","FL","33166","23","WSL2316026","20","20","","12/01/2009","09/30/2026","","",""
"400","4005","BACARDI BOTTLING CORP","ERB","","101 E KENNEDY BLVD, SUITE 4000","","","TAMPA","FL","33602","39","CASTLETON BEVERAGE CORP","12200 N MAIN STREET","","","JACKSONVILLE","FL","32201","26","WSL2600610","20","20","","03/10/2021","09/30/2026","","",""
"400","4005","R M DISTRIBUTORS INC","JDBW","","7050 SW 4TH STREET","","","MIAMI","FL","33144-2792","23","R M DISTRIBUTORS INC","7050 SW 4TH STREET","","","MIAMI","FL","33144","23","WSL2304834","20","20","","03/20/2002","03/31/2026","","",""
"400","4005","BERNIE LITTLE DISTRIBUTORS INC","KLD","","P O BOX 1128","","","EATON PARK","FL","338401128","63","BERNIE LITTLE DISTRIBUTOR","4105 MAINE AVENUE","","","EATON PARK","FL","33840","63","WSL6300023","20","20","","10/30/2006","03/31/2026","","",""
"400","4005","BERNIE LITTLE DISTRIBUTORS INC","KLD","","P O BOX 1128","","","EATON PARK","FL","338401128","63","BERNIE LITTLE DISTRIBUTOR","2100 SCENIC HIGHWAY","","","SEBRING","FL","33870","38","WSL3800440","20","20","","12/21/2006","03/31/2026","","",""
"400","4005","HELLENIC SHIP SUPPLY INC","MEXP","","1016 CHANNELSIDE DR","","","TAMPA","FL","33602","39","HELLENIC SHIP SUPPLY INC","1016 CHANNELSIDE DR","","","TAMPA","FL","33602","39","WSL3900183","20","20","","04/02/2025","09/30/2026","","",""
"400","4005","CENTRAL BEER IMPORT & EXPORT INC","IMPR","","175 SW 7TH STREET, SUITE 1502","","","MIAMI","FL","33130","23","CENTRAL BEER IMPORT & EXPORT INC","175 SW 7TH STREET, SUITE 1502","","","MIAMI","FL","33130","23","WSL2325040","20","20","04/30/2002","07/19/2024","09/30/2026","","",""
"400","4005","ANTARES INC","KLD","","7250 NW 36TH AVENUE","","","MIAMI","FL","33147","23","ANTARES INC/WINE CLEARING","7250 NW 36TH AVENUE","","","MIAMI","FL","33147","23","WSL2301586","20","20","","05/09/2024","03/31/2026","","",""
"400","4005","PALM BAY INTERNATIONAL INC","IMPR","","48 HARBOR PARK DRIVE","","","PORT WASHINGTON","NY","11050","732","PALM BAY INTERNATIONAL INC","777 S FLAGLER DR","STE 1201A WEST TOWER","","WEST PALM BEACH","FL","33401","60","WSL6006416","20","20","","08/02/2002","09/30/2026","","",""
"400","4005","CHAMPION BRANDS INC","KLD","","P O BOX 56260","","","JACKSONVILLE","FL","32257-6260","26","CHAMPION BRANDS INC","5571 FLA MINING BLVD S","","","JACKSONVILLE","FL","32257","26","WSL2601463","20","20","","07/12/2018","09/30/2026","","",""
"400","4005","FLORIDA ORANGE GROVES, INC.","AMW","","1500 PASADENA AVE. SO.","","","ST. PETERSBURG","FL","33707","62","FLORIDA ORANGE GROVES, INC.","1500 PASADENA AVENUE, SOUTH","","","SOUTH PASADENA","FL","33707","62","WSL6208997","20","20","11/18/1996","01/01/1901","09/30/2026","","",""
"400","4005","FLORIDA ORANGE GROVES, INC.","JDBW","","1500 PASADENA AVE. SO.","","","ST. PETERSBURG","FL","33707","62","FLORIDA ORANGE GROVES, INC.","1500 PASADENA AVENUE SOUTH","","","SOUTH PASADENA","FL","33707","62","WSL6209073","20","20","03/19/1997","03/11/2008","09/30/2026","","",""
"400","4005","STEPHENS DISTRIBUTING COMPANY","KLD","","5650 ANGLERS AVE","","","FT LAUDERDALE","FL","33312","16","STEPHENS DISTRIBUTING COMPANY","185 ANGLERS AVE","","","FORT LAUDERDALE","FL","33312","16","WSL1600137","20","20","","06/19/2007","03/31/2026","","",""
"400","4005","FLORIDA BREWERY INC (THE)","CMB","","202 GANDY RD","","","AUBURNDALE","FL","338232701","63","FLORIDA BREWERY INC (THE)","202 GANDY RD","","","AUBURNDALE","FL","33823-2701","63","WSL6300166","20","20","","11/22/2021","09/30/2026","","",""
"400","4005","MAZELTOV BEVERAGES IMPORT & EXPORT INC","KLD","","8420 NW 66TH STREET","","","MIAMI","FL","331662629","23","MAZELTOV BEVERAGES IMPORT & EXPORT INC","8420 NW 66TH STREET","","","MIAMI","FL","33166","23","WSL2307863","20","20","","04/01/2002","03/31/2026","","",""
"400","4005","BAYSIDE DISTRIBUTORS INC","MEXP","","3325 NW 97TH AVE","","","DORAL","FL","33172","23","BAYSIDE DISTRIBUTORS INC","3325 NW 97TH AVE","","","DORAL","FL","33172","23","WSL2324343","20","20","03/19/2001","05/10/2006","03/31/2026","","",""
"400","4005","GREEK FOODS SPECIALTY INC","JDBW","","12707 NW 42 AVENUE","","","OPA-LOCKA","FL","33054","23","HELLAS IMPORTS","12707 NW 42 AVENUE","","","OPA-LOCKA","FL","33054","23","WSL2300302","20","20","09/15/2000","04/12/2009","03/31/2026","","",""
"400","4005","CONE DISTRIBUTING INC","KLD","","1551 NW 44TH AVE","","","OCALA","FL","34482","52","CONE DISTRIBUTING INC","3214 W THARPE ST","","","TALLAHASSEE","FL","32301","47","WSL4700086","20","20","","01/13/2017","09/30/2026","","",""
"400","4005","CONE DISTRIBUTING INC","KLD","","1551 NW 44TH AVE","","","OCALA","FL","34482","52","CONE DISTRIBUTING INC","1551 NW 44TH AVE","","","OCALA","FL","34482","52","WSL5200003","20","20","","09/22/2021","09/30/2026","","",""
"400","4005","IMPORT ANT WINES INC","KLD","","356 CENTER COURT","","","VENICE","FL","34285","68","IMPORT ANT WINES INC","356 CENTER CT","","","VENICE","FL","34285","68","WSL6800727","20","20","","04/28/2025","03/31/2026","","",""
"400","4005","OCEANWIDE INTERNATIONAL TRADING INC","MEXP","","1101 E WASHINGTON ST","","","TAMPA","FL","33602","39","MARINE & RESTAURANT SUPPLIES","1101 E WASHINGTON ST","","","TAMPA","FL","33602","39","WSL3907918","45","20","10/01/1996","10/21/2025","09/30/2025","","",""
"400","4005","FANTIS FOODS OF FLORIDA INC","KLD","","60 TRIANGLE BLVD","","","CARLSTADT","NJ","070720000","730","FANTIS FOODS OF FLORIDA INC","3399 118TH AVE N","","","ST. PETERSBURG","FL","33716","62","WSL6204722","20","20","","08/02/2002","09/30/2026","","",""
"400","4005","SEAVIN INC","AMW","","19239 US 27 N.","","","CLERMONT","FL","34715","45","SAN SEBASTIAN WINERY","157 KING ST","","","ST AUGUSTINE","FL","32084","65","WSL6501188","20","20","11/22/1996","08/02/2002","09/30/2026","","",""
"400","4005","SEAVIN INC","AMW","","19239 US 27 N.","","","CLERMONT","FL","34715","45","LAKERIDGE WINERY & VINEYARDS","19239 U.S. 27,NORTH","","","CLERMONT","FL","34711-9025","45","WSL4500882","20","20","","08/02/2002","09/30/2026","","",""
"400","4005","SEAVIN INC","JDBW","","19239 US 27 N.","","","CLERMONT","FL","34715","45","SAN SEBASTIAN WINERY","157 KING ST","","","ST AUGUSTINE","FL","32084","65","WSL6501189","20","20","11/22/1996","08/03/2015","09/30/2026","","",""
"400","4005","MANGO BOTTLING INC","ERB","","767 CLEARLAKE RD","","","COCOA","FL","32922","15","MANGO BOTTLING INC","767 CLEARLAKE ROAD","","","COCOA","FL","32922","15","WSL1503934","20","20","","08/06/2009","09/30/2026","","",""
"400","4005","JOHNSON BROTHERS OF FLORIDA INC","KLD","","1999 SHEPARD ROAD","ATTN: LEGAL","","ST PAUL","MN","55116","723","JOHNSON BROTHERS OF FLORIDA INC","4520 S CHURCH","","","TAMPA","FL","33601","39","WSL3903669","20","20","","08/02/2002","09/30/2026","","",""
"400","4005","SEAVIN INC","JDBW","","19239 US 27 N.","","","CLERMONT","FL","34715","45","LAKERIDGE WINERY & VINEYARDS","19239 U.S. 27, NORTH","","","CLERMONT","FL","34711-9025","45","WSL4500772","20","20","","08/02/2002","09/30/2026","","",""
"400","4005","GREEK BOYS CHOICE, INC.","KLD","","744 ANCLOTE ROAD","","","TARPON SPRINGS","FL","34689","62","GREEK BOYS CHOICE, INC.","744 ANCLOTE ROAD #B","","","TARPON SPRINGS","FL","34689","62","WSL6209273","45","20","03/30/1998","10/21/2025","09/30/2025","","",""
"400","4005","D & V INTERNATIONAL INC","IMPR","","601 HERITAGE DRIVE, SUITE 491","","","JUPITER","FL","33458","60","D & V INTERNATIONAL INC","601 HERITAGE DR","STE 491","","JUPITER","FL","33458","60","WSL6011727","20","20","01/20/1999","08/02/2002","09/30/2026","","",""
"400","4005","WAYNE DENSCH INC.","KLD","","2900 W FIRST ST","","","SANFORD","FL","32771","69","WAYNE DENSCH","2900 W. FIRST ST.","","","SANFORD","FL","32771","69","WSL6902284","20","20","09/14/2006","01/17/2017","09/30/2026","","",""
"400","4005","YUENGLING BREWING COMPANY OF TAMPA INC","CMB","","11111 30TH ST","","","TAMPA","FL","33612","39","YUENGLING BREWING COMPANY OF TAMPA INC","11111 30TH ST","","","TAMPA","FL","33612","39","WSL3908405","20","20","04/14/1999","04/10/2018","09/30/2026","","",""
"400","4005","CARLEE MADISON IMPORTS INC","JDBW","","678 SHELTER AVENUE","","","JACKSONVILLE BEACH","FL","32250","26","C M IMPORTS","678 SHETTER AVENUE","","","JACKSONVILLE BEACH","FL","32250","26","WSL2607774","45","20","07/19/2001","10/21/2025","09/30/2025","","",""
"400","4005","MURIELLE WINERY INC","AMW","","13131 56TH COURT, SUITE 305","","","CLEARWATER","FL","33760","62","MURIELLE WINERY","13131 56TH COURT, SUITE 305","","","CLEARWATER","FL","33760","62","WSL6209573","45","20","11/03/1999","10/21/2025","09/30/2025","","",""
"400","4005","MONTICELLO VINEYARDS & WINERY, INC.","AMW","","P O BOX 331","","","MONTICELLO","FL","32345","43","MONTICELLO VINEYARDS AND WINERY","1211 WAUKEENAH HWY","","","MONTICELLO","FL","32344","43","WSL4300280","20","20","12/24/2001","10/23/2006","09/30/2026","","",""
"400","4005","L & H HOLDING, INC.","BSA","","POST OFFICE BOX 1665","","","EATON PARK","FL","33840","63","L & H HOLDING, INC.","4105 MAINE AVENUE","","","EATON PARK","FL","33840","63","WSL6304839","20","20","06/22/2001","08/02/2002","09/30/2026","","",""
"400","4005","DISMEX FOOD INC.","JDBW","","12255 SW 133RD COURT","","","MIAMI","FL","33186","23","DISMEX FOOD INC","12255 SW 133RD COURT","","","METRO DADE","FL","33186","23","WSL2325126","20","20","06/14/2002","08/08/2025","03/31/2026","","",""
"400","4005","M & J PERSONAL SELECTIONS LLC","JDBW","","26355 FELL RD","","","ELBERTA","AL","36530","","M & J WINES AND MICRO BREWS","9718 W HWY 98","","","PENSACOLA","FL","32506","27","WSL2703677","20","20","07/25/2001","01/01/1901","09/30/2026","","",""
"400","4005","ADVANTAGE INTERNATIONAL DISTRIBUTORS INC","KLD","","8880 NW 20 ST","SUITE A","","DORAL","FL","33172","23","ADVANTAGE INTERNATIONAL DISTRIBUTORS INC","8880 NW 20 ST","SUITE A","","DORAL","FL","33172","23","WSL2325013","20","20","04/12/2002","04/21/2021","03/31/2026","","",""
"400","4005","GOLDRING GULF DISTRIBUTING CO LLC","KLD","","3378 MOFFET ROAD","","","MOBILE","AL","36607","","GOLDRING GULF DISTRIBUTING CO LLC","927 MULBERRY AVENUE","","","PANAMA CITY","FL","32402","13","WSL1303137","20","20","09/01/1999","04/18/2006","09/30/2026","","",""
"400","4005","GOLDRING GULF DISTRIBUTING CO LLC","KLD","","3378 MOFFETT ROAD","","","MOBILE","AL","36607","701","GOLDRING GULF DISTRIBUTING CO LLC","8245 OPPORTUNITY DRIVE","","","MILTON","FL","32583","67","WSL6700001","20","20","","08/12/2002","09/30/2026","","",""
"400","4005","ALPHA MARKETING NETWORK INC","KLD","","16290 N.W. 13TH AVE","","","MIAMI","FL","33169","23","AMN DISTRIBUTORS","16290 NW 13TH AVENUE","","","MIAMI GARDENS","FL","33169","23","WSL2309950","20","20","","07/14/2022","03/31/2026","","",""
"400","4005","ALL BRAZILIAN IMP & EXP INC","KLD","","920 NW 1ST ST","","","FORT LAUDERDALE","FL","33311","16","ALL BRAZILIAN IMPORT & EXPORT INC","920 NW 1ST ST","","","FORT LAUDERDALE","FL","33311","16","WSL1608001","20","20","","06/01/2018","03/31/2026","","",""
"400","4005","NATIONAL MARINE SUPPLIERS INC","MEXP","","2800 S W 2ND AVENUE","","","FT LAUDERDALE","FL","33315","16","NATIONAL MARINE SUPPLIERS INC","2800 SW 2ND AVE","","","FORT LAUDERDALE","FL","33315","16","WSL1615794","20","20","10/16/2000","10/21/2009","09/30/2026","","",""
"400","4005","CHEUNG & CHEUNG ENTERPRISE, INC.","MEXP","","11245 NW. 131 ST STREET","","","MEDLEY","FL","33178","23","CANAAN TRADING COMPANY","11245 NW 131 ST","","","MEDLEY","FL","33178","23","WSL2323421","20","20","06/24/1999","04/02/2025","09/30/2026","","",""
"400","4005","ALBA DISTRIBUTORS OF FLORIDA, INC.","JDBW","","5750 NW 32ND CT","","","MIAMI","FL","33142","23","ALBA DISTRIBUTORS OF FLORIDA, INC","5750 NW 32 COURT","","","MIAMI","FL","33142","23","WSL2321694","20","20","07/10/1996","05/04/2016","03/31/2026","","",""
"400","4005","GRAZIANO IMPORT & EXPORT CO.","KLD","","10865 NW 29TH STREET","SUITE 300","","DORAL","FL","33172","23","GRAZIANO IMPORT & EXPORT CO.","10865 NW 29TH STREET","SUITE 300","","DORAL","FL","33172","23","WSL2322559","20","20","12/09/1997","02/16/2015","03/31/2026","","",""
"400","4005","GOLD COAST EAGLE DISTRIBUTING LLLP","KLD","","7051 WIRELESS CT","","","SARASOTA","FL","34240","68","GOLD COAST EAGLE DISTRIBUTING LLLP","7051 WIRELESS CT","","","SARASOTA","FL","34240","68","WSL6800264","20","20","","05/06/2024","03/31/2026","","",""
"400","4005","MARATHON FOODS INC","KLD","","1471 NEPTUNE DR","","","BOYNTON BEACH","FL","33426","60","MARATHON FOODS INC","1471 NEPTUNE DRIVE","","","BOYNTON BEACH","FL","33426","60","WSL6012259","20","20","12/06/2000","02/14/2018","03/31/2026","","",""
"400","4005","PREMIER BEVERAGE COMPANY LLC","KLD","","9801 PREMIER PARKWAY","","","MIRAMAR","FL","33025","16","PREMIER BEVERAGE CO/AUGUSTAN WINE IMPORTS/BREAKTHRU BEVERAGE FL","8826 GROW DRIVE","","","PENSACOLA","FL","32514","27","WSL2700370","45","20","","10/21/2025","09/30/2025","","",""
"400","4005","PREMIER BEVERAGE COMPANY LLC","KLD","","9801 PREMIER PARKWAY","","","MIRAMAR","FL","33025","16","PREMIER BEVERAGE CO/AUGUSTAN WINE IMPORTS/BREAKTHRU BEVERAGE FL","6031 MADISON AVE","","","TAMPA","FL","33619","39","WSL3900175","20","20","","03/27/2024","09/30/2026","","",""
"400","4005","PREMIER BEVERAGE COMPANY LLC","KLD","","9801 PREMIER PKWY","ATTN: DANNY VALDES","","MIRAMAR","FL","33025","16","PREMIER BEVERAGE CO/AUGUSTAN WINE IMPORTS/BREAKTHRU BEVERAGE FL","9801 PREMIER PKWY","","","MIRAMAR","FL","33025","16","WSL1607298","20","20","","02/05/2025","03/31/2026","","",""
"400","4005","PREMIER BEVERAGE COMPANY LLC","KLD","","9801 PREMIER PARKWAY","ATTN:  RICHARD SCHMICH","","MIRAMAR","FL","33025","16","PREMIER BEVERAGE CO/AUGUSTAN WINE IMPORTS/BREAKTHRU BEVERAGE FL","8226 PHILLIPS HIGHWAY","","","JACKSONVILLE","FL","32256","26","WSL2600331","45","20","","10/21/2025","09/30/2025","","",""
"400","4005","CHEERS DISTRIBUTORS INC","KLD","","1200 STIRLING ROAD","#3A","","DANIA BEACH","FL","33004","16","CHEERS DISTRIBUTORS, INC.","1200 STIRLING RD","#3 A","","DANIA BEACH","FL","33004","16","WSL1617151","20","20","09/18/2001","05/11/2018","03/31/2026","","",""
"400","4005","INTERNATIONAL WINE AND SPIRITS INC (FLORIDA)","KLD","","3505 NW 113TH COURT","","","DORAL","FL","33172","23","INTERNATIONAL WINE AND SPIRITS INC","3505 NW 113 COURT","","","DORAL","FL","33172","23","WSL2323775","20","20","01/28/2000","02/24/2025","03/31/2026","","",""
"400","4005","JJ TAYLOR DISTRIBUTING FLORIDA INC","KLD","","655 N A1A","ZACK KAVANAUGH","","JUPITER","FL","33477-4579","60","JJ TAYLOR DISTRIBUTING FLORIDA","2040 PARK 82 DR","","","FORT MYERS","FL","33905","46","WSL4600150","20","20","","05/02/2019","03/31/2026","","",""
"400","4005","CARISAM SAMUEL MEISEL (FL) INC","MEXP","","10900 NW 27TH ST","","","MIAMI","FL","33172","23","CARISAM INTERNATIONAL","10900 NW 27TH STREET","","","DORAL","FL","33172","23","WSL2323700","20","20","12/21/1999","12/01/2003","09/30/2026","","",""
"400","4005","JFC INTERNATIONAL INC","KLD","","7101 E. SLAUSON AVE","","","LOS ANGELES","CA","90040","","JFC INTERNATIONAL INC.","1800 SW 13TH CT","","","POMPANO BEACH","FL","33069","16","WSL1613973","20","20","01/18/1996","12/08/2017","03/31/2026","","",""
"400","4005","SANWA TRADING CO INC","KLD","","235 WEST PARKWAY","","","POMPTON PLAINS","NJ","07444","","SANWA TRADING CO, INC","404 SUNPORT LANE, STE 450","","","ORLANDO","FL","32809","58","WSL5808661","20","20","12/12/2002","05/29/2003","09/30/2026","","",""
"400","4005","INDIAN RIVER BEVERAGE CORPORATION","CMB","","PO BOX 523","","","CAPE CANAVERAL","FL","32920","15","CARIB BREWERY USA","200 IMPERIAL BLVD","","","CAPE CANAVERAL","FL","32920","15","WSL1504752","20","20","10/16/2003","10/16/2009","09/30/2026","","",""
"400","4005","MANGO BOTTLING INC","AMW","","767 CLEARLAKE RD","","","COCOA","FL","32922","15","MANGO BOTTLING, INC.","767 CLEARLAKE ROAD","","","COCOA","FL","32922","15","WSL1505392","20","20","04/21/2003","09/20/2004","09/30/2026","","",""
"400","4005","GLOBAL WINES CORP.","MEXP","","2024 SW 143 PLACE","","","MIAMI","FL","33175","23","GLOBAL WINES CORP","2024 SW 143 PLACE","","","MIAMI","FL","33175","23","WSL2325297","20","20","04/24/2003","05/31/2025","03/31/2026","","",""
"400","4005","AMERISOURCE USA INC","MEXP","","13040 MARSH LANDING","","","PALM BEACH GARDENS","FL","33418","60","AMERISOURCE USA","2950 OLD ORCHARD RD","","","DAVIE","FL","33328","16","WSL1616632","20","20","04/29/2003","05/31/2022","03/31/2026","","",""
"400","4005","HARBOUR LOSBSTER AND FISH COMPANY LIMITED","MEXP","","757 S. E. 17TH ST., #1004","","","FT. LAUDERDALE","FL","33316","16","BUTLER SPECIALITY FOODS","POB F-40016","FREEPORT GBI","BAHAMA BASED","MARGATE","FL","33063","16","WSL1616633","20","20","04/29/2003","05/31/2025","03/31/2026","","",""
"400","4005","INDIAN RIVER BEVERAGE CORPORATION","AMW","","PO BOX 523","","","CAPE CANAVERAL","FL","32920","15","CARIB BREWERY USA","200 IMPERIAL BLVD","","","CAPE CANAVERAL","FL","32920","15","WSL1504903","20","20","12/03/2003","10/16/2009","09/30/2026","","",""
"400","4005","JJ TAYLOR DISTRIBUTING FLORIDA INC","KLD","","655 N A1A","","","JUPITER","FL","33477","60","JJ TAYLOR DISTRIBUTING FLORIDA","5102 SOUTH 16TH AVE","","","TAMPA","FL","33619","39","WSL3900357","20","20","02/02/2004","10/22/2025","09/30/2026","","",""
"400","4005","MARKS BROTHERS CONSTRUCTION COMPANY INC","AMW","","320 E TARPON AVE","","","TARPON SPRINGS","FL","34689","62","TARPON SPRINGS CASTLE WINERY","320 E TARPON AVE","","","TARPON SPRINGS","FL","34689","62","WSL6210297","45","20","11/13/2003","10/21/2025","09/30/2025","","",""
"400","4005","CARBE LLC","IMPR","","14065 NW  8TH STREET UNIT 11","","","SUNRISE","FL","33325","16","CARBE LLC","14065 NW 8TH ST","#11","","SUNRISE","FL","33325","16","WSL1617044","20","20","11/17/2003","01/12/2022","09/30/2026","","",""
"400","4005","POLAR TRADING CO INC","IMPR","","202 GANDY ROAD","","","AUBURNDALE","FL","33823","63","POLAR TRADING CO INC.","6303 BLUE LAGOON DRIVE","SUITE 324","","MIAMI","FL","33126","23","WSL2325224","45","20","11/25/2003","10/21/2025","09/30/2025","","",""
"400","4005","FLORIDA BERRY WINES INC","AMW","","5210 THONOTOSASSA ROAD","","","PLANT CITY","FL","33565","39","KEEL AND CURLEY WINERY","5210 THONOTOSASSA ROAD","","","PLANT CITY","FL","33565","39","WSL3909161","20","21","12/30/2003","07/23/2025","09/30/2026","","",""
"400","4005","STACOLE CO INC(THE)","KLD","","4800 COX ROAD SUITE 300","C/O THE WINEBOW GROUP","COMPLIANCE","GLEN ALLEN","VA","23060","747","WINEBOW","1822 SW 2ND ST","","","POMPANO BEACH","FL","33069","16","WSL1616814","20","20","04/02/2004","06/27/2017","03/31/2026","","",""
"400","4005","FAT DOG SPIRITS LLC","DD","","242 RUE DES CHATEAUX","","","TARPON SPRINGS","FL","34688","62","FAT DOG SPIRITS LLC","3212 N 40TH ST #701","","","TAMPA","FL","33605","39","WSL3909166","20","20","08/25/2004","12/10/2024","09/30/2026","","",""
"400","4005","DESTILERIAS UNIDAS CORPORATION","IMPR","","3650 NW 82ND AVENUE","204","","DORAL","FL","33166","23","DESTILERIAS UNIDAS CORPORATION","3650 NW 82ND AVENUE","SUITE 204","","DORAL","FL","33166","23","WSL2325848","20","20","06/02/2004","04/09/2018","09/30/2026","","",""
"400","4005","ALPHAPAC A MARKETING COMPANY","JDBW","","7175 SW 47TH ST","UNIT 202","","MIAMI","FL","33155","23","ALPHAPAC FINE WINES","7175 SW 47TH ST","UNIT 202","","MIAMI","FL","33155","23","WSL2325344","20","20","07/06/2004","04/27/2023","03/31/2026","","",""
"400","4005","TROPICAL PURCHASING COMPANY","MEXP","","1950 SOUTH OCEAN W #3-E","","","HALLANDALE","FL","33009","16","TROPICAL PURCHASING COMPANY","1907 NE 154TH STREET","","","NORTH MIAMI BEACH","FL","33162","23","WSL2325357","20","20","10/20/2004","05/31/2025","03/31/2026","","",""
"400","4005","WT LOGISTICS, LLC","IMPR","","3620 NW 114TH AVENUE","","","DORAL","FL","33178","23","WT LOGISTICS LLC","3620 NW 114TH AVENUE","","","DORAL","FL","33178","23","WSL2325360","20","20","10/26/2004","01/11/2005","09/30/2026","","",""
"400","4005","MC KNIGHT JANIS L","AMW","","17810 FORGE DR","","","SPRING HILL","FL","34610","61","STRONG TOWER VINEYARD","17810 FORGE ROAD","","","SPRING HILL","FL","34610","61","WSL6103050","20","20","11/18/2004","01/11/2005","09/30/2026","","",""
"400","4005","FIRST WORLD IMPORTS INC.","JDBW","","POB 542541","","","LAKE WORTH","FL","33454","60","FIRST WORLD IMPORTS","4100 N POWERLINE RD","#J 1 - 3","","POMPANO BEACH","FL","33073","16","WSL1616655","20","21","12/09/2004","07/31/2025","03/31/2026","","",""
"400","4005","STANSFELD SCOTT INC","IMPR","","630 BROOKER CREEK BLVD STE 325","","","OLDSMAR","FL","34677","62","STANSFELD SCOTT INC","630 BROOKER CREEK BLVD STE 325","","","OLDSMAR","FL","34677","62","WSL6210301","45","20","01/11/2005","10/21/2025","09/30/2025","","",""
"400","4005","STRATEGIC IMPORTERS INC","KLD","","11420  FORTUNE CIRCLE","I 8","","WELLINGTON","FL","33414","60","STRATEGIC IMPORTERS INC","11420 FORTUNE CIRCLE","I-8","","WELLINGTON","FL","33414","60","WSL6012856","20","20","03/28/2005","09/26/2018","03/31/2026","","",""
"400","4005","ITC JAPANESE FOOD DISTRIBUTORS INC","MEXP","","8850 NW 102 ST","","","MEDLEY","FL","33178","23","ITC JAPANESE FOOD DISTRIBUTORS INC","8850 NW 102ND STREET","","","MEDLEY","FL","33178","23","WSL2325380","20","20","04/05/2005","05/31/2025","03/31/2026","","",""
"400","4005","CORK ALLIANCE INC","KLD","","8356 NW 30 TERRACE","","","DORAL","FL","33122","23","ANTIGAL WINERY & ESTATES","8356 NW 30TH TERRACE","","","DORAL","FL","33122","23","WSL2325383","20","20","05/04/2005","07/18/2005","03/31/2026","","",""
"400","4005","DORADO,PIZZORNI AND SONS LLC","IMPR","","1111 KANE CONCOURSE","SUITE 410","","BAY HARBOR ISLANDS","FL","33154","23","DORADO,PIZZORNI AND SONS LLC","1111 KANE CONCOURSE","SUITE 410","","BAY HARBOR ISLANDS","FL","33154","23","WSL2325386","20","20","05/26/2005","08/26/2024","09/30/2026","","",""
"400","4005","SCHNEBLY REDLAND'S WINERY INC.","AMW","","30205  S W 217 AVENUE","","","HOMESTEAD","FL","33030","23","SCHNEBLY REDLAND'S WINERY","30205 S.W. 217TH AVENUE","","","MD HOMESTEAD","FL","33030","23","WSL2325388","20","20","06/09/2005","02/05/2021","09/30/2026","","",""
"400","4005","SCHNEBLY REDLAND'S WINERY INC.","JDBW","","30205  S W 217 AVENUE","","","HOMESTEAD","FL","33030","23","SCHNEBLY REDLANDS WINERY","30205 S.W. 217 AVENUE","","","MD HOMESTEAD","FL","33030","23","WSL2325396","20","20","08/04/2005","09/20/2005","03/31/2026","","",""
"400","4005","WTC IMPORT & EXPORT LCC","IMPR","","5015 GEORGIA AVE ","","","WEST PALM BEACH","FL","33405","60","WTC IMPORT & EXPORT LLC","301 CLEMATIS ST. SUITE 3220","","","WEST PALM BEACH","FL","33401","60","WSL6012859","45","20","08/18/2005","10/21/2025","09/30/2025","","",""
"400","4005","JF WINE IMPORTS INC","JDBW","","10801 ENDEAVOUR WAY","STE G","","SEMINOLE","FL","33777","62","JF WINE IMPORTS INC","10801 ENDEAVOUR WAY","STE G","","SEMINOLE","FL","33777","62","WSL6210339","20","20","08/25/2005","10/25/2025","09/30/2026","","",""
"400","4005","SOUTHERN GLAZER'S WINE AND SPIRITS, LLC","KLD","","1600 NW 163 STREET","TAMMY LOVE","","MIAMI","FL","33169","23","SGWS; SOUTHERN GLAZER'S OF FL; SOUTHERN WINE & SPIRITS OF AMERIC","4400 OLD TAMPA HIGHWAY","","","LAKELAND","FL","33811","63","WSL6305005","20","20","09/02/2005","09/25/2017","09/30/2026","","",""
"400","4005","INTERTRADE BEVERAGES LLC","KLD","","9375 NW 117TH AVE.","","","MIAMI","FL","33178","23","INTERTRADE BEVERAGES LLC","9375 NW 117TH AVENUE","","","MD MIAMI","FL","33178","23","WSL2325409","20","20","11/16/2005","07/02/2025","03/31/2026","","",""
"400","4005","WINE FACTORY INC","AMW","","9755 66TH STREET","","","PINELLAS PARK","FL","33782","62","BEER AND WINEMAKERS PANTRY (THE)","9755 66TH ST","","","PINELLAS PARK","FL","33782","62","WSL6210315","20","20","11/28/2005","10/21/2025","09/30/2026","","",""
"400","4005","GLOBAL WINES LLC","JDBW","","14065 NW 8TH STREET","BAY 11","","SUNRISE","FL","33325","16","GLOBAL WINES","14065 NW 8TH ST","#11","","SUNRISE","FL","33325","16","WSL1616257","20","20","02/03/2006","05/12/2010","03/31/2026","","",""
"400","4005","GELOSO BEVERAGE GROUP LLC","IMPR","","200   MILE CROSSING BLVD.","SUITE 2","","ROCHETER","NY","14624","732","GELOSO BEVERAGE GROUP LLC","1662 MANITOU ROAD","","","ROCHESTER","NY","14626","732","WSL7900002","20","20","02/23/2006","06/05/2006","09/30/2026","","",""
"400","4005","TAMPA WINES LLC","AMW","","22041  US HWY 19 N","","","CLEARWATER","FL","33765","62","ASPIRATIONS WINERY","22041 US HWY 19 N","","","CLEARWATER","FL","33765","62","WSL6210354","20","20","04/28/2006","11/22/2017","09/30/2026","","",""
"400","4005","MARKETING GLOBAL BRANDS CORP","KLD","","1015 PARK CENTRE BLVD","SUITE 1","","MIAMI GARDENS","FL","33169","23","MARKETING GLOBAL BRANDS CORP","16719 PARK CENTRE BLVD","","","MIAMI GARDENS","FL","33169","23","WSL2325422","20","20","04/05/2006","01/10/2017","03/31/2026","","",""
"400","4005","INDIGO WINE GROUP LLC","IMPR","","1501 TAMIAMI TRAIL S","#501","","VENICE","FL","34285","68","INDIGO WINE GROUP LLC","1501 TAMIAMI TRL S","#501","","VENICE","FL","34285","68","WSL6803569","20","20","04/19/2006","08/10/2006","09/30/2026","","",""
"400","4005","SAN RAFAEL IMPORT COMPANY","JDBW","","1920 TAMPA EAST BLVD.","","","TAMPA","FL","33619","39","SAN RAFAEL IMPORT COMPANY","1920 TAMPA EAST BLVD.","","","TAMPA","FL","33619","39","WSL3909184","20","20","06/26/2006","05/31/2024","09/30/2026","","",""
"400","4005","SONTIMA IMPORTS INC","IMPR","","6900 NW 26 STREET","","","SUNRISE","FL","33313","16","SONTIMA IMPORTS INC","6900 NW 26TH ST","","","SUNRISE","FL","33313","16","WSL1616681","20","20","08/10/2006","02/08/2019","09/30/2026","","",""
"400","4005","TUSCANY DISTRIBUTORS CENTRAL FLORIDA LLC","KLD","","11100 BOGGY CREEK RD, UNIT 109","","","ORLANDO","FL","32824","58","TUSCANY DISTRIBUTORS CENTRAL FLORIDA LLC","11100 BOGGY CREEK RD","UNIT 109","","ORLANDO","FL","32824","58","WSL5808684","20","20","07/11/2006","11/04/2020","09/30/2026","","",""
"400","4005","DUTY FREE AMERICAS MIAMI LLC","MEXP","","6100 HOLLYWOOD BLVD, 7TH FLOOR","ATTN:  ANTHONY CULECA","","HOLLYWOOD","FL","33024","16","DUTY FREE AMERICAS","MIAMI INT'L AIRPORT CONCORD","707A,709E,711E,713E,715F,717E,719F, AND","732 ANNEX WAREHSE GRND LEVEL GATE E-7","MIAMI","FL","33299","23","WSL2325446","20","20","07/26/2006","05/28/2024","03/31/2026","","",""
"400","4005","TIME TO MAKE WINE INC","AMW","","10970 S CLEVELAND AVE # 304","","","FORT MYERS","FL","33907","46","HANGAR 41 WINERY","10970 CLEVELAND AVE S","#304","","FORT MYERS","FL","33907","46","WSL4604613","20","20","10/06/2006","10/06/2006","09/30/2026","","",""
"400","4005","TUSCANY DISTRIBUTOR MIAMI LLC","JDBW","","8346 NW SOUTH RIVER DRIVE SUITE G","","","MEDLEY","FL","33166","23","GALLERY WINES","8346 NW SOUTH RIVER DRIVE","SUITE G","","MEDLEY","FL","33166","23","WSL2325457","20","20","10/05/2006","05/02/2011","03/31/2026","","",""
"400","4005","ESTELA IMPORTS INC","JDBW","","253 NE 69 STREET","","","MIAMI","FL","33138","23","RED GOAT DISTRIBUTOR","253 NE 69 STREET","","","MIAMI","FL","33138","23","WSL2325517","20","20","10/13/2006","01/15/2016","03/31/2026","","",""
"400","4005","HIDALGO IMPORTS LLC","KLD","","1700 W 8TH AVE","","","HIALEAH","FL","33010-2317","23","HIDALGO IMPORTS","1700,1720, 1740 W 8TH AVE","","","HIALEAH","FL","33010","23","WSL2325460","20","20","10/17/2006","09/07/2018","03/31/2026","","",""
"400","4005","UVA OLIVA INC","KLD","","2753 NW 19TH STREET","","","POMPANO BEACH","FL","33069","16","PENINSULA BEVERAGE","2753 NW 19TH ST","","","POMPANO BEACH","FL","33069","16","WSL1616003","20","20","02/22/2007","05/03/2024","03/31/2026","","",""
"400","4005","S & L IMPORTS INC","MEXP","","9900 W BAY HARBOR DR. #6","","","BAY HARBOR ISLANDS","FL","33154","23","S & L IMPORTS INC","17029 WEST DIXIE HIGHWAY","","","AVENTURA","FL","33130","23","WSL2325469","20","20","01/11/2007","05/31/2025","03/31/2026","","",""
"400","4005","COPP WINERY INC","AMW","","7855 W. GULF TO LAKE HWY","","","CRYSTAL RIVER","FL","34429","19","COPP WINERY","7855 W GULF TO LAKE HWY","","","CRYSTAL RIVER","FL","34429","19","WSL1901828","45","20","03/07/2007","10/21/2025","09/30/2025","","",""
"400","4005","VINDAGRA USA INC","IMPR","","6 WEATHERVANE WAY","","","DIX HILLS","NY","11749","","VINDAGRA USA INC","433 PLAZA REAL","SUITE 275","","BOCA RATON","FL","33432","60","WSL6012882","20","20","02/19/2007","08/20/2025","09/30/2026","","",""
"400","4005","FRESHPOINT CENTRAL FLORIDA INC","JDBW","","8801 EXCHANGE DRIVE","","","ORLANDO","FL","32809","58","FRESHPOINT CENTRAL FLORIDA","8801 EXCHANGE DR","","","ORLANDO","FL","32809","58","WSL5808688","20","20","02/23/2007","01/12/2023","09/30/2026","","",""
"400","4005","FRESHPOINT CENTRAL FLORIDA INC","JDBW","","8801 EXCHANGE DRIVE","","","ORLANDO","FL","32809","58","FRESHPOINT WEST COAST","5445 BONACKER DR","","","TAMPA","FL","33610","39","WSL3909186","20","20","02/23/2007","05/23/2007","09/30/2026","","",""
"400","4005","REPUBLIC NATIONAL DISTRIBUTING COMPANY LLC","KLD","","REPUBLIC NATIONAL DISTRIBUTING","441 S.W. 12TH AVENUE","","DEERFIELD BEACH","FL","33442","16","REPUBLIC NATIONAL DISTRIBUTING COMPANY","441 SW 12TH AVE","","","DEERFIELD BEACH","FL","33442","16","WSL1608144","20","20","05/03/2007","03/10/2025","03/31/2026","","",""
"400","4005","REPUBLIC NATIONAL DISTRIBUTING COMPANY LLC","KLD","","9423 NORTH MAIN STREET","","","JACKSONVILLE","FL","32218","26","REPUBLIC NATIONAL DISTRIBUTING COMPANY","4901 SAVARESE CIRCLE NORTH","","","TAMPA","FL","33634","39","WSL3902974","20","20","05/03/2007","05/07/2007","09/30/2026","","",""
"400","4005","REPUBLIC NATIONAL DISTRIBUTING COMPANY LLC","KLD","","REPUBLIC NATIONAL DISTRIBUTING","9423 NORTH MAIN STREET","","JACKSONVILLE","FL","32218","26","REPUBLIC NATIONAL DISTRIBUTING COMPANY","9423 NORTH MAIN STREET","","","JACKSONVILLE","FL","32218","26","WSL2600243","20","20","05/03/2007","01/31/2025","09/30/2026","","",""
"400","4005","SOUTHERN GLAZER'S WINE AND SPIRITS, LLC","KLD","","1600 NW 163 STREET","ATTN: TAMMY LOVE","","MIAMI","FL","33169","23","SGWS; SOUTHERN GLAZER'S OF FL; SOUTHERN WINE & SPIRITS OF AMERIC","7101 TPC DRIVE","SUITE 150","","ORLANDO","FL","32822","58","WSL5808689","20","20","04/13/2007","02/09/2021","09/30/2026","","",""
"400","4005","VERGARA WINE GROUP INC","IMPR","","253 NE 69TH ST","","","MIAMI","FL","33138","23","VERGARA WINE GROUP INC","253 NE 69TH ST","","","MIAMI","FL","33138","23","WSL2325479","20","20","04/25/2007","05/03/2018","09/30/2026","","",""
"400","4005","REPUBLIC NATIONAL DISTRIBUTING COMPANY LLC","KLD","","REPUBLIC NATIONAL DISTRIBUTING","6256 NORTH W STREET","","PENSACOLA","FL","32505","27","REPUBLIC NATIONAL DISTRIBUTING COMPANY","6256 NORTH W STREET","","","PENSACOLA","FL","32505","27","WSL2700409","20","20","05/01/2007","05/01/2007","09/30/2026","","",""
"400","4005","LIBERTY MARINE SERVICES INC","MEXP","","P O BOX 60941","","","JACKSONVILLE","FL","32236","26","LIBERTY MARINE SERVICES INC","2403 CORBETT STREET","","","JACKSONVILLE","FL","32204","26","WSL2608167","20","20","05/08/2007","12/01/2015","09/30/2026","","",""
"400","4005","SUN COAST GIFTS, INC.","AMW","","12945 VILLAGE BLVD","","","MADEIRA BEACH","FL","33708","62","FLORIDA WINERY (THE)","12945 VILLAGE BLVD","","","MADEIRA BEACH","FL","33708","62","WSL6210324","20","20","05/08/2007","07/27/2007","09/30/2026","","",""
"400","4005","WEST TAMPA EXPORT COMPANY","MEXP","","3128 W. KENNEDY BLVD.","","","TAMPA","FL","33609","39","WEST TAMPA EXPORT COMPANY","3112 E HILLSBOROUGH AVE","","","TAMPA","FL","33610","39","WSL3909192","45","20","07/10/2007","10/21/2025","09/30/2025","","",""
"400","4005","DUTY FREE AMERICAS MIAMI LLC","MEXP","","6100 HOLLYWOOD BLVD, 7TH FLOOR","ATTN:  ANTHONY CULECA","","HOLLYWOOD","FL","33024","16","DUTY FREE AMERICAS","1800 NW 70TH AVENUE","","","MIAMI","FL","33126","23","WSL2325489","20","20","08/21/2007","05/28/2024","03/31/2026","","",""
"400","4005","BELLE EPOQUE WINE IMPORTS LLC","JDBW","","10900 NW 21ST STREET","UNIT 180","","MIAMI","FL","33172","23","BERTIN HENRI SELECTIONS","10900 NW 21ST STREET","UNIT 180","","MIAMI","FL","33172","23","WSL2325494","20","20","10/29/2007","07/02/2024","03/31/2026","","",""
"400","4005","UNFILTERED UNFINED WINES LLC","KLD","","10251 METRO PARKWAY SUITE E119","","","FORT MYERS","FL","33966","46","UNFILTERED UNFINED WINES","10251 METRO PKWY","# 119, 116, 120","","FORT MYERS","FL","33966","46","WSL4605157","20","20","01/16/2008","08/26/2025","03/31/2026","","",""
"400","4005","STONE GROUP LLC (THE)","JDBW","","4339 BLUE HERON DR","","","PONTE VEDRA BEACH","FL","32082","65","STONE GROUP LLC (THE)","6611 SOUTHPOINT PARKWAY","UNIT 206, 208","","JACKSONVILLE","FL","32216","26","WSL2608264","45","20","02/08/2008","10/21/2025","09/30/2025","","",""
"400","4005","NEW CENTURY INTERNATIONAL LLC","MEXP","","7950 SUNSET DRIVE","","","MIAMI","FL","33143","23","NEW CENTURY INTERNATIONAL LLC","9500 SOUTH DADELAND BLVD  # 801","","","MIAMI","FL","33156","23","WSL2325507","45","20","03/04/2008","10/21/2025","09/30/2025","","",""
"400","4005","MC KNIGHT JANIS L","JDBW","","17810 FORGE DR","","","SPRING HILL","FL","34610","61","STRONG TOWER VINEYARD","17810 FORGE ROAD","","","SPRING HILL","FL","34610","61","WSL6103051","20","20","03/10/2008","05/23/2008","09/30/2026","","",""
"400","4005","MIZKAN AMERICA INC","DD","","445 N DAKOTA AVENUE","","ATTN: OFFICE ADMIN","LAKE ALFRED","FL","33850","63","MIZKAN AMERICA INC","445 N DAKOTA AVENUE","","","LAKE ALFRED","FL","33850","63","WSL6305015","20","20","04/09/2008","12/20/2017","09/30/2026","","",""
"400","4005","MIZKAN AMERICA INC","CMB","","445 N DAKOTA AVENUE","","ATTN: OFFICE ADMIN","LAKE ALFRED","FL","33850","63","MIZKAN AMERICA INC","445 N DAKOTA AVENUE","","","LAKE ALFRED","FL","33850","63","WSL6302362","20","20","06/04/2008","12/20/2017","09/30/2026","","",""
"400","4005","MIZKAN AMERICA INC","AMW","","445 N DAKOTA AVENUE","","ATTN: OFFICE ADMIN","LAKE ALFRED","FL","33850","63","MIZKAN AMERICA INC","445 N DAKOTA AVENUE","","","LAKE ALFRED","FL","33850","63","WSL6300442","20","20","06/04/2008","12/20/2017","09/30/2026","","",""
"400","4005","INDIGENOUS SELECTIONS LLC","IMPR","","2929 E. COMMERCIAL BLVD.","SUITE 700","","FORT LAUDERDALE","FL","33308","16","INDIGENOUS SELECTIONS","2929 E COMMERCIAL BLVD","#700","","FORT LAUDERDALE","FL","33308","16","WSL1616847","20","20","05/05/2008","05/20/2008","09/30/2026","","",""
"400","4005","JJ TAYLOR DISTRIBUTING FLORIDA INC","KLD","","655 N A1A","","","JUPITER","FL","33477-4579","60","JJ TAYLOR DISTRIBUTING FLORIDA","3021 CROSSROADS PARKWAY","","","FORT PIERCE","FL","34945","66","WSL6602304","20","20","08/07/2008","08/07/2008","03/31/2026","","",""
"400","4005","MIMMO WINE DISTRIBUTION LLC","JDBW","","6340 ALFREDO COURT","","","JACKSONVILLE","FL","32244","26","MIMMO WINE DISTRIBUTION LLC","2120 WALNUT STREET","","","JACKSONVILLE","FL","32206","26","WSL2608170","45","20","07/10/2008","10/21/2025","09/30/2025","","",""
"400","4005","DUNEDIN BREWERY INC","CMB","","937 DOUGLAS AVENUE","","","DUNEDIN","FL","34698","62","DUNEDIN BREWERY","937-935 DOUGLAS AVENUE","","","DUNEDIN","FL","34698","62","WSL6208777","20","20","11/10/2008","11/10/2008","09/30/2026","","",""
"400","4005","DRUM CIRCLE DISTILLING LLC","DD","CD","2212 INDUSTRIAL BLVD","","","SARASOTA","FL","34234","68","DRUM CIRCLE DISTILLING","2212 INDUSTRIAL BLVD","","","SARASOTA","FL","34234","68","WSL6803579","20","20","08/27/2008","02/09/2023","09/30/2026","","",""
"400","4005","BOLD CITY BREWERY LLC","CMB","","2670-7 ROSSELLE STREET","","","JACKSONVILLE","FL","32205","26","BOLD CITY BREWERY LLC","2670 ROSSELLE ST #7","","","JACKSONVILLE","FL","32204","26","WSL2608171","20","20","09/08/2008","12/17/2008","09/30/2026","","",""
"400","4005","SWAMP HEAD BREWERY LLC","CMB","","3650 SW 42ND AVENUE","","","GAINESVILLE","FL","32608","11","SWAMP HEAD BREWERY LLC","3650 SW 42ND AVENUE","","","GAINESVILLE","FL","32608","11","WSL1102338","20","20","02/25/2009","08/06/2018","09/30/2026","","",""
"400","4005","PADANIA WINES FL LLC","KLD","","3255 SW 11TH AVE","","","FORT LAUDERDALE","FL","33315","16","PW FL WINE DISTRIBUTOR AND GREYSTONE","3255 SW 11TH AVE","","","FORT LAUDERDALE","FL","33315","16","WSL1616931","20","20","12/18/2008","01/26/2017","03/31/2026","","",""
"400","4005","TITA ITALIAN IMPORT & EXPORT LLC","JDBW","","1408 NW 23RD ST","","","MIAMI","FL","33142-7624","23","TITA ITALIAN IMPORT & EXPORT LLC","1408 -1410 NW 23 STREET","","","MIAMI","FL","33142","23","WSL2325534","20","20","02/24/2009","05/22/2025","03/31/2026","","",""
"400","4005","DUG USA INC","IMPR","","3650 NW 82 AVE","#204","","DORAL","FL","33166","23","DUG USA INC.","3650 NW 82 AVE SUITE 204","","","DORAL","FL","33166","23","WSL2325540","20","20","04/20/2009","06/22/2018","09/30/2026","","",""
"400","4005","PUERTO VIEJO WINES LLC","IMPR","","14 NE FIRST AVENUE","SUITE 305","","MIAMI","FL","33132","23","PUERTO VIEJO WINES LLC","14 NE FIRST AVE, SUITE 1210","","","MIAMI","FL","33132","23","WSL2325542","20","20","04/20/2009","06/22/2018","09/30/2026","","",""
"400","4005","DIRECT INTERNATIONAL WINE & SPIRITS OF FLORIDA LLC","KLD","","11800 NW 100TH RD SUITE 2","","","MEDLEY","FL","33178","23","MEXCOR DISTRIBUTORS OF FLORIDA","11800 NW 100 RD","SUITE #2","","MEDLEY","FL","33178","23","WSL2325922","20","21","05/04/2009","09/08/2025","03/31/2026","","",""
"400","4005","BUNKER HILL VINEYARD & WINERY INC","AMW","","8905 BUNKER HILL RD","","","DUETTE","FL","34219","51","BUNKER HILL VINEYARD & WINERY INC","8905 BUNKER HILL RD","","","DUETTE","FL","34219","51","WSL5102533","20","20","07/20/2009","07/31/2017","09/30/2026","","",""
"400","4005","BLACK SWAN BEVERAGES LLC","MEXP","","2880 LANDYNS CIRCLE","","","FERNANDINA BEACH","FL","32034","55","BLACK SWAN BEVERAGES LLC","2880 LANDYNS CIRCLE","","","FERNANDINA BEACH","FL","32034","55","WSL5500744","45","20","07/22/2009","10/21/2025","09/30/2025","","",""
"400","4005","FLORIDA PRODUCE OF HILLSBOROUGH COUNTY INC","MEXP","","4307 RIVER VIEW RD","","","TAMPA","FL","33607","39","FLORIDA PRODUCE OF HILLSBOROUGH COUNTY INC","3120 E HILLSBOROUGH AVE","","","TAMPA","FL","33610","39","WSL3909217","45","20","07/31/2009","10/21/2025","09/30/2025","","",""
"400","4005","PAMPA BEVERAGES LLC","IMPR","","1110 BRICKELL AVENUE","SUITE 808","","MIAMI","FL","33131","23","PAMPA BEVERAGES LLC","1110 BRICKELL AVENUE","SUITE 808","","MIAMI","FL","33131","23","WSL2325569","20","20","10/13/2009","11/07/2018","09/30/2026","","",""
"400","4005","IBERIA FOODS LLC","JDBW","","21301 NW 47TH AVENUE","SUITE 100","","MIAMI GARDENS","FL","33055","23","IBERIA FOODS CORP","12300 NW 32ND AVENUE","","","MIAMI","FL","33167","23","WSL2325558","20","20","08/06/2009","09/03/2020","03/31/2026","","",""
"400","4005","INNOVATIVE TRADING CONCEPTS INC","MEXP","","7999 NW 81ST PLACE","","","MEDLEY","FL","33166","23","INNOVATIVE TRADING CONCEPTS INC","3347 NW 74 AVE","","","MIAMI","FL","33122","23","WSL2325559","20","20","08/11/2009","05/31/2025","03/31/2026","","",""
"400","4005","CARIBBEAN AIRLINES INC","MEXP","","1895 IXORA ROAD","","","NORTH MIAMI","FL","33181","23","CARIBBEAN EXPORT SUPPLY","6850 NW 36 AVE","","","MD MIAMI","FL","33147","23","WSL2325642","20","20","09/09/2009","05/31/2025","03/31/2026","","",""
"400","4005","ALBERELLO IMPORTS LLC","JDBW","","6949 VENTURE  CIRCLE","","","ORLANDO","FL","32807","58","ALBERELLO WINES","6949 VENTURE CIRCLE","","","ORLANDO","FL","32807","58","WSL5808732","20","20","09/24/2009","10/20/2009","09/30/2026","","",""
"400","4005","HORIZON INTERNATIONAL BUSINESS INC","MEXP","","PO BOX 290775","","","DAVIE","FL","33329","16","HORIZON INTERNATIONAL BUSINESS INC","4860 SW 37TH TERR","","","FORT LAUDERDALE","FL","33312","16","WSL1616747","20","20","12/07/2009","05/31/2025","03/31/2026","","",""
"400","4005","ANTOINE DE BEAUREGARD ENTERPRISES INC","MEXP","","P.O. BOX 7816","","","LAKELAND","FL","33807","63","ANTOINE DE BEAUREGARD ENTERPRISES","5923 WHISPERING PINES ROAD","","","LAKELAND","FL","33811","63","WSL6305017","20","20","10/27/2009","05/31/2025","03/31/2026","","",""
"400","4005","VINTAGE SELECTIONS INCORPORATED","JDBW","","1429 CHAFFEE DRIVE","SUITE 2","","TITUSVILLE","FL","32780","15","VINEYARD SELECTIONS","1429 CHAFFEE DRIVE","SUITE 2","","TITUSVILLE","FL","32780","15","WSL1505408","20","20","12/09/2009","08/01/2017","03/31/2026","","",""
"400","4005","ANGELS SHARES SOUTH LLC","KLD","","1700 35RD STREET","UNIT #109","","ORLANDO","FL","32839","58","ANGELS SHARES SOUTH LLC","1600 33RD STREET","UNIT #109","","ORLANDO","FL","32839","58","WSL5808714","20","20","12/07/2009","09/25/2025","09/30/2026","","",""
"400","4005","PUERTA CUBANA GROUP LTD INC","MEXP","","1200 NORTH FEDERAL HIGHWAY","SUITE 200","","BOCA RATON","FL","33432","60","PUERTA CUBANA GROUP LTD INC","1200 NORTH FEDERAL HIGHWAY","SUITE 200","","BOCA RATON","FL","33432","60","WSL6012907","20","20","12/03/2009","05/31/2025","03/31/2026","","",""
"400","4005","BUSINESS MICROCOSM CORPORATION","KLD","","2423 SE DIXIE HWY","","","STUART","FL","34996","53","BMC FINE SPIRITS","2423 SE DIXIE HWY","","","STUART","FL","34996","53","WSL5302052","20","20","12/24/2009","05/27/2010","03/31/2026","","",""
"400","4005","GILDED GRAPE WINERY INC THE","AMW","","18642 GOODMAN CIRCLE","","","PORT CHARLOTTE","FL","33948","18","GILDED GRAPE WINERY THE","3796 TAMIAMI TRL","#B","","PORT CHARLOTTE","FL","33952","18","WSL1801353","20","20","02/02/2010","01/17/2023","09/30/2026","","",""
"400","4005","BERRY CREEK WINE AND SPIRITS LLC","MEXP","","321 ANDERSON POND ROAD","","","AIKEN","SC","29803","741","J & G WINE GROUP","1888 NW 7TH STREET","","","MIAMI","FL","33125","23","WSL2325587","20","20","04/05/2010","05/31/2025","03/31/2026","","",""
"400","4005","PAWOL TAFYA LLC","MEXP","","7220 NW 47TH PL","","","LAUDERHILL","FL","33319","16","PAWOL TAFYA LLC","1508 BAY ROAD","APT 305","","MIAMI BEACH","FL","33139","23","WSL2325582","20","20","02/08/2010","05/28/2025","03/31/2026","","",""
"400","4005","EUROPEAN BEER IMPORTERS INC","KLD","","2690 LAKE STREET","","","MELROSE PARK","IL","60160","713","EUROPEAN BEER IMPORTERS INC","3273 SW 14TH PLACE","","","BOYNTON BEACH","FL","33426","60","WSL6012910","20","20","02/12/2010","04/03/2018","03/31/2026","","",""
"400","4005","COCOA BEACH BREWING COMPANY","CMB","","150 NORTH ATLANTIC AVENUE","","","COCOA BEACH","FL","32931","15","COCOA BEACH BREWING COMPANY","150 NORTH ATLANTIC AVENUE","","","COCOA BEACH","FL","32931","15","WSL1505409","20","20","03/31/2010","10/29/2021","09/30/2026","","",""
"400","4005","X & C PRICE CONNECT CORP","MEXP","","14170 SW 30TH STREET","","","MIAMI","FL","33175","23","X & C PRICE CONNECT CORP","14170 SW 30TH STREET","","","MIAMI","FL","33175","23","WSL2325600","20","20","08/12/2010","05/31/2025","03/31/2026","","",""
"400","4005","SPW IMPORTERS LLC","IMPR","","3255 SW 11TH AVE","","","FORT LAUDERDALE","FL","33315","16","SPW IMPORTERS LLC","3255 SW 11TH AVE","","","FORT LAUDERDALE","FL","33315","16","WSL1617067","20","20","05/06/2010","06/22/2010","09/30/2026","","",""
"400","4005","ISLAND GROVE WINERY LLC","AMW","","24703 SE 193RD AVE","","","HAWTHORNE","FL","32640","11","ISLAND GROVE WINE COMPANY","24703 SE 193RD AVENUE","","","HAWTHORNE","FL","32640","11","WSL1102339","20","20","05/04/2010","06/23/2010","09/30/2026","","",""
"400","4005","FAIRN & SWANSON INC","MEXP","","400 LANCASTER STREET","","","OAKLAND","CA","94601","","FAIRN & SWANSON INC","701 NW 33RD ST","#150","","POMPANO BEACH","FL","33064","16","WSL1616758","20","20","06/15/2010","05/31/2025","03/31/2026","","",""
"400","4005","WINE SELLER OF FLORIDA LLC THE","JDBW","","4252 WESTROADS DR","SUITE K","","RIVIERA BEACH","FL","33407","60","WINE SELLER OF FLORIDA LLC THE","4252 WESTROADS DR","STE J & K","","RIVIERA BEACH","FL","33407","60","WSL6012914","20","20","05/17/2010","03/09/2017","03/31/2026","","",""
"400","4005","ACF LLC","MEXP","","3717 PICKWICK DRIVE","","","ORLANDO","FL","32817","58","ACF LLC","3717 PICKWICK DRIVE","","","ORLANDO","FL","32817","58","WSL5808720","45","20","05/28/2010","10/21/2025","09/30/2025","","",""
"400","4005","ITALIAN MOONSHINERS INC","IMPR","","8300 NW 53RD STREET SUITE 350 ","","","DORAL","FL","33166","23","ITALIAN MOONSHIERS INC","8300 NW 53RD STREET SUITE 350","","","DORAL","FL","33166","23","WSL2325597","20","20","07/01/2010","06/22/2018","09/30/2026","","",""
"400","4005","I PLANET LLC","KLD","","707 PROGRESS WAY","","","SANFORD","FL","32771","69","EASTERN WINE","707 PROGRESS WAY","","","SANFORD","FL","32771","69","WSL6903105","20","20","05/27/2010","07/22/2010","09/30/2026","","",""
"400","4005","BLUEFIELD ESTATE WINERY LLC","AMW","","22 NE CR 234","","","GAINESVILLE","FL","32641","11","BLUEFIELD ESTATE WINERY","22 NE COUNTY ROAD 234","","","GAINESVILLE","FL","32641","11","WSL1102340","20","20","08/12/2010","11/05/2010","09/30/2026","","",""
"400","4005","VICTOR WINES FLORIDA LLC","KLD","","1416 N DIXIE HWY ","UNIT 1 AND 2A","","HOLLYWOOD","FL","33020","16","VICTOR WINES FLORIDA","1416 N DIXIE HWY","#1 & 2 B","","HOLLYWOOD","FL","33020","16","WSL1616694","20","20","07/30/2010","07/30/2010","03/31/2026","","",""
"400","4005","PARK STREET IMPORTS LLC","IMPR","","1000 BRICKELL AVE","STE 215","","MIAMI","FL","33131","23","PARK STREET IMPORTS LLC","1000 BRICKELL AVENUE","SUITE 215","","MIAMI","FL","33131","23","WSL2325598","20","20","07/12/2010","12/14/2021","09/30/2026","","",""
"400","4005","RGA IMPORTS LLC","IMPR","","151 MICHIGAN AVE STE 524","","","MIAMI BEACH","FL","33139","23","RGA IMPORTS LLC","151 CRANDON BLVD SUITE 1031","","","KEY BISCAYNE","FL","33149","23","WSL2325672","20","20","08/04/2010","11/16/2010","03/31/2026","","",""
"400","4005","VICTOR KOSHER WINES INC","IMPR","","1416 N. DIXIE HIGHWAY","UNIT 2A","","HOLLYWOOD","FL","33020","16","VICTOR KOSHER WINES INC","1416 N DIXIE HWY","#2 A","","HOLLYWOOD","FL","33020","16","WSL1616761","45","20","09/01/2010","10/21/2025","09/30/2025","","",""
"400","4005","OAK HAVEN WINERY LLC","AMW","","32418 AVINGTON ROAD","","","SORRENTO","FL","32776","45","OAK HAVEN WINERY LLC","32418 AVINGTON RD","","","SORRENTO","FL","32776","45","WSL4502156","45","20","09/01/2010","10/21/2025","09/30/2025","","",""
"400","4005","UNITED CELLARS INC","KLD","","12301 NW 112 AVE SUITE 105","","","MEDLEY","FL","33178","23","UNITED CELLARS INC","12301 NW 112 AVE","SUITE 105","","MEDLEY","FL","33178","23","WSL2325603","20","20","09/07/2010","10/04/2022","03/31/2026","","",""
"400","4005","INTERNATIONAL CRUISE DUTY FREE INC","MEXP","","10200 NW 110 AVENUE #8","","","MEDLEY","FL","33178","23","INTERNATIONAL CRUISE DUTY FREE INC","10200 NW 110 AVENUE #8","","","MEDLEY","FL","33178","23","WSL2325609","20","20","10/05/2010","05/31/2025","03/31/2026","","",""
"400","4005","ATLANTIC COAST ENERGY CORPORATION","MEXP","","18851 NE 29TH AVENUE","STE 700","","AVENTURA","FL","33180","23","ATLANTIC COAST ENERGY CORPORATION","18851 NE 29TH AVENUE","STE 700","","AVENTURA","FL","33180","23","WSL2325607","20","20","09/28/2010","05/31/2025","03/31/2026","","",""
"400","4005","MCLANE BEVERAGE DISTRIBUTION INC","KLD","","4747 MCLANE PARKWAY","","","TEMPLE","TX","76504","744","MCLANE BEVERAGE DISTRIBUTION INC","1818 POINCIANA BLVD","","","KISSIMMEE","FL","34758","59","WSL5902240","20","20","10/06/2010","02/03/2011","09/30/2026","","",""
"400","4005","AMETISTA WINE EXPORTS LLC","MEXP","","2748 NE 14 STREET","","","FT LAUDERDALE","FL","33304","16","AMETISTA","2748 NE 14TH ST","","","FORT LAUDERDALE","FL","33304","16","WSL1616765","20","20","10/18/2010","05/31/2025","03/31/2026","","",""
"400","4005","GAMATO ASSOCIATES INC","MEXP","","3900 N OCEAN DRIVE","11-D","","LAUDERDALE-BY-THE-SE","FL","33308","16","GAMATO ASSOCIATES","3900 N OCEAN DR","#11 D","","LAUDERDALE-BY-THE-SE","FL","33308","16","WSL1616767","20","20","10/22/2010","05/31/2025","03/31/2026","","",""
"400","4005","PREMIER BEVERAGE COMPANY LLC","KLD","","9801 PREMIER PARKWAY","","","MIRAMAR","FL","33025","16","PREMIER BEVERAGE CO/AUGUSTAN WINE IMPORTS/BREAKTHRU BEVERAGE FL","502 SUNPORT LANE","SUITE 100","","ORLANDO","FL","32809","58","WSL5808726","20","20","11/04/2010","05/16/2017","09/30/2026","","",""
"400","4005","CHRISTOPHER SCOTT IMPORTS INC","MEXP","","434 ALCAZAR AVE","","","CORAL GABLES","FL","33134","23","CHRISTOPHER SCOTT IMPORTS INC","3675 NW 67 ST","","","MIAMI","FL","33147","23","WSL2325613","20","20","11/16/2010","05/31/2025","03/31/2026","","",""
"400","4005","PANGAEA 1 INC","MEXP","","300 SW S ST STE 1","","","FORT LAUDERDALE","FL","33312","16","PANGAEA 1 INC","2227 N FEDERAL HWY","#203","","HOLLYWOOD","FL","33020","16","WSL1616769","20","20","11/03/2010","05/31/2025","03/31/2026","","",""
"400","4005","PENSACOLA BAY BREWERY LLC","CMB","","225 E. ZARAGOZA STREET","","","PENSACOLA","FL","32502","27","PENSACOLA BAY BREWERY","225 EAST ZARRAGOSSA ST","","","PENSACOLA","FL","32502","27","WSL2703764","20","20","11/15/2010","12/14/2010","09/30/2026","","",""
"400","4005","IBERIA FOODS LLC","JDBW","","21301 NW 47TH AVENUE","SUITE 100","","MIAMI GARDENS","FL","33055","23","IBERIA FOODS CORP","1125 GILLS DRIVE","SUITE 600","","ORLANDO","FL","32824","58","WSL5808727","20","20","11/23/2010","03/06/2025","09/30/2026","","",""
"400","4005","PREMIER BEVERAGE COMPANY LLC","KLD","","9801 PREMIER PARKWAY","","","MIRAMAR","FL","33025","16","PREMIER BEVERAGE CO/AUGUSTAN WINE IMPORTS/BREAKTHRU BEVERAGE FL","13351 SADDLE RD","#209","","FORT MYERS","FL","33901","46","WSL4605160","20","20","01/20/2011","04/26/2011","03/31/2026","","",""
"400","4005","TEQUESTA BREWERY LLC","CMB","","287 S. US HIGHWAY 1","","","TEQUESTA","FL","33469","60","TEQUESTA BREWING COMPANY","287 S. US HIGHWAY 1","","","TEQUESTA","FL","33469","60","WSL6012922","45","20","12/15/2010","10/21/2025","09/30/2025","","",""
"400","4005","INNOVATIVE BREWING LLC","CMB","","1600 E 8TH AVENUE SUITE A 123","","","TAMPA","FL","33605","39","TAMPA BAY BREWING COMPANY","1600 E 8TH AVENUE","SUITE A 123","","TAMPA","FL","33605","39","WSL3909232","20","20","01/27/2011","03/12/2018","09/30/2026","","",""
"400","4005","FLORIDA WINE COMPANY LLC","IMPR","","235 N.E. 6TH AVENUE, UNIT I","","","DELRAY BEACH","FL","33483","60","FLORIDA WINE COMPANY","235 NE 6TH AVENUE, UNIT I","","","DELRAY BEACH","FL","33483","60","WSL6012924","20","20","01/06/2011","01/25/2011","09/30/2026","","",""
"400","4005","BGPL-USA INC","IMPR","","12550 BISCAYNE BLVD","SUITE 900","","MIAMI","FL","33181","23","BGPL-USA INC","12550 BISCAYNE BLVD","SUITE 900","","NORTH MIAMI","FL","33181","23","WSL2325626","20","20","02/17/2011","04/29/2022","09/30/2026","","",""
"400","4005","FLORIDA DISTRIBUTING COMPANY LLC","KLD","","3964 SHADER RD","","","ORLANDO","FL","32808","58","FLORIDA DISTRIBUTING COMPANY","3964 SHADER ROAD","","","ORLANDO","FL","32808","58","WSL5800051","20","20","06/14/2011","08/21/2024","09/30/2026","","",""
"400","4005","LEGRAND ENTERPRISE INC","JDBW","","1921 NE 147 STREET","","","NORTH MIAMI","FL","33181","23","YAYA WINE & MORE","1921-1923 NE 147 STREET","","","NORTH MIAMI","FL","33181","23","WSL2325629","20","20","04/18/2011","05/29/2025","03/31/2026","","",""
"400","4005","SCHNEBLY REDLAND'S WINERY INC.","CMB","","30205  S W 217 AVENUE","","","HOMESTEAD","FL","33030","23","SCHNEBLY REDLAND'S WINERY INC","30205 SW 217 AVENUE","","","MD HOMESTEAD","FL","33030","23","WSL2325646","20","20","09/08/2011","02/05/2021","09/30/2026","","",""
"400","4005","FLORIDA WINE IMPORTERS INC","JDBW","","595 NORTH NOVA ROAD","SUITE 109F","","ORMOND BEACH","FL","32174","74","FLORIDA WINE IMPORTERS INC","1297 NORTH US HWY 1","SUITE 4","","ORMOND BEACH","FL","32174","74","WSL7405788","20","20","05/25/2011","04/22/2016","03/31/2026","","",""
"400","4005","SPRING GLORY CORPORATION","JDBW","","1745 W 8TH AVE","","","HIALEAH","FL","33010","23","CHATEAU ARMAND","1745 W 8TH AVENUE","","","HIALEAH","FL","33010","23","WSL2325634","20","20","06/01/2011","12/08/2017","03/31/2026","","",""
"400","4005","PARK STREET IMPORTS LLC","KLD","","1000 BRICKELL AVENUE","SUITE 215","","MIAMI","FL","33131","23","PARK STREET IMPORTS","10310 NW 121ST WAY, SUITE 600","","","MEDLEY","FL","33178","23","WSL2325635","20","20","06/03/2011","10/25/2018","03/31/2026","","",""
"400","4005","GREEN ROOM BREWING LLC","CMB","","228 3RD ST N","","","JACKSONVILLE BEACH","FL","32250","26","GREEN ROOM BREWING","228 3RD ST N","","","JACKSONVILLE BEACH","FL","32250","26","WSL2608181","20","20","07/20/2011","07/20/2011","09/30/2026","","",""
"400","4005","SIX STARS BEVERAGE COMPANY LLC","JDBW","","5210 THONOTOSASSA ROAD","","","PLANT CITY","FL","33565","39","SIX STARS BEVERAGE COMPANY LLC","5210 THONOTOSASSA ROAD","","","PLANT CITY","FL","33565","39","WSL3909236","20","20","06/20/2011","07/11/2011","09/30/2026","","",""
"400","4005","CJR SALES & DISTRIBUTING CO INC","KLD","","86 LOST LAKE DRIVE","","","SAINT AUGUSTINE","FL","32086","65","CJR SALES & DISTRIBUTING COMPANY","2302 HENDERSON WAY","BUILDING 3","","PLANT CITY","FL","33566","39","WSL3909235","45","20","06/06/2011","10/21/2025","09/30/2025","","",""
"400","4005","E & M DISTRIBUTION LLC","JDBW","","1724 PARK CENTRAL BLVD N","954 -825-3280","561-613-0440","POMPANO BEACH","FL","33064","16","STELLA WINE & SPIRITS","1724 PARK CENTRAL BLVD N","","","POMPANO BEACH","FL","33064","16","WSL1617101","20","20","06/16/2011","07/07/2025","03/31/2026","","",""
"400","4005","EMPORIUM NOSTRUM INC","IMPR","","908 ALGERIA AVE","","","CORAL GABLES","FL","33134","23","EMPORIUM NOSTRUM INC","260 PALERMO AVE #14","","","CORAL GABLES","FL","33134","23","WSL2325637","45","20","07/05/2011","10/21/2025","09/30/2025","","",""
"400","4005","J&J INTERNATIONAL BRAND IMPORTS LLC","IMPR","","15958 SW 8TH STREET","","","PEMBROKE PINES","FL","33027","16","J&J INTERNATIONAL BRAND IMPORTS LLC","15958 SW 8TH ST","","","PEMBROKE PINES","FL","33027","16","WSL1616794","20","20","10/27/2011","04/20/2017","09/30/2026","","",""
"400","4005","FRESHPOINT CENTRAL FLORIDA INC","JDBW","","8801 EXCHANGE DRIVE","","","ORLANDO","FL","32809","58","FRESHPOINT POMPANO BEACH","2300 NW 19TH ST","","","POMPANO BEACH","FL","33069","16","WSL1616786","20","20","08/24/2011","05/22/2025","03/31/2026","","",""
"400","4005","SHAW-ROSS INTERNATIONAL IMPORTERS, LLC","IMPR","","2900 SW 149TH AVENUE","SUITE 200","SUITE 200","MIRAMAR","FL","33027","16","SHAW-ROSS INTERNATIONAL IMPORTERS","2900 SW 149TH AVE","#200","","MIRAMAR","FL","33027","16","WSL1616643","20","20","09/22/2011","09/22/2011","09/30/2026","","",""
"400","4005","BUSINESS EXCHANGE CONSULTING GROUP INC","MEXP","","10211 PINES BLVD, #106","","","PEMBROKE PINES","FL","33026","16","BECG","2614 NW 97TH AVENUE","","","DORAL","FL","33172","23","WSL2325644","20","20","09/02/2011","05/31/2025","03/31/2026","","",""
"400","4005","MCKENZIES BEVERAGES INC","IMPR","","805 THIRD AVENUE","FLOOR 14","","NEW YORK","NY","10022","732","MCKENZIES BEVERAGES INC","1200 S PINE ISLAND RD","","","PLANTATION","FL","33324","16","WSL1616789","20","20","10/06/2011","10/06/2011","09/30/2026","","",""
"400","4005","RD AMERICA LLC","KLD","","17-10 WHITESTONE EXPRESSWAY","","","WHITESTONE","NY","11357","732","RESTAURANT DEPOT","3451 W PRINCETON STREET","","","ORLANDO","FL","32808-5672","58","WSL5808738","20","20","10/07/2011","07/30/2020","09/30/2026","","",""
"400","4005","RD AMERICA LLC","KLD","","17-10 WHITESTONE EXPRESSWAY","","","WHITESTONE","NY","11357","732","RESTAURANT DEPOT","810 NORTH 50TH STREET","","","TAMPA","FL","33619-3202","39","WSL3909239","20","20","10/07/2011","01/23/2012","09/30/2026","","",""
"400","4005","BEEDIES LLC","MEXP","","1549 SHADOW OAKS ROAD","","","KISSIMMEE","FL","34744","59","BEEDIES","1549 SHADOW OAKS ROAD","","","KISSIMMEE","FL","34744","59","WSL5902242","45","20","10/07/2011","10/21/2025","09/30/2025","","",""
"400","4005","JETRO RESTAURANT DEPOT LLC","KLD","","17-10 WHITESTONE EXPRESSWAY","","","WHITESTONE","NY","11357","732","RESTAURANT DEPOT","2041 NW 12TH AVENUE","","","MIAMI","FL","33127","23","WSL2325658","20","20","10/24/2011","01/04/2018","03/31/2026","","",""
"400","4005","JETRO RESTAURANT DEPOT LLC","KLD","","17-10 WHITESTONE EXPRESSWAY","","","WHITESTONE","NY","11357","732","RESTAURANT DEPOT","3500 DAVIE RD","","","DAVIE","FL","33317","16","WSL1616792","20","20","10/24/2011","12/21/2015","03/31/2026","","",""
"400","4005","JETRO RESTAURANT DEPOT LLC","KLD","","17-10 WHITESTONE EXPRESSWAY","","","WHITESTONE","NY","11357","732","RESTAURANT DEPOT","1470 W COPANS RD","","","POMPANO BEACH","FL","33064","16","WSL1616793","20","20","10/24/2011","11/18/2011","03/31/2026","","",""
"400","4005","RARE CHAMPAGNES LLC","JDBW","","5370 NW 35 TERRACE","SUITE 109","","FORT LAUDERDALE","FL","33309","16","TERROIR SELECTIONS","5370 NW 35TH TERR","#100, 106, 109","","FORT LAUDERDALE","FL","33309","16","WSL1616795","20","20","11/08/2011","05/15/2017","03/31/2026","","",""
"400","4005","SPAIN'S BEST BEERS, INC","IMPR","","235 GRANDVILLE AVE SW","","","GRAND RAPIDS","MI","49503","722","SPAIN'S BEST BEERS, INC","8900 NW 77 COURT","","","MIAMI","FL","33166","23","WSL2325663","20","20","11/09/2011","12/08/2011","09/30/2026","","",""
"400","4005","K B INTERNATIONAL TRADING CORP","MEXP","","313 BRYAN RD","","","DANIA BEACH","FL","33004","16","K B INTERNATIONAL TRADING","20423 STATE ROAD 7 #F6-339","","","BOCA RATON","FL","33498","60","WSL1616797","20","20","12/02/2011","05/31/2025","03/31/2026","","",""
"400","4005","WINES TO THE WORLD LLC","MEXP","","5805 BLUE LAGOON DRIVE #200","","","MIAMI","FL","33126","23","WINES TO THE WORLD LLC","1221 BRICKELL AVENUE, SUITE 954","","","MIAMI","FL","33131","23","WSL2325666","20","21","11/28/2011","05/31/2025","03/31/2026","","",""
"400","4005","SEVENTH SUN BREWING COMPANY LLC","CMB","","412 BELTREES ST","","","DUNEDIN","FL","34698","62","SEVENTH SUN BREWING COMPANY LLC","1012 BROADWAY","","","DUNEDIN","FL","34698","62","WSL6210351","20","20","12/01/2011","01/03/2012","09/30/2026","","",""
"400","4005","BLEND CRAFT WINES INC","MEXP","","55 MIRACLE MILE, SUITE 300","","","CORAL GABLES","FL","33134","23","MALTZMAN FAMILY VINEYARDS AND SUMMIT CELLARS","55 MIRACLE MILE SUITE 320","","","CORAL GABLES","FL","33134","23","WSL2325668","20","20","12/08/2011","05/31/2025","03/31/2026","","",""
"400","4005","SUNER & CAMPOS INC","MEXP","","11668 TANAGER DRIVE","","","JACKSONVILLE","FL","32225","26","SUNER & CAMPOS INC","11668 TANAGER DRIVE","","","JACKSONVILLE","FL","32225","26","WSL2608183","45","20","03/05/2012","10/21/2025","09/30/2025","","",""
"400","4005","GENERAL WHOLESALE COMPANY OF FLORIDA INC","JDBW","","615 STONEHILL DRIVE","","","ATLANTA","GA","30336","710","FLORIDA DISTRIBUTING COMPANY","8119 S ORANGE AVENUE","UNIT 100","","ORLANDO","FL","32809","58","WSL5808742","20","20","01/18/2012","06/12/2024","09/30/2026","","",""
"400","4005","SEMINOLE HEIGHTS DISTRIBUTING LLC","JDBW","","4005 W SPRUCE ST","","","TAMPA","FL","33607","39","SEMINOLE HEIGHTS DISTRIBUTING LLC","3848 W COLUMBUS DRIVE","","","TAMPA","FL","33607","39","WSL3909240","20","20","01/13/2012","02/29/2012","09/30/2026","","",""
"400","4005","SHOTPAQ LLC","ERB","","1712 NORTHGATE BLVD","","","SARASOTA","FL","34234","68","REDI-2-DRINQ SHOTPAQ AND REDI-2-DRINQ BEVSHOT","1712 NORTHGATE BLVD","","","SARASOTA","FL","34234","68","WSL6803596","20","20","01/18/2012","03/21/2012","09/30/2026","","",""
"400","4005","SHOTPAQ LLC","AMW","","1712 NORTHGATE BLVD","","","SARASOTA","FL","34234","68","REDI-2-DRINQ SHOTPAQ AND REDI-2-DRINQ BEVSHOT","1712 NORTHGATE BLVD","","","SARASOTA","FL","34234","68","WSL6803595","20","20","01/18/2012","03/21/2012","09/30/2026","","",""
"400","4005","GIFT JOBBER LLC","MEXP","","P O BOX 68","","","BRYN MAWR","PA","19010","99","BJ GIFTS","17888 67TH COURT NORTH","","","LOXAHATCHEE","FL","33470","60","WSL6012939","20","20","02/16/2012","05/31/2025","03/31/2026","","",""
"400","4005","AMCHE IMPORTS LLC","MEXP","","2125 ANDALUSIA BLVD","","","CAPE CORAL","FL","33909","46","GO TUBE USA","914 NE 24TH LN","#8","","CAPE CORAL","FL","33909","46","WSL4605165","20","20","02/21/2012","05/31/2025","03/31/2026","","",""
"400","4005","PRIDE ENTERPRISE INC","MEXP","","4510 NW 34TH DR","","","GAINESVILLE","FL","32605","11","PRIDE ABX","4510 NW 34TH DR","","","GAINESVILLE","FL","32605","11","WSL1102342","45","20","03/02/2012","10/21/2025","09/30/2025","","",""
"400","4005","AMBERLIGHT INTERNATIONAL INC","MEXP","","4149 NW 37TH DRIVE","","","GAINESVILLE","FL","32606","11","AMBERLIGHT INTERNATIONAL INC","4149 NW 37TH DRIVE","","","GAINESVILLE","FL","32607","11","WSL1102343","45","20","03/21/2012","10/21/2025","09/30/2025","","",""
"400","4005","CAPE SPIRITS INC","DD","CD","131 SW 3RD PLACE","","","CAPE CORAL","FL","33991","46","CAPE SPIRITS INC","131 SW 3RD PL","","","CAPE CORAL","FL","33991","46","WSL4605166","20","20","03/27/2012","06/13/2016","09/30/2026","","",""
"400","4005","SUMMER CRUSH VINEYARD & WINERY, LLC","AMW","","437 ROUSE RD","","","FORT PIERCE","FL","34946","66","SUMMER CRUSH VINEYARD & WINERY","4200 JOHNSTON RD","","","FORT PIERCE","FL","34951","66","WSL6602308","45","20","04/26/2012","10/21/2025","09/30/2025","","",""
"400","4005","FISH HAWK SPIRITS LLC","DD","CD","16350 SW 20TH LANE","","","OCALA","FL","34481","52","FISH HAWK SPIRITS LLC","16350 SW 20TH LANE","","","OCALA","FL","34481","52","WSL5202616","20","20","04/02/2012","01/22/2015","09/30/2026","","",""
"400","4005","ROLLINS DISTILLERY INC","DD","CD","5680 GULF BREEZE PKWY D 10","","","GULF BREEZE","FL","32563","67","ROLLINS DISTILLERY INC","5680 GULF BREEZE PKWY D 10","","","GULF BREEZE","FL","32563","67","WSL6701020","20","20","03/29/2012","07/24/2012","09/30/2026","","",""
"400","4005","RAPP BREWING COMPANY LLC","CMB","","8055 134TH ST","","","SEMINOLE","FL","33776","62","RAPP BREWING COMPANY","10930 ENDEAVOUR WAY STE C","","","PINELLAS PARK","FL","33777","62","WSL6210358","20","20","04/10/2012","05/24/2012","09/30/2026","","",""
"400","4005","GLOBALQUESTERS INC","MEXP","","3728 ALCANTARA AVENUE","","","DORAL","FL","33178","23","GLOBALQUESTERS INC","3728 ALCANTARA AVENUE","","","DORAL","FL","33178","23","WSL2325684","20","20","04/18/2012","05/31/2025","03/31/2026","","",""
"400","4005","RD AMERICA LLC","KLD","","17-10 WHITESTONE EXPRESSWAY","","","WHITESTONE","NY","11357","732","RESTAURANT DEPOT","5840 N MILITARY TRAIL","","","RIVIERA BEACH","FL","33407","60","WSL6012942","20","20","04/19/2012","06/01/2012","03/31/2026","","",""
"400","4005","RAINBOW AGRO PRODUCTS USA LLC","MEXP","","7836 WEST IRLO BRONSON HWY","","","KISSIMMEE","FL","34747","59","RAINBOW ARGO PRODUCTS USA LLC","7836 WEST IRLO BRONSON HWY","","","KISSIMMEE","FL","34747","59","WSL5902243","45","20","04/20/2012","10/21/2025","09/30/2025","","",""
"400","4005","CONCEPT BRANDS INC","MEXP","","5401 KIRKMAN ROAD #310","","","ORLANDO","FL","32819","58","CONCEPT BRANDS INC","5401 KIRKMAN ROAD #310","","","ORLANDO","FL","32819","58","WSL5808743","45","20","05/07/2012","10/21/2025","09/30/2025","","",""
"400","4005","CORE MARK DISTRIBUTORS INC","JDBW","","1500 SOLANA BLVD","BLDG 6, STE 6150","","WESTLAKE","TX","76262","744","CORE-MARK","9020 KING PALM DRIVE","","","TAMPA","FL","33619","39","WSL3909242","45","20","05/09/2012","10/21/2025","09/30/2025","","",""
"400","4005","SOUTHERN BREWING & WINEMAKING INC","CMB","","717 W OHIO AVENUE","","","TAMPA","FL","33603","39","SOUTHERN BREWING & WINEMAKING INC","4500 N NEBRASKA AVENUE","","","TAMPA","FL","33603","39","WSL3909244","20","20","05/17/2012","07/09/2012","09/30/2026","","",""
"400","4005","FLAGLER BEACHFRONT WINERY INC","AMW","","29 BEDFORD DRIVE","","","PALM COAST","FL","32137","28","FLAGLER BEACHFRONT WINERY","611 NORTH OCEANSHORE BLVD","","","FLAGLER BEACH","FL","32136","28","WSL2800699","20","20","05/30/2012","07/12/2012","09/30/2026","","",""
"400","4005","ELITE WORLDWIDE IMPORTS INC","KLD","","687 SHEATS ROAD","","","MONTICELLO","FL","32344","43","ELITE WORLDWIDE IMPORTS INC","687 SHEATS ROAD","","","MONTICELLO","FL","32344","43","WSL4300334","20","20","06/01/2012","06/01/2012","09/30/2026","","",""
"400","4005","SOUTHERN GLAZER'S WINE AND SPIRITS, LLC","KLD","","1600 NW 163RD STREET SUITE 300","ATTN: TAMMY LOVE","","MIAMI","FL","33169","23","SGWS; SOUTHERN GLAZER'S OF FL; SOUTHERN WINE & SPIRITS OF AMERIC","2385 ROCKFILL ROAD","","","FORT MYERS","FL","33916","46","WSL4605167","20","20","05/30/2012","07/16/2012","03/31/2026","","",""
"400","4005","ENGINE 15 BREWING CO LLC","CMB","","1500 BEACH BLVD #217","","","JACKSONVILLE BEACH","FL","32250","26","ENGINE 15 BREWING CO","1500 BEACH BLVD #217","","","JACKSONVILLE BEACH","FL","32250","26","WSL2608186","20","20","06/07/2012","01/28/2015","09/30/2026","","",""
"400","4005","RJ CELLARS LLC","KLD","","2250 NW 93 AVE","","","DORAL","FL","33172","23","RJ CELLARS LLC","6748 NW 72 AVE","","","MIAMI","FL","33166","23","WSL2325692","20","20","06/07/2012","05/14/2025","03/31/2026","","",""
"400","4005","LA CRETE FOOD INTERNATIONAL INC","MEXP","","1861 SW 70TH AVENUE","","","HIALEAH","FL","33013","23","LA CRETE FOOD INTERNATIONAL","1085 EAST 21ST STREET","","","HIALEAH","FL","33013","23","WSL2325694","20","20","06/22/2012","05/31/2025","03/31/2026","","",""
"400","4005","QAC LLC","KLD","","3201 NW 72 AVE","","","MIAMI","FL","33122","23","EAGLE BRANDS SALES: EAGLE BRANDS","3201 NW 72 AVE/7000 NW 33RD TER.","","","MIAMI","FL","33122","23","WSL2325492","20","20","08/29/2012","08/29/2012","03/31/2026","","",""
"400","4005","H & F BLUEBERRY FARM INC","AMW","","P O BOX 764","","","DAVENPORT","FL","33836","63","TRUE BLUE WINERY","604 PINK APARTMENT ROAD","","","DAVENPORT","FL","33837","63","WSL6305024","45","20","10/18/2012","10/21/2025","09/30/2025","","",""
"400","4005","ICARUS IMPORTS LLC","KLD","","8346 NW SOUTH RIVER DR SUITE H","","","MEDLEY","FL","33166","23","ICARUS WINES","8346 NW SOUTH RIVER DR SUITE H","","","MEDLEY","FL","33166","23","WSL2325696","20","20","07/06/2012","03/08/2022","09/30/2026","","",""
"400","4005","OJALA WINES INC","IMPR","","2332 GALIANO STREET STE 142","","","CORAL GABLES","FL","33134","23","OJALA WINES","2332 GALIANO STREET STE 142","","","CORAL GABLES","FL","33134","23","WSL2325699","45","20","07/10/2012","10/21/2025","09/30/2025","","",""
"400","4005","PAULDAN BEVERAGES LLC","MEXP","","7000 NW 33 TERRACE STE A","","","MIAMI","FL","33122","23","PAULDAN BEVERAGES LLC","7000 N W 33RD STREET","SUITE A","","MIAMI","FL","33122","23","WSL2325698","20","20","07/10/2012","05/31/2025","03/31/2026","","",""
"400","4005","DFASS GROUP (ORLANDO) LLC (THE)","MEXP","","7199 SOUTH CONWAY ROAD","SUITE 400","","ORLANDO","FL","32812","58","DFASS GROUP (ORLANDO) LLC (THE)","7199 SOUTH CONWAY ROAD","SUITE 400","","ORLANDO","FL","32812","58","WSL5808747","20","20","08/01/2012","10/21/2025","09/30/2026","","",""
"400","4005","CRAFTY CONNOISSEURS LLC","KLD","","2401 NORTH OCEAN BLVD  600","","","FORT LAUDERDALE","FL","33305","16","CRAFTY CONNOISSEURS","4100 N POWERLINE RD SUITE P-4","","","POMPANO BEACH","FL","33073","16","WSL1616815","20","20","10/01/2012","12/06/2019","03/31/2026","","",""
"400","4005","ANHEUSER BUSCH LLC","KLD","","1 BUSCH PL","202-7","","ST. LOUIS","MO","63118","","ANHEUSER BUSCH","111 BUSCH DRIVE","","","JACKSONVILLE","FL","32218","26","WSL2601312","20","20","12/18/2012","06/22/2022","09/30/2026","","",""
"400","4005","SKI IMPORTERS INC","MEXP","","5205  TIDEWATER PRESERVE BLVD.","","","BRADENTON","FL","34208","51","COOL WINES AND SPIRITS","5224 SIESTA COVE DR","","","SARASOTA","FL","34242","68","WSL6803598","20","20","09/05/2012","05/31/2025","03/31/2026","","",""
"400","4005","ANHEUSER BUSCH LLC","CMB","","1 BUSCH PL","202-7","","ST. LOUIS","MO","63118","","ANHEUSER BUSCH","111 BUSCH DRIVE","","","JACKSONVILLE","FL","32218","26","WSL2601164","20","20","12/18/2012","12/30/2016","09/30/2026","","",""
"400","4005","RESERVA WINES LLC","IMPR","","1600 E 8TH AVE","STE A200","","TAMPA","FL","33605","39","SANDALO ORGANIC ESTATES","1600 E 8TH AVE","STE A200","","TAMPA","FL","33605","39","WSL3909226","20","20","11/14/2012","11/14/2012","09/30/2026","","",""
"400","4005","CAVALIER SPIRITS LLC","KLD","","3960 FRONTAGE ROAD SOUTH","SUITE 820","","LAKELAND","FL","33815","63","CAVALIER DISTRIBUTING FLORIDA","3960 FRONTAGE ROAD S","BLDG 800  STE 820","","LAKELAND","FL","33815","63","WSL6305023","20","20","09/26/2012","07/03/2013","03/31/2026","","",""
"400","4005","CRAFT BEER DISTRIBUTORS INC","JDBW","","PO BOX 2322","","","DUNEDIN","FL","34697","62","CRAFT BEER DISTRIBUTORS INC","1367 MARTIN LUTHER KING JR AVE #2C","","","DUNEDIN","FL","34698","62","WSL6210361","20","20","10/04/2012","11/15/2012","09/30/2026","","",""
"400","4005","POLAR TRADING CO INC","MEXP","","202 GANDY RD","SUITE 324","","AUBURNDALE","FL","33823","63","POLAR TRADING CO INC","6303 BLUE LAGOON DRIVE, SUITE 324","","","MIAMI","FL","33126","23","WSL2325709","20","20","10/12/2012","05/31/2025","03/31/2026","","",""
"400","4005","MARKETING GLOBAL BRANDS CORP","IMPR","","1015 PARK CENTRE BLVD","SUITE 1","","MIAMI GARDENS","FL","33169","23","MARKETING GLOBAL BRANDS CORP","16715 PARK CENTRE BLVD","","","MIAMI GARDENS","FL","33169","23","WSL2325725","20","20","11/26/2012","11/07/2018","09/30/2026","","",""
"400","4005","OWEN DOYLE PROVISIONS INC","MEXP","","1065 S W 15TH AVENUE","C 7","","DELRAY BEACH","FL","33444","60","OWEN DOYLE PROVISIONS INC","1065 S W 15TH AVENUE","C 7","","DELRAY BEACH","FL","33444","60","WSL6012948","20","20","10/12/2012","05/08/2025","03/31/2026","","",""
"400","4005","SINGH TERRENCE","MEXP","","1996 BEACON LANDING CIRCLE","","","ORLANDO","FL","32824","58","CCS IMPORTS & EXPORTS","8331 LAKE PARK ESTATES BLVD","","","ORLANDO","FL","32818","58","WSL5808750","45","20","10/25/2012","10/21/2025","09/30/2025","","",""
"400","4005","TOP WINES IMPORT LLC","KLD","","10200 NW 110TH AVE.","SUITE 8","","MIAMI","FL","33178","23","TOP WINES IMPORT LLC","10200 NW 110 AVE","SUITE 8","","MIAMI","FL","33178","23","WSL2325723","20","20","11/15/2012","04/28/2025","03/31/2026","","",""
"400","4005","GLOBAL BEVERAGE GROUP LLC","KLD","","2421 SILVER METEOR DRIVE","","","ORLANDO","FL","32804","58","GLOBAL BEVERAGE GROUP LLC","2421 SILVER METEOR DR","","","ORLANDO","FL","32804","58","WSL5808749","20","20","10/22/2012","01/11/2019","09/30/2026","","",""
"400","4005","MANGO BOTTLING INC","IMPR","","767 CLEARLAKE RD","","","COCOA","FL","32922","15","MANGO BOTTLING INC","767 CLEARLAKE ROAD","","","COCOA","FL","32922","15","WSL1505414","20","20","11/13/2012","12/04/2012","09/30/2026","","",""
"400","4005","BLACK CORAL RUM LLC","DD","CD","4700  NORTH FLAGLER DR APT 206","","","WEST PALM BEACH","FL","33407","60","STEEL TIE SPIRITS CO","1615 CLARE AVE","UNIT A","","WEST PALM BEACH","FL","33401","60","WSL6012949","45","21","12/19/2012","10/21/2025","09/30/2025","","",""
"400","4005","ROPE CORP","MEXP","","4405  EAGLE FALLS PLACE","","","TAMPA","FL","33619","39","FIRST CHOICE MARINE SUPPLY","4405 EAGLE FALLS PLACE","","","TAMPA","FL","33619","39","WSL3909246","20","20","11/07/2012","11/20/2012","09/30/2026","","",""
"400","4005","JC HARVEST TRADING CORP","MEXP","","304 INDIAN TRACE","STE #651","","WESTON","FL","33326","16","JC HARVEST TRADING CORP","304 INDIAN TRACE","#651","","WESTON","FL","33326","16","WSL1616818","20","20","11/14/2012","05/31/2025","03/31/2026","","",""
"400","4005","VINTAGE DISTRIBUTORS LLC","KLD","","505 MOUNTAIN DRIVE","BUILDING B","UNIT O","DESTIN","FL","32541","56","VINTAGE DISTRIBUTORS LLC","505 MOUNTAIN DRIVE","BUILDING B - UNIT O","","DESTIN","FL","32541","56","WSL5602595","20","20","11/21/2012","09/24/2020","09/30/2026","","",""
"400","4005","SAIPHOO AMERICA INC","MEXP","","4200 HILLCREST DRIVE","UNIT 117","","HOLLYWOOD","FL","33021","16","SAIPHOO AMERICA INC","4200 HILLCREST DR","#117","","HOLLYWOOD","FL","33021","16","WSL1616822","20","20","12/12/2012","05/31/2025","03/31/2026","","",""
"400","4005","DIBACCO IMPORTS LLC","KLD","","2900 THOMAS DRIVE","","","PANAMA CITY BEACH","FL","32408","13","DIBACCO IMPORTING & DISTRIBUTING","2900 THOMAS DRIVE","SUITE B","","PANAMA CITY BEACH","FL","32408","13","WSL1303420","20","20","12/31/2012","09/06/2018","09/30/2026","","",""
"400","4005","BATASIOLO USA LLC","IMPR","","6355 NW 36 ST","SUITE 603","","VIRGINIA GARDENS","FL","33166","23","BATASIOLO USA LLC","6355 NW 36TH ST., SUITE 603","","","VIRGINIA GARDENS","FL","33166","23","WSL2325731","20","20","01/09/2013","06/05/2014","09/30/2026","","",""
"400","4005","ENOVATION BRANDS INC","IMPR","","2875 N E 191ST STREET","SUITE 400A","","AVENTURA","FL","33180","23","ENOPOLY ESTATE WINES","2875 N E 191ST STREET","SUITE 400A","","AVENTURA","FL","33180","23","WSL2325730","20","20","01/09/2013","02/21/2024","09/30/2026","","",""
"400","4005","POMPIA INC","KLD","","6700 GIRALDA CIR","","","BOCA RATON","FL","33433","60","POMPIA INC","1914 TIGERTAIL BLVD","#11","","DANIA BEACH","FL","33004","16","WSL1616826","20","20","01/30/2013","05/30/2024","03/31/2026","","",""
"400","4005","PRINCE DISTRIBUTORS LLC","KLD","","63 LEFANTE WAY","C/O DAVIS HERZOG","","BAYONNE","NJ","07002","","PRINCE DISTRIBUTORS LLC","8265 - 8285 N W 70 STREET","","","MIAMI","FL","33166","23","WSL2325739","20","20","03/11/2013","05/16/2025","03/31/2026","","",""
"400","4005","AMICI IMPORTS LLC","JDBW","","107 U.S. HIGHWAY 1","","","NORTH PALM BEACH","FL","33408","60","AMICI IMPORTS","107 US HIGHWAY ONE","SUITE 107","","NORTH PALM BEACH","FL","33408","60","WSL6012952","20","20","02/08/2013","07/07/2025","03/31/2026","","",""
"400","4005","FORT MYERS BREWING COMPANY LLC","CMB","","12811 COMMERCE LAKES DR","STE 27 & 28","","FORT MYERS","FL","33913","46","FORT MYERS BREWING COMPANY","12811 COMMERCE LAKES DR","#27 & 28","","FORT MYERS","FL","33913","46","WSL4605169","20","20","02/12/2013","02/27/2017","09/30/2026","","",""
"400","4005","SOUTHERN BREWING & WINEMAKING INC","AMW","","717 W OHIO AVENUE","","","TAMPA","FL","33603","39","SOUTHERN BREWING & WINEMAKING INC","4500 N NEBRASKA AVENUE","","","TAMPA","FL","33603","39","WSL3909250","20","20","02/21/2013","06/05/2013","09/30/2026","","",""
"400","4005","VL AMERICAN REPUBLICS LLC","DD","CD","7880 W  29WAY # 201","","","HIALEAH","FL","33018","23","VL AMERICAN REPUBLICS","6520 W 20 AVENUE","LOCAL 5-6","","HIALEAH","FL","33016","23","WSL2325735","45","20","02/15/2013","10/21/2025","09/30/2025","","",""
"400","4005","LYTRIUM INTERNATIONAL INC","JDBW","","3553 NW 10 AVENUE","","","OAKLAND PARK","FL","33309","16","LYTRIUM INTERNATIONAL INC","3553 NW 10TH AVE","","","OAKLAND PARK","FL","33309","16","WSL1616829","20","20","02/28/2013","04/12/2013","03/31/2026","","",""
"400","4005","TERRA SANCTA TRADING COMPANY LLC","IMPR","","2909 ST JOHNS AVE #5A","","","JACKSONVILLE","FL","32205","26","TERRA SANCTA TRADING COMPANY LLC","2909 ST JOHNS AVE #5A","","","JACKSONVILLE","FL","32205","26","WSL2608191","20","20","03/14/2013","11/01/2022","09/30/2026","","",""
"400","4005","COPP WINERY INC","CMB","","7855 W. GULF TO LAKE HWY","","","CRYSTAL RIVER","FL","34429","19","COPP WINERY","7855 W GULF TO LAKE HWY","","","CRYSTAL RIVER","FL","34429","19","WSL1901831","45","20","03/11/2013","10/21/2025","09/30/2025","","",""
"400","4005","PROGRESSIVE DISTRIBUTION LLC","KLD","","110 BOMAR CT 152","","","LONGWOOD","FL","32750","69","PROGRESSIVE DISTRIBUTION LLC","110 BOMAR CT","#142-152","","LONGWOOD","FL","32750","69","WSL6903085","20","20","03/25/2013","08/09/2013","09/30/2026","","",""
"400","4005","MASSIMO COFFEE & TEA MACHINE SERVICES LLC","KLD","","1241 TALLEVAST ROAD","","","SARASOTA","FL","34243","51","WINE MAKERS IMPORT","1241 TALLEVAST RD","","","SARASOTA","FL","34243","51","WSL5102539","20","20","03/28/2013","01/14/2022","03/31/2026","","",""
"400","4005","ARHOB LLC","CMB","","931 HUNTLEY AVE.","","","DUNEDIN","FL","34698","62","HOUSE OF BEER","929 BROADWAY, 931 HUNTLEY AVE","","","DUNEDIN","FL","34698","62","WSL6210370","20","20","06/04/2013","07/15/2013","09/30/2026","","",""
"400","4005","CAPUT MUNDI WINE IMPORT INC","IMPR","","6601 LYONS ROAD","SUITE D2-3","","COCONUT CREEK","FL","33071","16","CAPUT MUNDI WINE IMPORT","3595 N DIXIE HIGHWAY","SUITE B","","BOCA RATON","FL","33431","60","WSL6012955","20","20","04/11/2013","01/11/2019","09/30/2026","","",""
"400","4005","NAGEL, BUSH & WEIN LLC","MEXP","","12950 NW 25TH STREET","","","MIAMI","FL","33182","23","NAGEL, BUSH & WEIN LLC","2000 NW 84 AVENUE, STE 219A","","","MIAMI","FL","33122","23","WSL2325749","20","20","05/20/2013","05/31/2025","03/31/2026","","",""
"400","4005","STILBON TRADE CORPORATION","IMPR","","12000 BISCAYNE BLVD., SUITE 504","","","NORTH MIAMI BEACH","FL","33181","23","STILLBON TRADE CORPORATION","12000 BISCAYNE BLVD., SUITE 504","","","NORTH MIAMI BEACH","FL","33181","23","WSL2325746","45","20","05/03/2013","10/21/2025","09/30/2025","","",""
"400","4005","STILBON TRADE CORPORATION","BSA","","12000 BISCAYNE BLVD., SUITE 504","","","NORTH MIAMI BEACH","FL","33181","23","STILBON TRADE CORPORATION","12000 BISCAYNE BLVD., SUITE 504","","","NORTH MIAMI BEACH","FL","33181","23","WSL2325745","45","20","05/03/2013","10/21/2025","09/30/2025","","",""
"400","4005","AARDWOLF BREWING COMPANY LLC","CMB","","1461 HENDRICKS AVE","","","JACKSONVILLE","FL","32207","26","AARDWOLF BREWING CO LLC","1461 HENDRICKS AVENUE","","","JACKSONVILLE","FL","32207","26","WSL2608192","20","20","05/01/2013","01/28/2015","09/30/2026","","",""
"400","4005","JETSET FOODS INC","MEXP","","2150 NW 70TH AVENUE","","","MIAMI","FL","33122","23","JETSET FOODS","2150 N W 70 AVENUE","","","MIAMI","FL","33122","23","WSL2325747","20","20","05/07/2013","06/05/2018","03/31/2026","","",""
"400","4005","A&M GLOBAL SERVICES INTERNATIONAL INC","MEXP","","12595 SW 137TH AVENUE","SUITE 104","","MIAMI","FL","33186","23","A&M GLOBAL SERVICES INTERNATIONAL INC","12595 SW 137TH AVENUE","SUITE 104","","MIAMI","FL","33186","23","WSL2325754","20","20","06/06/2013","05/31/2025","03/31/2026","","",""
"400","4005","SOUTHERN GLAZER'S WINE AND SPIRITS, LLC","KLD","","1600  NW 163 STREET","ATTN TAMMY LOVE","","MIAMI","FL","33169","23","SGWS; SOUTHERN GLAZER'S OF FL; SOUTHERN WINE & SPIRITS OF AMERIC","40 NICK WILSON WAY","","","FREEPORT","FL","32439","76","WSL7601039","20","20","05/13/2013","08/21/2013","09/30/2026","","",""
"400","4005","FOUNDRY SOUTH LLC","CMB","","511 W FAIRBANKS AVE","","","WINTER PARK","FL","32789","58","RAVENOUS PIG BREWING CO","565 WEST FAIRBANKS AVE","SUITE B","","WINTER PARK","FL","32789","58","WSL5808757","20","20","05/23/2013","05/29/2021","09/30/2026","","",""
"400","4005","FUNKY BUDDHA BREWERY LLC","CMB","","1201 NE 38TH STREET","","","OAKLAND PARK","FL","33334","16","FUNKY BUDDHA BREWERY","1201 NE 38TH ST","","","OAKLAND PARK","FL","33334","16","WSL1616836","20","20","05/29/2013","07/26/2016","09/30/2026","","",""
"400","4005","ISLAND GROVE WINERY LLC","JDBW","","24703 SE 193RD AVE","","","HAWTHORNE","FL","32640","11","ISLAND GROVE WINE COMPANY","24703 SE 193RD AVE","","","HAWTHORNE","FL","32640","11","WSL1102345","20","20","12/05/2013","12/05/2013","09/30/2026","","",""
"400","4005","BLUE DAISY USA INC (THE)","KLD","","6601 LYONS ROAD","SUITE D 2-3","","COCONUT CREEK","FL","33073","16","IMPERO WINE DISTRIBUTORS USA","6601 LYONS RD","#D 2 & 3","","COCONUT CREEK","FL","33073","16","WSL1616837","20","20","06/11/2013","03/29/2023","03/31/2026","","",""
"400","4005","JMD EXIMP CORP","MEXP","","3801 N UNIVERSITY DRIVE","SUITE 320","","SUNRISE","FL","33351","16","JMD EXIMP CORP","3801 N UNIVERSITY DR","#320","","SUNRISE","FL","33351","16","WSL1616839","20","20","06/27/2013","05/31/2025","03/31/2026","","",""
"400","4005","ARCO GLOBUS TRADING LLC","KLD","","1998 OVERSEAS HWY 44A","","","MARATHON","FL","33050-2140","54","ARCO GLOBUS INTERNATIONAL","6111 LAKE WINONA RD","","","DE LEON SPRINGS","FL","32130","74","WSL7405803","20","20","06/14/2013","11/09/2017","03/31/2026","","",""
"400","4005","FORZA WINE IMPORTS LLC","IMPR","","11100 BOGGY CREEK RD","UNIT 109","","ORLANDO","FL","32824","58","FORZA WINE IMPORTS","11100 BOGGY CREEK RD","UNIT 109 A","","ORLANDO","FL","32824","58","WSL5808758","20","20","06/24/2013","08/13/2013","09/30/2026","","",""
"400","4005","J & C CAPITAL LLC","MEXP","","12472 LK UNDERHILL RD","","","ORLANDO","FL","32828","58","J & C CAPITAL LLC","1948 STONECREST CT","","","ORLANDO","FL","32825","58","WSL5808759","45","20","06/28/2013","10/21/2025","09/30/2025","","",""
"400","4005","WINTER PARK DISTILLING COMPANY LLC","DD","CD","PO BOX 2878","","","WINTER PARK","FL","32790","58","WINTER PARK DISTILLING COMPANY LLC","1288 NORTH ORANGE AVE","SUITE 2B","","WINTER PARK","FL","32789","58","WSL5808760","20","20","07/03/2013","11/01/2021","09/30/2026","","",""
"400","4005","3 DAUGHTERS BREWING LLC","CMB","","222 22ND ST S","","","ST. PETERSBURG","FL","33712","62","3 DAUGHTERS BREWING LLC","222 22ND ST S (BLDG #1)","","","ST. PETERSBURG","FL","33712","62","WSL6210375","20","20","11/12/2013","01/25/2014","09/30/2026","","",""
"400","4005","ITALY WINES & FOOD DISTRIBUTOR INC","JDBW","","3038 NW 82ND AVENUE","","","DORAL","FL","33122","23","ITALY WINES & FOOD DISTRIBUTOR INC","3038 NW 82ND AVENUE","","","DORAL","FL","33122","23","WSL2325761","20","20","07/12/2013","06/14/2018","03/31/2026","","",""
"400","4005","PROPS CRAFT BREWERY LLC","CMB","","125 LOVEJOY RD","","","FORT WALTON BEACH","FL","32548","56","PROPS BREWERY THE WINDMILLS","1799 GREAT HAMMOCK BEND","","","FREEPORT","FL","32439","76","WSL7600500","20","20","08/13/2013","11/14/2013","09/30/2026","","",""
"400","4005","EL CATADOR CORP","JDBW","","8325 NW 56TH STREET","","","DORAL","FL","33166","23","GLOBAL SELECT WINES","8325 NW 56TH STREET","UNIT 10","","DORAL","FL","33166","23","WSL2325768","20","20","08/13/2013","04/24/2024","03/31/2026","","",""
"400","4005","HOWLAND PACIFIC LLC","MEXP","","3410 CORAL WAY, SUITE 303","","","MIAMI","FL","33145","23","HOWLAND PACIFIC LLC","3410 CORAL WAY, APT. 303","","","MIAMI","FL","33145","23","WSL2325765","20","20","08/01/2013","05/31/2025","03/31/2026","","",""
"400","4005","ORMOND HOP HOUSE LLC","CMB","","301 DIVISION AVE #15","","","ORMOND BEACH","FL","32174","74","ORMOND BREWING COMPANY","301 DIVISION AVE","UNIT 15","","ORMOND BEACH","FL","32174","74","WSL7405792","20","20","09/04/2013","12/10/2013","09/30/2026","","",""
"400","4005","WINE COUNTRY INTERNATIONAL INC","IMPR","","125 WOODBURY RD.","","","HICKSVILLE","NY","11801","732","WINE TWIST","1620 W OAKLAND PARK BLVD","#404","","OAKLAND PARK","FL","33311","16","WSL1616842","20","20","08/13/2013","10/23/2013","09/30/2026","","",""
"400","4005","GREEN BENCH BREWING CO LLC","CMB","","1133 BAUM AVE NORTH","","","ST. PETERSBURG","FL","33705","62","GREEN BENCH BREWING CO LLC","1133 BAUM AVE NORTH","","","ST. PETERSBURG","FL","33705","62","WSL6210373","20","20","08/15/2013","09/11/2020","09/30/2026","","",""
"400","4005","BUGNUTTY BREWING COMPANY LLC","CMB","","225 KING ST","UNIT B","","COCOA","FL","32922","15","BUGNUTTY BREWING COMPANY LLC","225 KING ST","UNIT B","","COCOA","FL","32922","15","WSL1505416","20","20","08/22/2013","12/04/2013","09/30/2026","","",""
"400","4005","INTRACOASTAL BREWING COMPANY LLC","CMB","","PO BOX 360599","","","MELBOURNE","FL","32936","15","INTRACOASTAL BREWING COMPANY LLC","652 / 642 WEST EAU GALLIE BLVD","","","MELBOURNE","FL","32935","15","WSL1505417","20","20","08/26/2013","08/07/2014","09/30/2026","","",""
"400","4005","BROWN DOG EXPORTS LLC","MEXP","","310 E ANDERSON ST","","","ORLANDO","FL","32801","58","BROWN DOG EXPORTS LLC","1125 DELANEY AVENUE","","","ORLANDO","FL","32806","58","WSL5808763","45","20","09/06/2013","10/21/2025","09/30/2025","","",""
"400","4005","TRADITIONAL WINE INNOVATIONS LLC","IMPR","","132 W INTERNATIONAL SPEEDWAY BLVD","STE 101","","DAYTONA BEACH","FL","32114","74","TRADITIONAL WINE INNOVATIONS","132 W INTERNATIONAL SPEEDWAY BLVD","STE 101","","DAYTONA BEACH","FL","32114","74","WSL7405824","20","20","09/06/2013","12/21/2017","09/30/2026","","",""
"400","4005","IMPERO WINE DISTRIBUTORS BROWARD INC","JDBW","","2244 NW 29 STREET","","","OAKLAND PARK","FL","33311","16","ANCHOR WINES","2244 NW 29TH ST","","","OAKLAND PARK","FL","33311","16","WSL1616844","20","20","09/17/2013","03/22/2016","03/31/2026","","",""
"400","4005","AHWAK LLC","IMPR","","POBOX 252","","","MOUNT LAUREL","NJ","08054","730","AHWAK LLC","501 E KENNEDY BLVD","","","TAMPA","FL","33602","39","WSL3909260","45","20","09/16/2013","10/21/2025","09/30/2025","","",""
"400","4005","WORLD OF WINE GUIDE LLC","JDBW","","900 SE 11TH AVENUE","","","DEERFIELD BEACH","FL","33441","16","WORLD OF WINE GUIDE LLC","747 NE 3RD AVE","#2011","","FORT LAUDERDALE","FL","33304","16","WSL1616845","20","20","09/26/2013","10/25/2016","03/31/2026","","",""
"400","4005","VINAMERICAS INC","IMPR","","8101 BISCAYNE BLVD","SUITE 304","","MIAMI","FL","33138-4669","23","INDEPENDENCE IMPORTS","8101 BISCAYNE BLVD","SUITE 304","","MIAMI","FL","33138-4669","23","WSL2325372","20","20","10/31/2013","05/21/2018","09/30/2026","","",""
"400","4005","PURCHASE ORDER OF MIAMI INC","MEXP","","3724 NW 72 STREET","","","MIAMI","FL","33147","23","PURCHASE ORDER OF MIAMI INC","3724 NW 72 STREET","","","MIAMI","FL","33147","23","WSL2325781","20","20","10/21/2013","05/11/2025","03/31/2026","","",""
"400","4005","CHEF DISTILLED LLC","DD","CD","1202 MARGARET STREET","","","KEY WEST","FL","33040","54","CHEF DISTILLED LLC","105 SIMONTON STREET","","","KEY WEST","FL","33040","54","WSL5402715","45","20","10/16/2013","10/21/2025","09/30/2025","","",""
"400","4005","NJOY SPIRITS LLC","DD","CD","7237 WILD BUCK ROAD","","","WEEKI WACHEE","FL","34613","37","NJOY SPIRITS LLC","7237 WILDBUCK ROAD","","","WEEKI WACHEE","FL","34613","37","WSL3701223","20","20","12/12/2013","12/12/2013","09/30/2026","","",""
"400","4005","COPIA & PRANDIN LLC","IMPR","","900 CANADA ST","","","PALM BAY","FL","32905","15","COPIA & PRANDIN LLC","900 CANADA ST","","","PALM BAY","FL","32905","15","WSL1505418","20","20","11/14/2013","11/19/2021","09/30/2026","","",""
"400","4005","VINE IMPORTERS LLC","KLD","","2836  COUNTY ROAD 523","SUITE F01","","WILDWOOD","FL","34785","70","VINE IMPORTERS LLC","2836 COUNTY ROAD 523","SUITE F01","","WILDWOOD","FL","34785","70","WSL7000661","20","20","12/19/2013","01/05/2017","09/30/2026","","",""
"400","4005","SYLTBAR USA LLC","KLD","","2071  SW 70TH AVENUE UNIT G 10 ","","","DAVIE ","FL","33317","16","SYLTBAR","2071 SW 70TH AVE","#G 12","","DAVIE","FL","33317","16","WSL1616804","20","20","12/17/2013","06/26/2025","03/31/2026","","",""
"400","4005","J&L INTERNATIONAL IMPORTS, INC","MEXP","","403 GREENWOOD WAY","OFFICE 104","","NICEVILLE","FL","32578-4232","56","J&L INTERNATIONAL IMPORTS","4300 LEGENDARY DRIVE","BLG C, SUITE #218","","DESTIN","FL","32541","56","WSL5602607","45","20","11/25/2013","10/21/2025","09/30/2025","","",""
"400","4005","GRAYTON BEER COMPANY LLC","CMB","","217 SERENOA ROAD","","","SANTA ROSA BEACH","FL","32459","76","GRAYTON BEER COMPANY LLC","217 SERENOA ROAD","","","SANTA ROSA BEACH","FL","32459","76","WSL7601041","45","20","01/16/2014","10/21/2025","09/30/2025","","",""
"400","4005","SALTWATER BREWING CO LLC","CMB","","1701 W ATLANTIC AVE","","","DELRAY BEACH","FL","33444","60","SALTWATER BREWERY","25 NW 18TH AVENUE","","","DELRAY BEACH","FL","33444","60","WSL6012964","45","20","11/27/2013","10/21/2025","09/30/2025","","",""
"400","4005","MONSIEUR TOUTON SELECTIONS (FL) INC","KLD","","129 WEST 27TH STREET","9TH FLOOR","","NEW YORK","NY","10001","732","MONSIEUR TOUTON SELECTION (FL) INC/ ORIGIN USA","2805 NW 75TH AVENUE","","","MIAMI","FL","33122","23","WSL2326072","20","20","11/26/2013","07/28/2015","03/31/2026","","",""
"400","4005","EBA PRODUCTS LLC","IMPR","","426 NE 28TH TERRACE","","","BOCA RATON","FL","33431","60","EBA PRODUCTS LLC","426 NE 28TH TERRACE","","","BOCA RATON","FL","33431","60","WSL6012966","20","20","12/16/2013","06/28/2022","09/30/2026","","",""
"400","4005","POINT YBEL BREWING COMPANY LLC","CMB","","16120 SAN CARLOS BLVD #4","","","FORT MYERS","FL","33908","46","POINT YBEL BREWING COMPANY","16120 SAN CARLOS BLVD","#4","","FORT MYERS","FL","33908","46","WSL4605171","45","20","12/12/2013","10/21/2025","09/30/2025","","",""
"400","4005","MOTORWORKS BREWING LLC","CMB","","1014 9TH STREET WEST","","","BRADENTON","FL","34205","51","MOTORWORKS BREWING","1014 9TH ST W","","","BRADENTON","FL","34205","51","WSL5102541","20","20","01/21/2014","03/29/2014","09/30/2026","","",""
"400","4005","PRIVATE CASK IMPORTS INC","KLD","","400 ROYAL PALM WAY","SUITE 400","","PALM BEACH","FL","33480","60","PRIVATE CASK IMPORTS INC","1820 W 10TH STREET","UNIT 4","","RIVIERA BEACH","FL","33404","60","WSL6012965","20","20","12/16/2013","11/20/2018","09/30/2026","","",""
"400","4005","CUMARE GENIS E","MEXP","","101 N MISSOURI AVE","","","CLEARWATER","FL","33755","62","GENIS EXPORT","2527 SIESTA CT APT4","","","TAMPA","FL","33614","39","WSL3909264","45","20","12/19/2013","10/21/2025","09/30/2025","","",""
"400","4005","NEW SMYRNA BEACH BREWING COMPANY LLC","CMB","","143  CANAL STREET","","","NEW SMYRNA BEACH","FL","32168","74","NEW SMYRNA BEACH BREWING COMPANY LLC","143 CANAL STREET","","","NEW SMYRNA BEACH","FL","32168","74","WSL7405794","20","20","01/08/2014","02/12/2014","09/30/2026","","",""
"400","4005","NEW WORLD DISTRIBUTORS INC","KLD","","1600 SOUTH POWERLINE ROAD","","","DEERFIELD BEACH","FL","33442","16","NEW WORLD DISTRIBUTORS INC","1600 S POWERLINE RD","","","DEERFIELD BEACH","FL","33442","16","WSL1616851","20","20","01/09/2014","03/01/2016","03/31/2026","","",""
"400","4005","ST PETE BREWING COMPANY LLC","CMB","","544 1ST AVE NORTH","","","ST. PETERSBURG","FL","33701","62","ST PETE BREWING COMPANY LLC","544 1ST AVE NORTH","","","ST. PETERSBURG","FL","33701","62","WSL6210377","20","20","01/08/2014","03/04/2014","09/30/2026","","",""
"400","4005","WORLD DUTY FREE US INC","MEXP","","1 MEADOWLAND PLAZA","STE#902","","EAST RUTHERFORD","NJ","07073","730","ALPHA RETAIL","1250 RED CLEVELAND BLVD","","","SANFORD","FL","32773","69","WSL6903087","45","20","02/12/2014","10/21/2025","09/30/2025","","",""
"400","4005","ST PETERSBURG DISTILLERY COMPANY LLC","DD","CD","800 31ST STREET SOUTH","","","ST. PETERSBURG","FL","33712-1923","62","ST PETERSBURG DISTILLERY COMPANY LLC","800 31ST STREET SOUTH","","","ST. PETERSBURG","FL","33712","62","WSL6210379","20","20","01/23/2014","02/27/2025","09/30/2026","","",""
"400","4005","BLUEFIELD ESTATE WINERY LLC","JDBW","","22 NE CR 234","","","GAINESVILLE","FL","32641","11","BLUEFIELD ESTATE WINERY","22 NE COUNTY ROAD #234","","","GAINESVILLE","FL","32641","11","WSL1102348","20","20","04/18/2014","03/01/2024","09/30/2026","","",""
"400","4005","WORLD BRANDS INTERNATIONAL LLC","MEXP","","8725 NW 18TH TERRACE","SUITE 106","","DORAL","FL","33172","23","WORLD BRANDS INTERNATIONAL","8725 NW 18TH TERRACE","SUITE 106","","DORAL","FL","33172","23","WSL2325796","20","20","02/03/2014","05/31/2025","03/31/2026","","",""
"400","4005","GERIZIM LLC","IMPR","","7700 SW 175  7700 SW 175 ST","PALMETTO BAY","MIAMI","MIAMI","FL","33157","23","GERIZIM LLC","14395 SW 102 CT","S-102","","MIAMI","FL","33182","23","WSL2325797","20","20","02/03/2014","02/02/2024","09/30/2026","","",""
"400","4005","MAHAIRAS BEVERAGE LLC","BSA","","2025 MAGNOLIA DR","","","CLEARWATER","FL","33764","62","MAHAIRAS BEVERAGE","2025 MAGNOLIA DR","","","CLEARWATER","FL","33764","62","WSL6210381","20","20","02/19/2014","03/17/2014","09/30/2026","","",""
"400","4005","MAIA INTERNATIONAL TRADING INC","MEXP","","6905 NW 82ND AVENUE","","","MD MIAMI","FL","33166","23","MAIA INTERNATIONAL TRADING","6905 NW 82ND AVENUE","","","MD MIAMI","FL","33166","23","WSL2325798","20","20","02/17/2014","05/31/2025","03/31/2026","","",""
"400","4005","BREW HUB LLC","CMB","","17209 CHESTERFIELD AIRPORT ROAD","","","ST LOUIS","MO","63005","725","BREW HUB","3900 SOUTH FRONTAGE ROAD","BUILDING 700","","LAKELAND","FL","33815","63","WSL6305029","20","20","02/17/2014","10/28/2015","09/30/2026","","",""
"400","4005","COPPERTAIL BREWING CO LLC","CMB","","2601 E 2ND AVE","","","TAMPA","FL","33605","39","COPPERTAIL BREWING CO LLC","2601 E 2ND AVE","","","TAMPA","FL","33605","39","WSL3909269","20","20","02/20/2014","10/22/2015","09/30/2026","","",""
"400","4005","VL AMERICAN REPUBLICS LLC","MEXP","","8090 W 28 COURT, #108","","","HIALEAH GARDENS","FL","33018","23","VL AMERICAN REPUBLICS LLC","6520 W 20 AVENUE, #5-6","","","HIALEAH","FL","33016","23","WSL2325800","20","20","02/21/2014","05/31/2025","03/31/2026","","",""
"400","4005","PROST BEVERAGE COMPANY LLC","IMPR","","5300 GLADES CUT OFF RD","EXECUTIVE SUITE","","FORT PIERCE","FL","34981","66","PROST BEVERAGE COMPANY LLC","5300 GLADES CUT OFF RD","EXECUTIVE SUITE","","FORT PIERCE","FL","34981","66","WSL6602311","20","20","04/18/2014","04/18/2014","09/30/2026","","",""
"400","4005","MANGO FINE WINE EXPORT COMPANY LLC","MEXP","","22054 FLANDERS COURT","","","BOCA RATON","FL","33428","60","YANKEE WINE COMPANY","22054 FLANDERS COURT","","","BOCA RATON","FL","33428","60","WSL6012970","20","20","04/14/2014","05/31/2025","03/31/2026","","",""
"400","4005","FABBROMARIOMARESCA INC","KLD","","3462 SW DEGGELLER COURT","","","PALM CITY","FL","34990","53","VINAIOCAPRESE","3462 SW DEGGELLER CT","","","PALM CITY","FL","34990","53","WSL5302056","20","20","05/09/2014","05/30/2014","03/31/2026","","",""
"400","4005","FIRST MAGNITUDE BREWING CO LLC","CMB","","1220  SE VEITCH STREET","","","GAINESVILLE","FL","32601","11","FIRST MAGNITUDE BREWING CO","1220 SE VEITCH STREET","","","GAINESVILLE","FL","32601","11","WSL1102349","20","20","06/16/2014","06/16/2014","09/30/2026","","",""
"400","4005","SUNCOAST GIFTS INC","CMB","","12945 VILLAGE BLVD","","","MADEIRA BEACH","FL","33708","62","MAD BEACH CRAFT BREWING COMPANY","12945 VILLAGE BLVD","","","MADEIRA BEACH","FL","33708","62","WSL6210382","20","20","07/01/2014","07/01/2014","09/30/2026","","",""
"400","4005","TIMBER CREEK DISTILLING LLC","DD","CD","146 COUNTRY CLUB DRIVE WEST","","","DESTIN","FL","32541","56","TIMBER CREEK DISTILLING LLC","6451 LAKE ELLA ROAD","","","CRESTVIEW","FL","32539","56","WSL5602609","20","20","07/14/2014","11/02/2015","09/30/2026","","",""
"400","4005","VETERANS UNITED CRAFT BREWERY LLC","CMB","","2220 COUNTY ROAD 210 WEST","SUITE 108, PMB 131","","ST JOHNS","FL","32259","65","VETERANS UNITED CRAFT BREWERY","8999 WESTERN WAY #104","","","JACKSONVILLE","FL","32256","26","WSL2608194","20","20","06/03/2014","07/08/2014","09/30/2026","","",""
"400","4005","GOURMET FOOD & WINE INTERNATIONAL LLC","KLD","","508   95TH AVENUE NORTH","","","NAPLES","FL","34108","21","PG FINE WINES","4705 SW 51ST ST","#4705 & 4755","BAY 5 & 6","DAVIE","FL","33314","16","WSL1616862","20","20","06/05/2014","10/20/2025","03/31/2026","","",""
"400","4005","COTHERMAN DISTILLING COMPANY LLC","DD","CD","933 HUNTLEY AVE","","","DUNEDIN","FL","34698","62","COTHERMAN DISTILLING COMPANY LLC","933 HUNTLEY AVE","","","DUNEDIN","FL","34698","62","WSL6210384","20","20","07/08/2014","07/08/2014","09/30/2026","","",""
"400","4005","NSH ENTERPRISES LLC","MEXP","","21205 NE 37TH AVE UNIT 1502","","","AVENTURA","FL","33180","23","NSH ENTERPRISES LLC","21205 NE 37TH AVE UNIT 1502","","","AVENTURA","FL","33180","23","WSL2325823","20","20","07/10/2014","05/31/2025","03/31/2026","","",""
"400","4005","BOUTINOT USA INC","KLD","","1450 KASTNER PLACE","SUITE 100","","SANFORD","FL","32771","69","BOUTINOT USA INC","1450 KASTNER PLACE","SUITE 100","","SANFORD","FL","32771","69","WSL6903091","20","20","07/01/2014","11/18/2024","09/30/2026","","",""
"400","4005","CHILEAN TRADE INC","MEXP","","16900 NORTH BAY ROAD","SUITE 906","","SUNNY ISLES","FL","33160","23","CHILEAN TRADE INC","16900 NORTH BAY ROAD","SUITE 906","","SUNNY ISLES","FL","33160","23","WSL2325819","20","20","06/23/2014","05/31/2025","03/31/2026","","",""
"400","4005","JACOB FLEISHMAN SALES INC","MEXP","","1177 NW 81ST ST","","","MIAMI","FL","33150","23","JACOB FLEISHMAN SALES INC","1177 NW 81ST ST","","","MIAMI","FL","33150","23","WSL2325822","20","20","06/30/2014","05/31/2025","03/31/2026","","",""
"400","4005","LAUDERALE LLC","CMB","","3305 SE 14TH AVE","","","FORT LAUDERDALE","FL","33316","16","LAUDERALE","3305 SE 14TH AVE","#4","","FORT LAUDERDALE","FL","33316","16","WSL1616863","20","20","07/02/2014","07/31/2017","09/30/2026","","",""
"400","4005","SANTA MARGHERITA USA INC","IMPR","","1900  SUNSET HARBOR DR","ANNEX 3","","MIAMI BEACH","FL","33139","23","HERITA USA","1900 SUNSET HARBOR DR, ANNEX 3","SUITE 604","","MIAMI BEACH","FL","33139","23","WSL2325828","20","20","07/17/2014","07/17/2014","09/30/2026","","",""
"400","4005","WEBPLUS24 INC","MEXP","","260 CRANDON BLVD","SUITE 32, #440","","KEY BISCAYNE","FL","33149","23","WEBPLUS 24 INC","260 CRANDON BLVD","SUITE 32, #440","","KEY BISCAYNE","FL","33149","23","WSL2325827","20","20","07/16/2014","05/31/2025","03/31/2026","","",""
"400","4005","MIA BREWING CO INC","CMB","","10400 NW 33RD ST","#150","","MIAMI","FL","33172","23","M.I.A. BEER COMPANY","10400 NW 33RD ST","#150","","MIAMI","FL","33172","23","WSL2325825","45","20","07/15/2014","10/21/2025","09/30/2025","","",""
"400","4005","STARBOARD CRUISE SERVICES INC","MEXP","","9290 NW 112 AVENUE","","","MIAMI","FL","33178","23","STARBOARD CRUISE SERVICES INC","9290 NW 112 AVENUE","","","MIAMI","FL","33178","23","WSL2325834","20","20","08/12/2014","05/31/2025","03/31/2026","","",""
"400","4005","IMPERO WINE DISTRIBUTORS MIAMI INC","KLD","","10950 NW 138 STREET","UNIT 4","","HIALEAH GARDENS","FL","33018","23","IMPERO WINE DISTRIBUTORS MIAMI INC","10950 NW 138 STREET","UNIT 4","","HIALEAH GARDENS","FL","33018","23","WSL2325832","20","20","08/05/2014","02/08/2024","03/31/2026","","",""
"400","4005","TROPICAL DELIGHT DAIQUIRIS INC","JDBW","","14291 SW 120TH ST SUITE 107","","","MIAMI","FL","33186","23","TROPICAL DELIGHT DAIQUIRIS INC","14291 SW 120 STREET SUITE 107","","","MD MIAMI","FL","33186","23","WSL2325831","20","20","07/30/2014","06/13/2023","03/31/2026","","",""
"400","4005","WINE STREAM INC","AMW","","2301 N ALBANY AVE","","","TAMPA","FL","33607","39","WINE STREAM INC","2301 N ALBANY AVE","","","TAMPA","FL","33607","39","WSL3909274","20","20","08/12/2014","10/24/2025","09/30/2026","","",""
"400","4005","WOPS HOPS BREWING LLC","CMB","","419 S SANFORD AVENUE","","","SANFORD","FL","32771","69","WOPS HOPS BREWING COMPANY","419 S SANFORD AVE","","","SANFORD","FL","32771","69","WSL6903093","20","20","09/17/2014","10/22/2014","09/30/2026","","",""
"400","4005","HOURGLASS BREWERY LLC","CMB","","480 S RONALD REAGAN BLVD","STE 1020","","LONGWOOD","FL","32750","69","HOURGLASS BREWING / SOURGLASS BREWING","480 S RONALD REAGAN BLVD","SUITE 1012-1024","","LONGWOOD","FL","32750","69","WSL6903092","20","20","09/15/2014","11/05/2014","09/30/2026","","",""
"400","4005","FLAGLER BEACHFRONT WINERY INC","JDBW","","611 NORTH OCEANSHORE BLVD","","","FLAGLER BEACH","FL","32136","28","FLAGLER BEACHFRONT WINERY","611 NORTH OCEANSHORE BLVD","","","FLAGLER BEACH","FL","32136","28","WSL2800700","20","20","10/30/2014","01/09/2015","03/31/2026","","",""
"400","4005","DAVID B. NIMER CONSULTANTS INC","MEXP","","9840 SW 126 TERRACE","","","MIAMI","FL","33176","23","DAVID B. NIMER CONSULTANTS INC","9840 SW 126 TERRACE","","","MIAMI","FL","33176","23","WSL2325839","20","20","10/01/2014","05/31/2025","03/31/2026","","",""
"400","4005","M3C IMPORTS LLC","JDBW","","435 26TH AVENUE NORTH","","","ST. PETERSBURG","FL","33704","62","BAYVINO","1570 10TH STREET SOUTH","","","SAFETY HARBOR","FL","34695","62","WSL6210387","45","20","11/26/2014","10/21/2025","09/30/2025","","",""
"400","4005","INTERBRANDS USA LLC","IMPR","","502 E ATLANTIC AVE","SUITE 227","","DELRAY BEACH","FL","33483","60","INTERBRANDS USA LLC","502 E ATLANTIC AVE","SUITE 227","","DELRAY BEACH","FL","33483","60","WSL6013059","20","20","10/13/2014","12/11/2019","09/30/2026","","",""
"400","4005","TRADE LINK WEST INDIES INC","IMPR","","4386 PINE TREE DRIVE","","","MIAMI BEACH","FL","33140","23","TLWI","3621 W 112TH PLACE, SUITE 1","","","HIALEAH","FL","33018","23","WSL2326558","20","20","10/17/2014","01/27/2023","09/30/2026","","",""
"400","4005","TRADE LINK WEST INDIES INC","MEXP","","4386 PINE TREE DRIVE","","","MIAMI BEACH","FL","33140","23","TLWI","3621 W 112TH PLACE, SUITE 1","","","HIALEAH","FL","33018","23","WSL2326557","20","20","10/14/2014","05/31/2023","03/31/2026","","",""
"400","4005","GRAND PRIX BEVERAGE LLC","KLD","","8100 WATER STREET","","","SAINT LOUIS","MO","63111","725","GRAND PRIX BEVERAGE LLC","6340 118TH AVE","","","LARGO","FL","33773","62","WSL6210389","20","20","12/19/2014","12/19/2014","09/30/2026","","",""
"400","4005","BOWIGENS BEER COMPANY LLC","CMB","","1014 STATE ROAD 436","","","CASSELBERRY","FL","32707","69","BOWIGENS BEER COMPANY","1014 STATE ROAD 436","","","CASSELBERRY","FL","32707","69","WSL6903095","20","20","11/12/2014","10/23/2025","09/30/2026","","",""
"400","4005","KAROLINA INC","MEXP","","12201 NW 106 COURT","","","MEDLEY","FL","33178","23","K SEA TRADING","12201 NW 106 COURT","","","MEDLEY","FL","33178","23","WSL2325842","20","20","10/31/2014","05/31/2023","03/31/2026","","",""
"400","4005","SUNSHINE STATE MEADERY LLC","AMW","","1812 N 15th  W. SPRUCE ST.","","","TAMPA","FL","33605","39","CIGAR CITY CIDER & MEAD","1812 N 15TH ST","","","TAMPA","FL","33605","39","WSL3909277","45","20","11/07/2014","10/21/2025","09/30/2025","","",""
"400","4005","BLUE SPRING IMPORTS INC","IMPR","","1990 NE 163 STREET","UNIT #230","","NORTH MIAMI BEACH","FL","33162","23","BLUE SPRING IMPORTS INC","1990 NE 163 STREET","UNIT #230","","NORTH MIAMI BEACH","FL","33162","23","WSL2325881","20","20","03/17/2015","04/04/2015","09/30/2026","","",""
"400","4005","CASA ROVIGATTI INC","JDBW","","1800 NW 135TH AVE ","","","MIAMI","FL","33182","23","CASA ROVIGATTI","1800 NW 135 AVENUE","BAY 112","","MD MIAMI","FL","33182","23","WSL2325847","20","20","12/11/2014","06/13/2024","03/31/2026","","",""
"400","4005","TITAN PRODUCTS OF PR CORP","KLD","","1111 CENTRAL FLORIDA PARKWAY","","","ORLANDO","FL","32837","58","TITAN PRODUCTS OF PR CORP","1111 CENTRAL FLORIDA PARKWAY","","","ORLANDO","FL","32837","58","WSL5808775","20","20","04/23/2015","10/11/2017","09/30/2026","","",""
"400","4005","BARREL OF MONKS BREWING LLC","CMB","","1141 S ROGERS CIRCLE","#5","","BOCA RATON","FL","33487","60","BARREL OF MONKS BREWING","1141 S ROGERS CIRCLE","#5","","BOCA RATON","FL","33487","60","WSL6012981","20","20","01/30/2015","02/13/2015","09/30/2026","","",""
"400","4005","GK SKAGGS INC","KLD","","100 PACIFICA, SUITE 450","","","IRVINE","CA","92618","705","GK SKAGGS INC","9575 NW 174TH ST","","","MIAMI","FL","33018","23","WSL2325855","20","20","02/19/2015","01/29/2025","03/31/2026","","",""
"400","4005","SOUTH FLORIDA DISTILLERS INC","DD","CD","1254 PEREGRINE WAY","","","WESTON","FL","33327","16","SOUTH FLORIDA DISTILLERS INC","1110 NE 8TH AVE","#1","","FORT LAUDERDALE","FL","33304","16","WSL1616868","45","20","01/07/2015","10/21/2025","09/30/2025","","",""
"400","4005","FREE SPIRIT OF PALM BEACH GARDENS INC","KLD","","159-21 83RD STREET","","","HOWARD BEACH","NY","11414","","FREE SPIRIT OF PALM BEACH GARDENS INC","5900 N AUSTRALIAN AVE","UNITS 16, 17, & 28","","WEST PALM BEACH","FL","33407","60","WSL6012979","20","20","01/09/2015","01/30/2017","03/31/2026","","",""
"400","4005","LAKE TRIBE BREWING LLC","CMB","","3357 GARBER DRIVE","UNIT 4","","TALLAHASSEE","FL","32303","47","LAKE TRIBE BREWING LLC","3357 GARBER DRIVE - UNIT 4","","","TALLAHASSEE","FL","32303","47","WSL4703242","20","20","02/02/2015","02/02/2015","09/30/2026","","",""
"400","4005","GREY MATTER DISTILLERY LLC","DD","CD","1221 MAYPORT RD","","","ATLANTIC BEACH","FL","32233","26","GREY MATTER DISTILLERY","1221 MAYPORT RD","","","ATLANTIC BEACH","FL","32233","26","WSL2608199","20","20","02/13/2015","11/07/2019","09/30/2026","","",""
"400","4005","GOLD COAST BEVERAGE, L.L.C.","KLD","","10055 NW 12TH STREET","","","DORAL","FL","33172","23","GOLD COAST BEVERAGE","161 US HIGHWAY","","","EAST ROCKLAND KEY","FL","33040","54","WSL5400081","20","20","04/13/2015","04/13/2015","03/31/2026","","",""
"400","4005","GOLD COAST BEVERAGE, L.L.C.","KLD","","10055 NW 12TH STREET","","","DORAL","FL","33172","23","GOLD COAST BEVERAGE","1751 NW 12TH AVE","","","POMPANO BEACH","FL","33069","16","WSL1600155","20","20","03/04/2015","12/27/2024","03/31/2026","","",""
"400","4005","GOLD COAST BEVERAGE, L.L.C.","KLD","","10055 NW 12TH STREET","","","DORAL","FL","33172","23","GOLD COAST BEVERAGE","10055 NW 12TH STREET","","","DORAL","FL","33172","23","WSL2300224","20","20","04/03/2015","05/31/2016","03/31/2026","","",""
"400","4005","DESTIN BREWERY LLC","CMB","","505 MOUNTAIN DR","UNIT N","","DESTIN","FL","32541","56","DESTIN BREWERY","505 MOUNTAIN DR","UNIT N","","DESTIN","FL","32541","56","WSL5602610","20","20","01/12/2015","02/17/2015","09/30/2026","","",""
"400","4005","VIGNETI DEL SOLE IMPORTS LLC","IMPR","","9737 NW 41 ST  #258","","","DORAL","FL","33178","23","VIGNETI DEL SOLE IMPORTS LLC","8116 SW 83 STREET","","","MIAMI","FL","33143","23","WSL2325852","20","20","01/20/2015","06/17/2015","09/30/2026","","",""
"400","4005","DELAROSA VINEYARDS LLC","JDBW","","2648 NW 31ST AVENUE","","","LAUDERDALE LAKES","FL","33311","16","DE LA ROSA VINEYARDS LLC","2648 NW 31ST AVE","","","LAUDERDALE LAKES","FL","33311","16","WSL1616872","20","20","02/04/2015","05/08/2017","03/31/2026","","",""
"400","4005","FLORIDA KEYS BREWING CO LLC","CMB","","200 MORADA WAY","","","ISLAMORADA","FL","33036","54","FLORIDA KEYS BREWING CO","200 MORADA WAY","","","ISLAMORADA","FL","33036","54","WSL5402718","20","20","01/30/2015","01/12/2018","09/30/2026","","",""
"400","4005","LOGIST IK, INC.","MEXP","","2049 S OCEAN DRIVE","#090","","HALLANDALE","FL","33009","16","LOGIST IK, INC.","2049 S OCEAN DR","#909","","HALLANDALE","FL","33009","16","WSL1616877","20","20","03/31/2015","05/31/2025","03/31/2026","","",""
"400","4005","CROOKED THUMB BREWERY LLC","CMB","","555 10TH AVENUE SOUTH","","","SAFETY HARBOR","FL","34695","62","CROOKED THUMB BREWERY LLC","555 10TH AVENUE SOUTH","","","SAFETY HARBOR","FL","34695","62","WSL6210393","20","20","03/17/2015","02/10/2021","09/30/2026","","",""
"400","4005","JEN ENTERPRISES IMPORT & EXPORT LLC","MEXP","","8751 COMMODITY CIR","UNIT 1 RM 1","","ORLANDO","FL","32819","58","JEN ENTERPRISES IMPORT & EXPORT LLC","8751 COMMODITY CIR","UNIT 1 RM 1","","ORLANDO","FL","32819","58","WSL5808771","45","20","01/30/2015","10/21/2025","09/30/2025","","",""
"400","4005","ARSLAN LLC","MEXP","","P.O. BOX 245236","","","PEMBROKE PINES","FL","33024","16","ARS IMEX","2401 NW 41ST AVE","#309","","LAUDERHILL","FL","33313","16","WSL1616873","20","20","02/04/2015","05/31/2025","03/31/2026","","",""
"400","4005","1010 BREWING CO","CMB","","1010 VIRGINIA DRIVE","","","ORLANDO","FL","32803","58","1010 BREWING CO","1010 VIRGINIA DRIVE","","","ORLANDO","FL","32803","58","WSL5808772","20","20","01/30/2015","10/24/2025","09/30/2026","","",""
"400","4005","ZETA JAX INC","CMB","","228 E FORSYTH ST","","","JACKSONVILLE ","FL","32202","26","ZETA JAX INC","131 1ST AVENUE N","","","JACKSONVILLE BEACH","FL","32250","26","WSL2608198","20","20","01/30/2015","07/13/2021","09/30/2026","","",""
"400","4005","VINE PRO IMPORTS LLC","JDBW","","13876 SW 56TH STREET #314","","","MIAMI","FL","33175","23","VINE PRO IMPORTS LLC","14501 NW 109TH AVE","SUITE 600","","HIALEAH GARDENS","FL","33018","23","WSL2325853","20","21","01/27/2015","03/10/2025","03/31/2026","","",""
"400","4005","IDYLL HOUNDS BREWERY LLC","CMB","","845 SERENOA ROAD","","","SANTA ROSA BEACH","FL","32459","76","IDYLL HOUNDS BREWERY","845 SERENOA ROAD","","","SANTA ROSA BEACH","FL","32550","76","WSL7601042","20","20","02/03/2015","08/02/2019","09/30/2026","","",""
"400","4005","CROOKED CAN BREWING COMPANY LLC","CMB","","426 WEST PLANT STREET","","","WINTER GARDEN","FL","34787","58","CROOKED CAN BREWING COMPANY LLC","426 W PLANT STREET","","","WINTER GARDEN","FL","34787","58","WSL5808773","20","20","02/04/2015","03/05/2015","09/30/2026","","",""
"400","4005","WEBSTER BARNES LLC","IMPR","","7512 DR PHILLIPS BLVD","SUITE 50-607","","ORLANDO","FL","32819-5420","58","WEBSTER BARNES LLC","151 HARBORS WAY","","","BOYNTON BEACH","FL","33435","60","WSL6012983","20","20","02/12/2015","04/15/2015","09/30/2026","","",""
"400","4005","VINE PRO IMPORTS LLC","MEXP","","13876  S.W. 56TH STREET #314","","","MIAMI","FL","33175","23","VINE PRO IMPORTS LLC","7535 WEST 24TH AVENUE, S-100","","","HIALEAH","FL","33016","23","WSL2325860","20","20","03/18/2015","05/31/2022","03/31/2026","","",""
"400","4005","BASELOG USA LLC","MEXP","","1401 NW 89TH COURT","","","DORAL","FL","33172","23","BASELOG USA LLC","1401 NW 89TH COURT","","","DORAL","FL","33172","23","WSL2325859","20","20","03/18/2015","05/31/2025","03/31/2026","","",""
"400","4005","BREWLAND DEVELOPMENT LLC","CMB","","16006 MCGLAMERY ROAD","","","TAMPA","FL","33556","39","TAMPA BAY BREWING COMPANY","13937 MONROES BUSINESS PARK","","","TAMPA","FL","33635","39","WSL3909282","20","20","07/30/2015","07/30/2015","09/30/2026","","",""
"400","4005","PERSIMMON HOLLOW BREWING COMPANY LLC","CMB","","111 W GEORGIA AVE","","","DELAND","FL","32720","74","PERSIMMON HOLLOW BREWING COMPANY LLC","111 W GEORGIA AVE","","","DELAND","FL","32720","74","WSL7405798","20","20","02/17/2015","03/17/2025","09/30/2026","","",""
"400","4005","STILT HOUSE BREWERY INC","CMB","","625 ALT 19","","","PALM HARBOR","FL","34683","62","STILT HOUSE BREWERY INC","625 ALT 19","","","PALM HARBOR","FL","34683-4434","62","WSL6210392","20","20","03/10/2015","04/29/2015","09/30/2026","","",""
"400","4005","STILBON TRADE CORPORATION","MEXP","","12000 BISCAYNE BLVD., SUITE 504","","","NORTH MIAMI BEACH","FL","33181","23","STILBON TRADE CORPORATION","12000 BISCAYNE BLVD., SUITE 504","","","NORTH MIAMI BEACH","FL","33181","23","WSL2325857","20","20","03/12/2015","05/20/2025","03/31/2026","","",""
"400","4005","PERNOD RICARD AMERICAS TRAVEL RETAIL LLC","IMPR","","800 NW 62ND AVE (WATERFORD WAY)","SUITE 400","","MIAMI","FL","33126","23","PERNOD RICARD TRAVEL RETAIL AMERICAS; PRCCA'","800 NW 62ND AVE (WATERFORD WAY)","SUITE 400","","MIAMI","FL","33126","23","WSL2326482","45","20","03/27/2015","10/21/2025","09/30/2025","","",""
"400","4005","WINE WORLD INC.","KLD","","3621 W 112 PLACE","","","HIALEAH","FL","33018","23","WINE WORLD INC.","3621 W 112 PLACE","","","HIALEAH","FL","33018","23","WSL2325863","20","20","03/30/2015","05/02/2019","03/31/2026","","",""
"400","4005","GO WINE LLC","JDBW","","1325 NW 98TH COURT","UNIT 1","","DORAL","FL","33172","23","GO WINE LLC","1325 NW 98 COURT UNIT 1","BUILDING 4","","DORAL BRANCH","FL","33172","23","WSL2325862","20","20","03/27/2015","04/27/2015","03/31/2026","","",""
"400","4005","COPPER TOP BREWERY LLC","CMB","","151 COMMERCE RD. ","","","BOYNTON BEACH","FL","33426","60","COPPERPOINT BREWING COMPANY","151 COMMERCE ROAD","","","BOYNTON BEACH","FL","33426","60","WSL6012987","20","20","04/13/2015","06/26/2020","09/30/2026","","",""
"400","4005","DUTY FREE WORLD, INC","MEXP","","12901 NW 113 CT","","","MEDLEY","FL","33178","23","DUTY FREE WORLD, INC","12901 NW 113 CT","","","MEDLEY","FL","33178","23","WSL2325867","20","20","04/24/2015","05/31/2025","03/31/2026","","",""
"400","4005","SPECIALTY BRANDS SPIRITS AND WINES INC","MEXP","","7914 STIRLING BRIDGE BLVD","","","DELRAY BEACH","FL","33446","60","SPECIALTY BRANDS SPIRITS AND WINES INC","7914 STIRLING BRIDGE BLVD","","","DELRAY BEACH","FL","33446","60","WSL6012985","20","20","04/08/2015","05/31/2025","03/31/2026","","",""
"400","4005","JAPAN SPIRITS INC","MEXP","","9124 GRANT LINE LANE","","","RIVERVIEW","FL","33578","39","JAPAN SPIRITS INC","17902 SW 146 COURT","","","MIAMI","FL","33177","23","WSL2325865","20","20","04/14/2015","05/31/2025","03/31/2026","","",""
"400","4005","26TH DEGREE BREWING COMPANY LLC","CMB","","2600 E ATLANTIC BLVD","","","POMPANO BEACH","FL","33062","60","26TH DEGREE BREWING COMPANY","2600 E ATLANTIC BLVD","","","POMPANO BEACH","FL","33062","16","WSL1616884","20","20","06/16/2015","10/02/2024","09/30/2026","","",""
"400","4005","LSG SKY CHEFS NORTH AMERICA SOLUTIONS INC","MEXP","","5040 RIVERSIDE DRIVE","BLDG 1, STE 200","","IRVING","TX","75039","744","LSG SKY CHEFS NORTH AMERICA SOLUTIONS INC","650 SW 34TH ST","#109","","FORT LAUDERDALE","FL","33315","16","WSL1616896","20","20","09/29/2015","05/31/2023","03/31/2026","","",""
"400","4005","JFC INTERNATIONAL INC","KLD","","7101 E SLAUSON AVE","","","LOS ANGELES","CA","90040","705","JFC INTERNATIONAL INC","7215 S JOHN YOUNG PARKWAY","SUITE  225","","ORLANDO","FL","32809","58","WSL5808776","20","20","04/28/2015","08/05/2015","09/30/2026","","",""
"400","4005","CENTRAL 28 BEER CO","CMB","","290  SPRINGVIEW COMMERCE AVE","SUITE 1","","DEBARY","FL","32713","74","CENTRAL 28 BEER CO","290 SPRINGVIEW COMMERCE DRIVE","SUITE 1","","DEBARY","FL","32713","74","WSL7405800","20","20","07/08/2015","07/08/2015","09/30/2026","","",""
"400","4005","ACCELL GROUP LLC","MEXP","","10400 NW 33RD STREET SUITE 210","","","DORAL","FL","33172","23","ACCELL GROUP LLC","10400 NW 33 STREET, #210","","","DORAL","FL","33172","23","WSL2325869","20","20","04/30/2015","05/31/2025","03/31/2026","","",""
"400","4005","VINEYARDS TO TABLE INC","IMPR","","661 NE 141 STREET","","","NORTH MIAMI","FL","33161","23","VINEYARDS TO TABLE INC","661 NE 141 ST","","","NORTH MIAMI","FL","33161","23","WSL2325872","20","20","05/12/2015","12/12/2019","09/30/2026","","",""
"400","4005","POMPANO BEACH BREWING COMPANY LLC","CMB","","3200 NW 23RD AVENUE SUITE 500","","","POMPANO BEACH","FL","33069","16","POMPANO BEACH BREWING CO.","3200 NW 23RD AVE","#500","","POMPANO BEACH","FL","33069","16","WSL1616885","20","20","06/18/2015","01/03/2024","09/30/2026","","",""
"400","4005","CARIBBEAN EXPORT, INC","MEXP","","1895 IXORA ROAD","","","NORTH MIAMI","FL","33181","23","CARIBBEAN EXPORT, INC","7131 NW 26 AVE","","","MIAMI","FL","33147","23","WSL2325873","20","20","05/12/2015","05/31/2025","03/31/2026","","",""
"400","4005","JUMA WINES GROUP LLC","JDBW","","800 N OCEAN BLVD, APT 6","","","DELRAY BEACH ","FL","33483","60","BODEGA LAS CANITAS","1900 NE 7TH AVE","#130","","DANIA BEACH","FL","33004","16","WSL1616881","20","20","05/19/2015","04/24/2019","03/31/2026","","",""
"400","4005","CEVICO USA LLC","JDBW","","8232 NW 30 TERRACE","","","MIAMI","FL","33122","23","VINE N ALE DISTRIBUTORS","8232 NW 30 TERRACE","","","MIAMI","FL","33122","23","WSL2325874","20","20","05/26/2015","05/24/2022","03/31/2026","","",""
"400","4005","PINELLAS ALE WORKS LLC","CMB","","1962 1ST AVENUE SOUTH","","","ST. PETERSBURG","FL","33712","62","PINELLAS ALE WORKS","1962 1ST AVENUE SOUTH","","","ST. PETERSBURG","FL","33712","62","WSL6210402","20","20","10/27/2015","10/27/2015","09/30/2026","","",""
"400","4005","D&S BLUEBERRIES INC","AMW","","19125 PHILLIPS ROAD","","","MASARYKTOWN","FL","34604","37","MASARYK WINERY","19125 PHILLIPS ROAD","","","MASARYKTOWN","FL","34604","37","WSL3701225","20","20","06/24/2015","12/08/2023","09/30/2026","","",""
"400","4005","BEYOND INVESTMENTS GROUP LLC","MEXP","","P.O. BOX 50188","","","DEERFIELD BEACH","FL","33064","16","PROFESSIONAL GLOBAL EXPORTERS","1577 SW 1ST WAY","#E 9","","DEERFIELD BEACH","FL","33441","16","WSL1616886","20","20","06/18/2015","05/31/2025","03/31/2026","","",""
"400","4005","ARTE VINO LLC","JDBW","","3460 SW DEGGELLER COURT","","","PALM CITY","FL","34990","53","ARTE VINO, LLC","3460 SW DEGGELLER COURT","","","PALM CITY","FL","34990","53","WSL5314336","20","20","06/04/2015","06/21/2022","03/31/2026","","",""
"400","4005","KROMBACHER USA LLC","IMPR","","2982 SADIGO TERRACE","","","NORTH PORT","FL","34286","68","KROMBACHER USA LLC","2982 SADIGO TERR","","","NORTH PORT","FL","34286","68","WSL6803616","45","20","07/23/2015","10/21/2025","09/30/2025","","",""
"400","4005","SMT ACQUISITIONS LLC","IMPR","","48 HARBOR PARK DRIVE","SUITE C","","PORT WASHINGTON","NY","11050","732","TAUB FAMILY SELECTIONS","777 S FLAGLER DR","STE 1201B WEST TOWER","","WEST PALM BEACH","FL","33401","60","WSL6012995","20","20","07/29/2015","07/29/2015","09/30/2026","","",""
"400","4005","HIDDEN SPRINGS ALE WORKS LLC","CMB","","1631 NORTH FRANKLIN STREET","","","TAMPA","FL","33602","39","HIDDEN SPRINGS ALE WORKS","1631 NORTH FRANKLIN STREET","","","TAMPA","FL","33602","39","WSL3909281","45","20","06/22/2015","10/21/2025","09/30/2025","","",""
"400","4005","TWIN VINES INC","BSA","","18034 SW 13 STREET","","","PEMBROKE PINES","FL","33029","16","TWIN VINES INC","18034 SW 13TH ST","","","PEMBROKE PINES","FL","33029","16","WSL1616890","45","20","07/29/2015","10/21/2025","09/30/2025","","",""
"400","4005","30A COASTAL DUNES LLC","BSA","","177 TYLER DRIVE","","","SANTA ROSA BEACH","FL","32459","76","30A COASTAL DUNES","177 TYLER DRIVE","","","SANTA ROSA BEACH","FL","32459","76","WSL7601053","45","20","06/29/2015","10/21/2025","09/30/2025","","",""
"400","4005","ANCIENT CITY BREWING COMPANY LLC","CMB","","3420 AGRICULTURAL CENTER DRIVE","SUITE 8","","SAINT AUGUSTINE","FL","32092","65","ANCIENT CITY BREWING COMPANY LLC","3420 AGRICULTURAL CENTER DRIVE","SUITE 8","","SAINT AUGUSTINE","FL","32092","65","WSL6501478","45","20","07/09/2015","10/21/2025","09/30/2025","","",""
"400","4005","CLIVE HENRY","MEXP","","732 NW 48TH AVE","","","PLANTATION","FL","33317","16","STATESIDE SHOPPER","732 NW 48TH AVE","","","PLANTATION","FL","33317","16","WSL1616888","20","20","07/01/2015","05/31/2025","03/31/2026","","",""
"400","4005","WINE COLLECTION HOLDING LLC","JDBW","","6940 NW 50TH STREET","","","MIAMI","FL","33166","23","WINE COLLECTION HOLDING LLC","6940 NW 50TH STREET","","","MIAMI","FL","33166","23","WSL2325882","20","20","07/09/2015","03/31/2017","03/31/2026","","",""
"400","4005","WINE WORLD INC.","MEXP","","3621 W 112TH PLACE, STE 1","","","HIALEAH","FL","33018","23","WINE WORLD INC.","12650 NW 25 STREET, #112","","","MIAMI","FL","33182","23","WSL2325880","20","20","07/06/2015","05/01/2019","03/31/2026","","",""
"400","4005","VITIS VALLEY USA CORP","MEXP","","1395 BRICKELL AVENUE, #800","","","MIAMI","FL","33131","23","VITIS VALLEY USA","1395 BRICKELL AVENUE, #800","","","MIAMI","FL","33131","23","WSL2325884","20","20","07/22/2015","05/31/2025","03/31/2026","","",""
"400","4005","RAPID EXPORT SERVICES LLC","MEXP","","8388 NW 68TH STREET","","","MIAMI","FL","33166","23","RAPID EXPORT SERVICES LLC","8388 NW 68TH STREET","","","MIAMI","FL","33166","23","WSL2325886","20","20","07/29/2015","05/31/2025","03/31/2026","","",""
"400","4005","BREW CLUB LLC","CMB","","985  DOUGLAS AVE","","","DUNEDIN","FL","34698","62","WOODWRIGHT BREWING COMPANY","985 DOUGLAS AVENUE","","","DUNEDIN","FL","34698","62","WSL6210395","20","20","07/24/2015","10/20/2015","09/30/2026","","",""
"400","4005","MARKER 48 BREWING LLC","CMB","","12147  CORTEZ BLVD","","","BROOKSVILLE","FL","34613","37","MARKER 48 BREWING","12147 CORTEZ BOULEVARD","","","BROOKSVILLE","FL","34613","37","WSL3701226","20","20","08/24/2015","01/03/2018","09/30/2026","","",""
"400","4005","IL PALATO ITALIANO INTERNATIONAL TRADING LLC","KLD","","8583 NW 54 STREET","","","DORAL","FL","33166","23","IL PALATO ITALIANO INTERNATIONAL TRADING LLC","8583 NW 54 STREET","","","DORAL","FL","33166","23","WSL2325891","20","20","08/27/2015","12/08/2017","03/31/2026","","",""
"400","4005","BRICKELL WINES LLC","IMPR","","12550 BISCAYNE BLVD, SUITE 800-033","","","NORTH MIAMI","FL","33181","23","BRICKELL WINES","12550 BISCAYNE BLVD, #800-033","","","NORTH MIAMI","FL","33181","23","WSL2325887","20","20","08/04/2015","01/10/2025","09/30/2026","","",""
"400","4005","PAMAX VENTURES CORP","MEXP","","6701 NW 7 STREET","#175","","MIAMI","FL","33126","23","PAMAX VENTURES CORP","6701 NW 7 STREET","#175","","MIAMI","FL","33126","23","WSL2325889","20","20","08/24/2015","05/31/2025","03/31/2026","","",""
"400","4005","ALFA INTERNATIONAL LLC","KLD","","1900 PURDY AVE","STE 1009","","MIAMI BEACH","FL","33139","23","ALFA INTERNATIONAL","1452 NW 78 AVENUE","","","MIAMI","FL","33126","23","WSL2325894","20","20","09/16/2015","11/19/2019","03/31/2026","","",""
"400","4005","SUE BEA VINEYARDS INC","AMW","","11025 SE HWY 42","","","SUMMERFIELD","FL","34491","52","DRAGON FLOWER WINERY","11025 SE HWY 42","","","SUMMERFIELD","FL","34491","52","WSL5202621","20","20","08/31/2015","10/23/2015","09/30/2026","","",""
"400","4005","ULTRAMARINE LLC","MEXP","","3065 SW 27TH TER","","","MIAMI","FL","33133","23","ULTRAMARINE LLC","1951 NW SOUTH RIVER DR., UNIT B","","","MIAMI","FL","33125","23","WSL2325895","20","20","09/21/2015","05/31/2025","03/31/2026","","",""
"400","4005","CARIB FOODSERVICE LLC","MEXP","","PO BOX 144602","","","CORAL CABLES","FL","33114","23","CARIB FOODSERVICE LLC","297 NW 54 STREET","","","MIAMI","FL","33127","23","WSL2325980","20","20","09/09/2015","05/31/2025","03/31/2026","","",""
"400","4005","CYCLE BREWING INC","CMB","","2135 5TH AVE S","SUITE B","","ST. PETERSBURG","FL","33712","62","CYCLE BREWING INC","2135 5TH AVE S","","","ST. PETERSBURG","FL","33712","62","WSL6210397","20","20","09/02/2015","10/21/2015","09/30/2026","","",""
"400","4005","QAC LLC","KLD","","3201 NW 72ND AVENUE","ATTN: OPERATIONS MANAGER","","MIAMI","FL","33122","23","QACLLC, EAGLE BRANDS SALES, EAGLE BRANDS","1000 PARK OF COMMERCE BLVD","","","HOMESTEAD","FL","33035","23","WSL2325897","20","20","09/23/2015","05/31/2024","03/31/2026","","",""
"400","4005","SC. VICHEE LLC","MEXP","","5697 BANANA ROAD","","","WEST PALM BEACH","FL","33413","60","INSTANT REPAIR CLUB, LLC","5697 BANANA ROAD","","","WEST PALM BEACH","FL","33413","60","WSL6012997","20","20","09/15/2015","10/06/2015","03/31/2026","","",""
"400","4005","MOUNT TEMAN BEVERAGES INC","CMB","","4648 NW 133 STREET","","","OPA-LOCKA","FL","33054","23","MOUNT TEMAN BEVERAGES INC","4648 NW 133 STREET","","","OPA-LOCKA","FL","33054","23","WSL2325903","20","20","11/10/2015","11/13/2018","09/30/2026","","",""
"400","4005","RD AMERICA LLC","KLD","","1710 Whitest 132ND STREET","","","WHITESTONE","NY","11357","732","RESTAURANT DEPOT","8750 ENTERPRISE BLVD","","","LARGO","FL","33773","62","WSL6210400","20","20","10/15/2015","12/09/2015","09/30/2026","","",""
"400","4005","GREEN BENCH BREWING CO LLC","AMW","","1133 BAUM AVE NORTH","","","ST. PETERSBURG","FL","33705","62","GREEN BENCH BREWING CO LLC","1133 BAUM AVE NORTH","","","ST. PETERSBURG","FL","33705","62","WSL6210401","20","20","10/20/2015","02/05/2021","09/30/2026","","",""
"400","4005","CIVIL SOCIETY BREWING CO","CMB","","1200 TOWN CENTER DR","UNIT 101","","JUPITER","FL","33458","60","CIVIL SOCIETY BREWING CO","1200 TOWN CENTER DR","UNIT 101","","JUPITER","FL","33458","60","WSL6012998","20","20","09/25/2015","12/11/2017","09/30/2026","","",""
"400","4005","SCHRATTER FOODS INCORPORATED","MEXP","","11421  NW 107TH STREET","","","MIAMI","FL","33178","23","CORMEN SHIP SUPPLIES","501 NE 183RD STREET","","","MD MIAMI","FL","33179","23","WSL2325899","20","20","09/28/2015","05/31/2025","03/31/2026","","",""
"400","4005","KOZUBA & SONS DISTILLERY INC","DD","CD","8950 66TH CT N","","","PINELLAS PARK","FL","33782","62","KOZUBA & SONS DISTILLERY INC","8950 66TH COUNT NORTH","","","PINELLAS PARK","FL","33782","62","WSL6210399","45","21","10/06/2015","10/21/2025","09/30/2025","","",""
"400","4005","CALEDONIA BREWING LLC","CMB","","587 MAIN STREET","","","DUNEDIN","FL","34698","62","CALEDONIA BREWING","587 MAIN STREET","","","DUNEDIN","FL","34698","62","WSL6210404","20","20","11/25/2015","11/25/2015","09/30/2026","","",""
"400","4005","JIMMYS SEA BEVERAGES COMPANY","MEXP","","2601 MYSTIC LANE P066","","","PANAMA CITY BEACH","FL","32408","13","JIMMYS SEA BEVERAGES COMPANY","2601 MYSTIC LANE P066","","","PANAMA CITY BEACH","FL","32408","13","WSL1303421","45","20","11/03/2015","10/21/2025","09/30/2025","","",""
"400","4005","DE BINE BREWING COMPANY LLC","CMB","","993 FLORIDA AVENUE","","","PALM HARBOR","FL","34683","62","DE BINE BREWING COMPANY","993 FLORIDA AVENUE","","","PALM HARBOR","FL","34683","62","WSL6210409","20","20","01/20/2016","01/20/2016","09/30/2026","","",""
"400","4005","LMD DISTRIBUTORS LLC","JDBW","","1284 COMMERICAL WAY","","","SPRING HILL","FL","34606","37","LMD DISTRIBUTORS","1284 COMMERICAL WAY","","","SPRING HILL","FL","34606","37","WSL3701227","20","20","02/09/2016","12/20/2023","09/30/2026","","",""
"400","4005","CHANDAN ENTERPRISE LLC","MEXP","","13453 NW 19 LANE","CHANDAN ENTERPRISE LLC","","MIAMI","FL","33182","23","CHANDAN ENTERPRISE LLC","13453 NW 19TH LANE","","","MIAMI","FL","33182","23","WSL2325901","20","20","11/02/2015","05/31/2025","03/31/2026","","",""
"400","4005","CIV USA INC","IMPR","","3785 NW 82ND AVENUE, SUITE 112","","","DORAL","FL","33166","23","CIV USA","3785 NW 82ND AVENUE, SUITE 112","","","DORAL","FL","33166","23","WSL2325902","20","20","11/09/2015","04/29/2022","09/30/2026","","",""
"400","4005","TANK LLC","CMB","","201 ALHAMBRA CIRCLE 702","","","CORAL GABLES","FL","33134","23","TANK BREWING CO","5100 NW 72ND AVENUE BAY A","","","MIAMI","FL","33166","23","WSL2325904","20","20","11/16/2015","07/19/2017","09/30/2026","","",""
"400","4005","MATTEDEN INC","KLD","","8667 ALEGRE CIRCLE","","","ORLANDO","FL","32836","58","WINELINK","4300 LB MCCLEOD ROAD","UNIT C","","ORLANDO","FL","32811","58","WSL5808669","20","20","06/02/2016","06/02/2016","09/30/2026","","",""
"400","4005","GARRAFEIRA WINE AND SPIRITS CORP","MEXP","","2660 NW 97TH AVENUE","","","DORAL","FL","33172","23","GARRAFEIRA WINE AND SPIRITS","2660 NW 97TH AVENUE","","","DORAL","FL","33172","23","WSL2325908","20","20","12/08/2015","05/31/2025","03/31/2026","","",""
"400","4005","SUNSHINE COAST IMPORTS LLC","MEXP","","PO BOX 223168","","","WEST PALM BEACH","FL","33422","60","SUNSHINE COAST IMPORTS LLC","921 NW 3RD STREET","UNIT B","","BOYNTON BEACH","FL","33435","60","WSL6013002","20","20","11/24/2015","05/31/2025","03/31/2026","","",""
"400","4005","JOYA INDUSTRIES INC","MEXP","","8875 NW 26 STREET","","","DORAL","FL","33172","23","JOYA INDUSTRIES INC","8875 NW 26 STREET","","","DORAL","FL","33172","23","WSL2325910","20","20","12/08/2015","06/01/2016","03/31/2026","","",""
"400","4005","WORLD ALLIANCE CORPORATION","MEXP","","248 NE 199 TERRACE","","","MD MIAMI","FL","33179","23","WORLD ALLIANCE CORPORATION","248 NE 199 TERRACE","","","MD MIAMI","FL","33179","23","WSL2325905","20","20","11/24/2015","05/31/2025","03/31/2026","","",""
"400","4005","INTERNATIONAL BONDED COURIERS INC","MEXP","","8401 NW 17TH STREET","","","DORAL","FL","33191","23","INTERNATIONAL BONDED COURIERS INC","8401 NW 17TH STREET","","","DORAL","FL","33191","23","WSL2325906","20","20","12/03/2015","05/29/2025","03/31/2026","","",""
"400","4005","BLUE BAYOU FARMS INC","DD","CD","26921 BLOOMFIELD AVE","","","YALAHA","FL","34797","45","YALAHA BOOTLEGGING COMPANY","26921 BLOOMFIELD AVE","","","YALAHA","FL","34797","45","WSL4502160","20","20","02/02/2016","12/26/2019","09/30/2026","","",""
"400","4005","GRACE DISTRIBUTORS LLC","KLD","","3100 NW 2ND AVE","#104","","BOCA RATON","FL","33431","60","GRACE DISTRIBUTORS LLC","3100 NW BOCA RATON BLVD","#104/105","","BOCA RATON","FL","33431","60","WSL6013003","20","20","11/24/2015","11/19/2019","03/31/2026","","",""
"400","4005","PARAMOUNT BEVERAGE DISTRIBUTORS LLC","KLD","","1020 SLIGH BOULEVARD","SUITE 8","","ORLANDO","FL","32806","58","PARAMOUNT BEVERAGE DISTRIBUTORS","1020 SLIGH BOULEVARD","","","ORLANDO","FL","32806","58","WSL5808782","20","20","12/08/2015","12/06/2023","09/30/2026","","",""
"400","4005","VOSS ENTERPRISES LLC","DD","CD","27306 OLD 41 RD., UNIT A","","","BONITA SPRINGS","FL","34135","46","ALLIGATOR BAY DISTILLERS","27306 OLD US 41","#A","","BONITA SPRINGS","FL","34135","46","WSL4605222","20","20","12/21/2015","12/21/2015","09/30/2026","","",""
"400","4005","BIG CYPRESS DISTILLERY LLC","DD","CD","13995 SW 144TH AVENUE","SUITE 206 AND 207","","MD MIAMI","FL","33186","23","BIG CYPRESS DISTILLERY LLC","13995 SW 144TH AVENUE SUITE 207","","","MD MIAMI","FL","33186","23","WSL2325914","45","20","12/16/2015","10/21/2025","09/30/2025","","",""
"400","4005","AFTERMATH WINE & SPIRITS LLC","KLD","","6916 4TH AVE","","","MIAMI BEACH","FL","33138","23","TWENTY-ONE WINE & SPIRITS","6916 NE 4 AVENUE","","","MIAMI","FL","33138","23","WSL2325915","20","20","12/22/2015","08/02/2022","03/31/2026","","",""
"400","4005","LIST DISTILLERY LLC","DD","CD","3680 EVANS AVENUE SUITE A","","","FORT MYERS","FL","33901","46","LIST DISTILLERY LLC","3680 EVANS AVE","#A","","FORT MYERS","FL","33901","46","WSL4605184","45","20","03/07/2016","10/21/2025","09/30/2025","","",""
"400","4005","BIG STORM PINELLAS LLC","CMB","","12707 49TH STREET NORTH","SUITE 500","","CLEARWATER","FL","33762","62","BIG STORM BREWING CO","12707 49TH STREET NORTH","","","CLEARWATER","FL","33762","62","WSL6210408","20","20","01/07/2016","02/17/2016","09/30/2026","","",""
"400","4005","BOG BREWING COMPANY","CMB","","137  MOHEGAN RD","","","ST AUGUSTINE","FL","32086","65","BOG BREWING COMPANY","218 WEST KING STREET","","","SAINT AUGUSTINE","FL","32084","65","WSL6501479","20","20","01/19/2016","10/23/2025","09/30/2026","","",""
"400","4005","WILD BORE IMPORTERS LLC","JDBW","","389 SOUTH LAKE DR. APT 1C","","","PALM BEACH","FL","33480","60","WILD BORE","1016 CLARE AVE.","#3","","WEST PALM BEACH","FL","33401","60","WSL6013006","20","20","01/15/2016","04/30/2019","03/31/2026","","",""
"400","4005","FREEDOM FRESH LLC","MEXP","","11001 NW 124 STREET","","","MEDLEY","FL","33178","23","FREEDOM FRESH LLC","11001 NW 124TH STREET","","","MEDLEY","FL","33178","23","WSL2325918","20","20","02/02/2016","06/01/2016","03/31/2026","","",""
"400","4005","HONDUEXPRESS CORP","MEXP","","929 NW 132 CT","","","MIAMI","FL","33182","23","HONDUEXPRESS CORP","4711 NW 79TH AVE 3-C","","","DORAL BRANCH","FL","33172","23","WSL2325924","20","20","02/29/2016","05/31/2025","03/31/2026","","",""
"400","4005","GROVE ROOTS BREWING COMPANY LLC","CMB","","302 THIRD STREET SW","","","WINTER HAVEN","FL","33880","63","GROVE ROOTS BREWING","302 THIRD STREET SW","","","WINTER HAVEN","FL","33880","63","WSL6305037","45","20","04/20/2016","10/21/2025","09/30/2025","","",""
"400","4005","SUPERB WINES INTERNATIONAL LLC","KLD","","657 E ROMANA ST","","","PENSACOLA","FL","32502","27","SUPERB WINES INTERNATIONAL LLC","4012 COMMONS DR W","SUITE 118","","DESTIN","FL","32541","56","WSL5602617","20","20","10/21/2016","10/21/2016","09/30/2026","","",""
"400","4005","HHB INTERNATIONAL BEVERAGES TRADING LLC","MEXP","","3631 EDGEWOOD AVE","","","FORT MYERS","FL","33916","46","HHB INTERNATIONAL BEVERAGES TRADING LLC","3631 EDGEWOOD AVE","","","FORT MYERS","FL","33916","46","WSL4605183","20","20","02/03/2016","05/31/2025","03/31/2026","","",""
"400","4005","BREW HUB LLC","AMW","","17209 CHESTERFIELD AIRPORT ROAD","","","ST LOUIS","MO","63005","725","BREW HUB LLC","3900 SOUTH FRONTAGE ROAD","BUILDING 700","","LAKELAND","FL","33815","63","WSL6305036","20","20","03/17/2016","04/26/2016","09/30/2026","","",""
"400","4005","KC INTERNATIONAL CLUB LLC","MEXP","","2623 SW 143 AVENUE","","","MIAMI","FL","33175","23","KCIC","2623 SW 143 AVENUE","","","MD MIAMI","FL","33175","23","WSL2325923","20","20","02/10/2016","05/31/2025","03/31/2026","","",""
"400","4005","ETONIAH CREEK WINERY LLC","AMW","","180 WILKINSON ROAD","","","PALATKA","FL","32177","64","ETONIAH CREEK WINERY LLC","162 WILKINSON ROAD","","","PALATKA","FL","32177","64","WSL6400875","20","20","03/28/2016","03/28/2016","09/30/2026","","",""
"400","4005","M & A MARKETING GROUP INC","JDBW","","1100 NW 33RD ST","","","POMPANO BEACH","FL","33064","16","BANDI FOODS","1100 NW 33RD ST","","","POMPANO BEACH","FL","33064","16","WSL1616909","20","20","04/19/2016","04/19/2016","03/31/2026","","",""
"400","4005","ARKANE ALEWORKS INC","CMB","","2480 EAST BAY DRIVE","SUITE 23","","LARGO","FL","33771","62","ARKANE ALEWORKS INC","2480 EAST BAY DRIVE","SUITE 23","","LARGO","FL","33771","62","WSL6210412","20","20","04/01/2016","04/01/2016","09/30/2026","","",""
"400","4005","WISD LLC","IMPR","","4320  MONSERRATE ST","","","CORAL GABLES","FL","33146","23","DOMAINE BOUSQUET","2665 SOUTH BAYSHORE DRIVE","SUITE 700","","MIAMI","FL","33133","23","WSL2325929","20","20","04/15/2016","06/26/2024","09/30/2026","","",""
"400","4005","WISMETTAC ASIAN FOODS INC","KLD","","13409 ORDEN DR.","","","SANTA FE SPRINGS","CA","90670","705","WISMETTAC ASIAN FOODS","1125 GILLS DR","SUITE 300","","ORLANDO","FL","32824","58","WSL5808786","20","20","04/07/2016","07/29/2016","09/30/2026","","",""
"400","4005","ELWOODS MIAMI LLC","MEXP","","188-190 NE 3RD AVE","","","MIAMI","FL","33132","23","ELWOODS BEVERAGE COLLECTION","188-190 NE 3RD AVE","","","MIAMI","FL","33132","23","WSL2325931","20","21","04/20/2016","05/31/2025","03/31/2026","","",""
"400","4005","WATERFRONT BREWERY, LLC","CMB","","P.O. BOX 4170","","","KEY WEST","FL","33041","54","WATERFRONT BREWERY","201 WILLIAM STREET, SUITE F","","","KEY WEST","FL","33040","54","WSL5402720","20","20","04/08/2016","08/24/2022","09/30/2026","","",""
"400","4005","CALUSA BREWING COMPANY LLC","CMB","","5701 DEREK AVE","","","SARASOTA","FL","34233","68","CALUSA BREWING COMPANY","5701 DEREK AVE","","","SARASOTA","FL","34233","68","WSL6803618","20","20","04/18/2016","05/11/2016","09/30/2026","","",""
"400","4005","DELVI, INC.","MEXP","","7925 NW 66TH ST","","","MIAMI","FL","33166","23","DELVI, INC.","7925 NW 66TH ST","","","MIAMI","FL","33166","23","WSL2325934","20","20","05/06/2016","05/06/2024","03/31/2026","","",""
"400","4005","WALKING TREE BREWERY LLC","CMB","","3209 DODGER RD","","","VERO BEACH","FL","32960","41","WALKING TREE BREWERY","3290 DODGER RD","","","VERO BEACH","FL","32960","41","WSL4101610","20","20","05/19/2016","05/19/2016","09/30/2026","","",""
"400","4005","PROPS CRAFT BREWERY LLC","CMB","","125 LOVEJOY ROAD NW","","","FORT WALTON BEACH","FL","32548","56","PROPS CRAFT BREWERY","125 LOVEJOY ROAD NW","","","FORT WALTON BEACH","FL","32548","56","WSL5602613","20","20","05/23/2016","03/26/2021","09/30/2026","","",""
"400","4005","SOUTHERN GLAZER'S WINE AND SPIRITS, LLC","MEXP","","1600 NW 163RD STREET SUITE 300","ATTN: TAMMY LOVE","","MIAMI","FL","33169","23","SGWS; SOUTHERN GLAZER'S OF FL; SOUTHERN WINE & SPIRITS OF FL","1600 NW 163RD STREET","","","MIAMI","FL","33169","23","WSL2325935","20","20","05/10/2016","05/10/2016","03/31/2026","","",""
"400","4005","PARADISE IMPORTS LLC","IMPR","","7801 PALENCIA WAY","","","DELRAY BEACH","FL","33446","60","GUBBA RUM","7801 PALENCIA WAY","","","DELRAY BEACH","FL","33446","60","WSL6013014","20","20","05/20/2016","06/08/2016","09/30/2026","","",""
"400","4005","3 DAUGHTERS CIDER LLC","AMW","","222 22ND ST S (SUITE C)","","","ST. PETERSBURG","FL","33712","62","3 DAUGHTERS CIDER LLC","222 22ND ST S (SUITE C)","","","ST. PETERSBURG","FL","33712","62","WSL6210417","20","20","08/29/2016","08/29/2016","09/30/2026","","",""
"400","4005","DEEP BREWING, LLC","CMB","","2524 CATHAY CT STE 2","","","TALLAHASSEE","FL","32308","47","DEEP BREWING COMPANY","2524 CATHAY CT UNIT 2","","","TALLAHASSEE","FL","32308","47","WSL4703244","20","20","05/13/2016","06/21/2016","09/30/2026","","",""
"400","4005","HELL 'N BLAZES BREWING COMPANY","CMB","","1002 E NEW HAVEN AVE","","","MELBOURNE","FL","32901","15","HELL 'N BLAZES BREWING COMPANY","1002 E NEW HAVEN AVE","","","MELBOURNE","FL","32901","15","WSL1505424","20","20","05/09/2016","09/03/2020","09/30/2026","","",""
"400","4005","GROUP PAZZI WINE IMPORTS LLC","KLD","","6104 31ST STREET E","","","BRADENTON","FL","34203","51","PAZZIONE WINE IMPORTS","6104 31ST ST E","","","BRADENTON","FL","34203","51","WSL5102534","20","20","08/31/2016","07/10/2025","03/31/2026","","",""
"400","4005","TRADIST CORP","KLD","","7214 NW 56TH ST","","","MIAMI","FL","33166","23","GRAND CUVEE","7214 NW 56 STREET","","","MD MIAMI","FL","33166","23","WSL2325936","20","20","05/17/2016","10/31/2016","03/31/2026","","",""
"400","4005","TRADING PARTNERS & CO","MEXP","","6161 BLUE LAGOON DRIVE, SUITE 150","","","MIAMI","FL","33126","23","TRADING PARTNERS & CO","6161 BLUE LAGOON DRIVE, SUITE 150","","","MIAMI","FL","33126","23","WSL2325937","20","20","05/19/2016","05/31/2025","03/31/2026","","",""
"400","4005","MASTRYS BREWING CO LLC","CMB","","2844 67TH WAY N","","","ST. PETERSBURG","FL","33710","62","MASTRYS BREWING CO","7701 BLIND PASS RD","","","ST.PETE BEACH","FL","33707","62","WSL6210415","20","20","05/27/2016","07/29/2016","09/30/2026","","",""
"400","4005","SAMACA, LLC","JDBW","","8332 NW 68 STREET","","","MIAMI","FL","33166","23","SAMACA LLC","8332 NW 68 STREET","","","MIAMI","FL","33166","23","WSL2325939","20","20","05/27/2016","07/12/2018","03/31/2026","","",""
"400","4005","SKY GLOBAL PURCHASING INC","MEXP","","2241 LAUREL PINE LN","","","ORLANDO","FL","32837","58","SKY GLOBAL PURCHASING INC","2241 LAUREL PINE LN","","","ORLANDO","FL","32837","58","WSL5808788","45","20","05/24/2016","10/21/2025","09/30/2025","","",""
"400","4005","SAILFISH BREWING COMPANY INC","CMB","","130 N 2ND ST 130 N 2ND STREET","","FORT PIERCE","FORT PIERCE","FL","34950","66","SAILFISH BREWING COMPANY","130 N 2ND ST","","","FORT PIERCE","FL","34950","66","WSL6602314","45","20","06/09/2016","10/21/2025","09/30/2025","","",""
"400","4005","CAVALIER SPIRITS LLC","KLD","","3960 FRONTAGE ROAD SOUTH","SUITE 820","","LAKELAND","FL","33815","63","CAVALIER DISTRIBUTING FLORIDA","11760 MIRAMAR PKWY","#600","","MIRAMAR","FL","33027","16","WSL1616912","20","20","06/01/2016","11/07/2022","03/31/2026","","",""
"400","4005","VENEZIA DISTRIBUTORS,LLC","MEXP","","8305 NW 27 STREET UNIT 115","","","DORAL","FL","33122","23","VENEZIA DISTRIBUTORS","8305 NW 27 STREET UNIT 115","","","DORAL","FL","33122","23","WSL2326181","20","20","06/13/2016","05/31/2025","03/31/2026","","",""
"400","4005","INLET BREWING COMPANY, INC.","BSA","","4448 NICOLE CIRCLE","","","JUPITER","FL","33469","60","INLET BREWING COMPANY INC","4448 NICOLE CIRCLE","","","JUPITER","FL","33469","60","WSL6013016","45","20","06/21/2016","10/21/2025","09/30/2025","","",""
"400","4005","M & C OF ORLANDO LLC","KLD","","PO BOX 770433","","","ORLANDO","FL","32877","58","M & C OF ORLANDO LLC","690 4TH STREET","","","ORLANDO","FL","32824","58","WSL5808795","20","20","08/17/2016","08/17/2016","09/30/2026","","",""
"400","4005","KROME BREWING COMPANY LLC","AMW","","17480 SW 232 STREET","","","MD MIAMI","FL","33170","23","KROME BREWING COMPANY LLC","17480 SW 232 STREET","","","MD MIAMI","FL","33170","23","WSL2325946","45","20","06/30/2016","10/21/2025","09/30/2025","","",""
"400","4005","NFK CORPORATION","MEXP","","11868 SW 80TH TERR","","","MD MIAMI","FL","33183","23","NFK CORPORATION","8150 SW 118 PLACE","","","MD MIAMI","FL","33183","23","WSL2325949","20","20","07/20/2016","05/31/2025","03/31/2026","","",""
"400","4005","BISSARO BROTHERS CULINARY LLC","JDBW","","1747 INDEPENDENCE BLVD E10","","","SARASOTA","FL","34234","68","BBC WINE IMPORTS","1747 INDEPENDENCE BLVD","#10 E","","SARASOTA","FL","34234","68","WSL6803635","20","20","07/08/2016","05/08/2018","03/31/2026","","",""
"400","4005","C & D HOLDINGS INTERNATIONAL INC","MEXP","","28540 SW 144TH AVENUE","","","HOMESTEAD","FL","33033","23","C & D HOLDINGS INTERNATIONAL INC","28540 SW 144TH AVENUE","","","HOMESTEAD","FL","33033","23","WSL2325953","20","20","08/18/2016","05/31/2025","03/31/2026","","",""
"400","4005","JACKSONTUCKY DISTILLERY INC","DD","CD","1100 SHETTER AVENUE #103","","","JACKSONVILLE BEACH","FL","32250","26","JACKSONTUCKY","1100 SHETTER AVENUE","UNIT 105","","JACKSONVILLE BEACH","FL","32250","26","WSL2608208","20","20","11/17/2016","11/17/2016","09/30/2026","","",""
"400","4005","BURLOCK AND BARREL DISTILLERS OF FLORIDA LLC","DD","CD","417 MAGNOLIA STREET","","","JACKSONVILLE","FL","32204","26","BURLOCK AND BARREL DISTILLERY","417 MAGNOLIA STREET","","","JACKSONVILLE","FL","32204","26","WSL2608205","45","20","08/24/2016","10/21/2025","09/30/2025","","",""
"400","4005","NOMAD & COMPANY DISTRIBUTING LLC","JDBW","","7901 W 25TH #2","","","HIEALEAH","FL","33016","23","NOMAD & COMPANY DISTRIBUTING LLC","7901 W 25 AVENUE, UNIT #2","","","HIALEAH","FL","33016","23","WSL2325952","20","20","08/11/2016","09/09/2025","03/31/2026","","",""
"400","4005","ARIZONA BEVERAGE COMPANY LLC","JDBW","","60 CROSSWAYS PARK DR W","","","WOODBURY","NY","11797","732","SOUTHEAST DISTRIBUTION COMPANY","3150 SADDLE CREEK RD BLDG 16 STE A","","","LAKELAND","FL","33801","63","WSL6305038","20","20","10/03/2016","07/17/2025","03/31/2026","","",""
"400","4005","TRD ENTERPRISES LLC","CMB","","929 EAST BAY STREET","","","JACKSONVILLE","FL","32202","26","INTUITION ALE WORKS","929 E BAY STREET","","","JACKSONVILLE","FL","32202","26","WSL2608204","20","20","08/22/2016","11/02/2016","09/30/2026","","",""
"400","4005","MANIFEST DISTILLING LLC","DD","CD","960 EAST FORSYTH STREET","","","JACKSONVILLE","FL","32202","26","MANIFEST","960 EAST FORSYTH STREET","","","JACKSONVILLE","FL","32202","26","WSL2608203","20","20","08/18/2016","01/27/2021","09/30/2026","","",""
"400","4005","FOUR SEAS DISTILLING COMPANY LLC","DD","CD","915 BUNKER VIEW DRIVE","","","APOLLO BEACH","FL","33572","39","COPPER BOTTOM CRAFT DISTILLERY","998 N BEACH STREET","","","HOLLY HILL","FL","32117","74","WSL7405801","20","20","10/11/2016","10/11/2016","09/30/2026","","",""
"400","4005","PERFECT BRANDS IMPORTING INC","IMPR","","1016 CLEMONS ST., 4TH FLOOR","","","JUPITER","FL","33477","60","PERFECT BRANDS IMPORTING INC","1016 CLEMONS ST. 4TH FLOOR","","","JUPITER","FL","33477","60","WSL6013019","20","20","09/27/2016","04/09/2024","09/30/2026","","",""
"400","4005","DUTY FREE CITY USA LLC","MEXP","","12602 NW 115TH AVE","","","MEDLEY","FL","33178","23","DUTY FREE CITY","5775 BLUE LAGOON DRIVE, SUITE 310","","","MIAMI","FL","33126","23","WSL2325954","20","20","08/19/2016","05/31/2025","03/31/2026","","",""
"400","4005","SOUTHERN GLAZERS WINE AND SPIRITS TRAVEL SALES AND EXPORT LLC","MEXP","","1600  NW 163 STREET","ATTN TAMMY LOVE","","MIAMI","FL","33169","23","SOUTHERN GLAZER'S TRAVEL RETAIL SALES & EXPORT","2400 SW 145TH AVE","","","MIRAMAR","FL","33027","16","WSL1616916","20","20","08/16/2016","05/31/2017","03/31/2026","","",""
"400","4005","ZEPHYRHILLS BREWING COMPANY LLC","CMB","","38530 5TH AVE","","","ZEPHYRHILLS","FL","33542","61","ZEPHYRHILLS BREWING COMPANY","38530 5TH AVE","","","ZEPHYRHILLS","FL","33542","61","WSL6103062","20","20","08/18/2016","10/18/2016","09/30/2026","","",""
"400","4005","RD AMERICA LLC","KLD","","17-10 WHITESTONE EXPRESSWAY","","","WHITESTONE","NY","11357","732","RESTAURANT DEPOT","17751 TAMIAMI TRL S","","","FORT MYERS","FL","33967","46","WSL4605186","20","20","08/29/2016","10/19/2016","03/31/2026","","",""
"400","4005","WICKED BARLEY BREWING COMPANY LLC","CMB","","4100 BAYMEADOWS ROAD","","","JACKSONVILLE","FL","32217","26","WICKED BARLEY","4100 BAYMEADOWS ROAD","","","JACKSONVILLE","FL","32217","26","WSL2608206","20","20","09/01/2016","02/22/2021","09/30/2026","","",""
"400","4005","WICKED BARLEY BREWING COMPANY LLC","AMW","","4100 BAYMEADOWS ROAD","","","JACKSONVILLE","FL","32217","26","WICKED BARLEY","4100 BAYMEADOWS ROAD","","","JACKSONVILLE","FL","32217","26","WSL2608207","20","20","09/06/2016","02/22/2021","09/30/2026","","",""
"400","4005","TERLEY LLC","IMPR","","10850 SW 92ND AVENUE","","","MD MIAMI","FL","33176","23","BELIKIN (USA)","10850 SW 92ND AVENUE","","","MD MIAMI","FL","33176","23","WSL2325959","45","20","09/23/2016","10/21/2025","09/30/2025","","",""
"400","4005","INCITY PROPERTY MANAGEMENT,LLC","KLD","","13 CLEARWATER LANE","","","SOUTH CAROLINA","SC","29926","741","SOUTH AFRICAN BEER","3560 INVESTMENT LANE","UNIT 102","","WEST PALM BEACH","FL","33404","60","WSL6013018","20","20","09/21/2016","09/27/2017","03/31/2026","","",""
"400","4005","CUENI BREWING COMPANY LLC","CMB","","945 HUNTLEY AVE","","","DUNEDIN","FL","34698","62","CUENI BREWING COMPANY","945 HUNTLEY AVE","","","DUNEDIN","FL","34698","62","WSL6210419","20","20","10/18/2016","10/18/2016","09/30/2026","","",""
"400","4005","COMPU-KING INC","MEXP","","8354 NW 68TH STREET","","","MIAMI","FL","33166","23","COMPU-KING INC","8354 NW 68 ST","","","MIAMI","FL","33166","23","WSL2326553","20","20","11/03/2016","05/31/2025","03/31/2026","","",""
"400","4005","REDLIGHT. REDLIGHT LLC","CMB","","2810 CORRINE DR","","","ORLANDO","FL","32803","58","REDLIGHT REDLIGHT","2810 CORRINE DR","","","ORLANDO","FL","32803","58","WSL5808798","20","20","10/03/2016","12/06/2016","09/30/2026","","",""
"400","4005","MEDITERRANEO TRADE INC","JDBW","","510 CENTRAL PARK DR","","","SANFORD","FL","32771","69","MEDITERRANEO ITALIAN WINE","510 CENTRAL PARK DR","","","SANFORD","FL","32771","69","WSL6900040","20","20","10/10/2016","10/27/2025","09/30/2026","","",""
"400","4005","MCARTHUR & MURRAY IMPORTS LLC","MEXP","","1118 25TH STREET","UNIT 2","","WEST PALM BEACH","FL","33407","60","ARTISAN PROVISIONS","1118 25TH STREET","UNIT 2","","WEST PALM BEACH","FL","33407","60","WSL6013020","20","20","10/17/2016","05/31/2025","03/31/2026","","",""
"400","4005","KEYS' MEADS LLC","AMW","","217 GASPARILLA DR","","","KEY LARGO","FL","33037","54","KEYS' MEADS LLC","99411 OVERSEAS HWY UNIT 6","","","KEY LARGO","FL","33037","54","WSL5402721","20","20","10/21/2016","01/24/2019","09/30/2026","","",""
"400","4005","FABRICMASTER, LLC","MEXP","","1638 NW 82ND AVE","","","MIAMI","FL","33126","23","FABRICMASTER LLC","7361 NW 35TH STREET","","","MIAMI","FL","33122","23","WSL2325962","20","20","10/12/2016","05/31/2025","03/31/2026","","",""
"400","4005","SCOTTYS BIERWERKS LLC","CMB","","901 E INDUSTRIAL CIRCLE","UNITS 1-3","","CAPE CORAL","FL","33909","46","SCOTTYS BIERWERKS LLC","901 E INDUSTRIAL CIR","#1 - 3","","CAPE CORAL","FL","33909","46","WSL4605189","45","20","12/08/2016","10/21/2025","09/30/2025","","",""
"400","4005","COLLIER BREWING COMPANY LLC","CMB","","999 VANDERBILT BEACH ROAD","SUITE 707","","NAPLES","FL","34108","21","BONE HOOK BREWING COMPANY","1514 IMMOKALEE RD","#106, 107","","NAPLES","FL","34110","21","WSL2103772","20","20","10/28/2016","11/15/2016","09/30/2026","","",""
"400","4005","LOUIS VORDEAUX WINERY LLC","JDBW","","999 NW 53 ST","","","FORT LAUDERDALE","FL","33309","16","LOUIS VORDEAUX WINERY","1100 NW 53RD ST","","","FORT LAUDERDALE","FL","33309","16","WSL1616929","20","21","01/11/2017","05/27/2025","03/31/2026","","",""
"400","4005","YOUR WINE CELLAR LLC","MEXP","","4045 FIVE FORK TRICKUM RD.","SUITE D205","","LILBURN","GA","30047","710","PHOENIX INTERNATIONAL WINE AND SPIRITS","11725 NW 100 RD","SUITE A","","MIAMI","FL","33178","23","WSL1616924","20","20","11/03/2016","05/09/2025","03/31/2026","","",""
"400","4005","BLACKADDER BREWING COMPANY LLC","CMB","","1000 NW 51ST TERRACE","","","GAINESVILLE","FL","32605","11","BLACKADDER BREWING COMPANY LLC","618 NW 60TH STREET","SUITE A","","GAINESVILLE","FL","32607","11","WSL1102351","20","20","12/01/2016","12/01/2016","09/30/2026","","",""
"400","4005","OLD COAST ALES INC","CMB","","300 ANASTASIA BLVD.","","","SAINT AUGUSTINE","FL","32080","65","OLD COAST ALES INC","300 ANASTASIA BLVD","UNIT C","","SAINT AUGUSTINE","FL","32080","65","WSL6501480","20","20","11/16/2016","12/23/2016","09/30/2026","","",""
"400","4005","FRIENDS BEVERAGE GROUP LLC","MEXP","","20200  WEST DIXIE HWY.","SUITE 806 - 8TH FLOOR","","AVENTURA","FL","33180","23","FRIENDS BEVERAGE GROUP LLC","20200 WEST DIXIE HWY.","SUITE 806 - 8TH FLOOR","","AVENTURA","FL","33180","23","WSL2325972","20","20","12/21/2016","05/31/2025","03/31/2026","","",""
"400","4005","SUMMER CRUSH VINEYARD & WINERY, LLC","JDBW","","437 ROUSE RD","","","FORT PIERCE","FL","34946","66","SUMMER CRUSH VINEYARD & WINERY","4200 JOHNSTON RD","","","FORT PIERCE","FL","34951","66","WSL6602316","20","20","01/10/2017","01/10/2017","03/31/2026","","",""
"400","4005","HIFI HOMEBREW AND BBQ SUPPLY LLC","CMB","","1441 JOEL LN","","","CLEARWATER","FL","33755","62","GRINDHAUS BREW LAB","1650 N HERCULES AVE STE I","","","CLEARWATER","FL","33765","62","WSL6210421","20","20","11/23/2016","10/27/2018","09/30/2026","","",""
"400","4005","HEMINGWAY RUM COMPANY LLC","DD","","5300 GATEWAY BLVD, SUITE 1","","","LAKELAND","FL","33811","63","HEMINGWAY SIGNATURE SPIRITS COLLECTION","5300 GATEWAY BLVD BAYS 1-6","","","LAKELAND","FL","33811","63","WSL6305039","20","20","12/13/2016","02/15/2017","09/30/2026","","",""
"400","4005","DRIFTWOOD ALES LLC","CMB","","2901 COMMERCE PARK DR., #6","","","BOYNTON BEACH","FL","33426","60","NOBO BREWING COMPANY","2901 COMMERCE PARK DRIVE","BAY 6","","BOYNTON BEACH","FL","33426","60","WSL6013023","45","20","12/27/2016","10/21/2025","09/30/2025","","",""
"400","4005","MAIDA SPIRITS","KLD","","12461 SW 130TH STREET, SUITE 14A","","","MIAMI","FL","33186","23","MAIDA SPIRITS","12461 SW 130 STREET # 14 A","","","MD MIAMI","FL","33186","23","WSL2325977","20","20","02/03/2017","02/03/2017","03/31/2026","","",""
"400","4005","EURO WINES TRADING INC","KLD","","3317 NW 97 AVE","","","DORAL","FL","33172","23","EURO WINES","3317 NW 97 AVE","","","DORAL","FL","33172","23","WSL2325974","20","20","12/29/2016","04/16/2019","03/31/2026","","",""
"400","4005","MIROCOS LLC","JDBW","","8450 NW 68 STREET, UNIT 4","","","MIAMI","FL","33166","23","MIROCOS LLC","8450 NW 68TH STREET UNIT 4","","","MIAMI","FL","33166","23","WSL2325973","20","20","12/27/2016","03/16/2017","03/31/2026","","",""
"400","4005","PAREIDOLIA ENTERPRISES LLC","CMB","","117 JOY HAVEN DRIVE","","","SEBASTIAN","FL","32958","41","PAREIDOLIA BREWING COMPANY","712 CLEVELAND STREET","","","SEBASTIAN","FL","32958","41","WSL4101611","20","20","01/06/2017","01/18/2017","09/30/2026","","",""
"400","4005","SOMMSELECTION LLC","JDBW","","1650 NW 94TH AVE","","","MIAMI","FL","33172","23","SOMMSELECTION LLC","1650 NW 94 AVE","","","DORAL","FL","33172","23","WSL2325975","20","20","01/12/2017","06/07/2024","03/31/2026","","",""
"400","4005","BJL SOURCES INC","CMB","","4458 HIGHWAY 87 SOUTH","","","NAVARRE","FL","32566","67","YE OLDE BROTHERS BREWERY","4458 HIGHWAY 87 SOUTH","","","NAVARRE","FL","32566","67","WSL6701023","20","20","01/17/2017","03/01/2017","09/30/2026","","",""
"400","4005","GREATER DEPTHS DISTRIBUTING, LLC.","JDBW","","1400 VILLAGE SQUARE BLVD STE 3-178","","","TALLAHASSEE","FL","32312","47","GREATER DEPTHS DISTRIBUTING, LLC.","2518 CATHAY COURT UNIT C","","","TALLAHASSEE","FL","32308","47","WSL4703245","20","20","03/10/2017","03/10/2017","09/30/2026","","",""
"400","4005","CYPRESS & GROVE BREWING CO.LLC","CMB","","P.O. BOX 6188","","","GAINESVILLE","FL","32627","11","CYPRESS & GROVE BREWING CO LLC","1001 NW 4TH STREET","","","GAINESVILLE","FL","32601","11","WSL1102352","20","20","03/22/2017","03/22/2017","09/30/2026","","",""
"400","4005","SOUTHERN SWELLS BREWING COMPANY LLC","CMB","","1312 BEACH BOULEVARD","","","JACKSONVILLE BEACH","FL","32250","26","SOUTHERN SWELLS BREWING COMPANY","1312 BEACH BOULEVARD","","","JACKSONVILLE BEACH","FL","32250","26","WSL2608209","20","20","01/18/2017","10/24/2025","09/30/2026","","",""
"400","4005","YAPPY DOG LLC","DD","CD","1216 SALERNO CT","","","ORLANDO","FL","32806","58","YAPPY DOG DISTILLERY","6839 NARCOOSSEE RD","UNIT #26","","ORLANDO","FL","32822","58","WSL5808802","20","20","02/09/2017","02/16/2021","09/30/2026","","",""
"400","4005","TRADIST CORP","MEXP","","7214 NW 56TH ST","","","MIAMI","FL","33166","23","TRADIST","7214 NW 56 STREET","","","MD MIAMI","FL","33166","23","WSL2325976","20","20","01/31/2017","02/01/2017","03/31/2026","","",""
"400","4005","BRIX PROJECT BREWERY LLC","CMB","","305 S WASHINGTON AVE","","","TITUSVILLE","FL","32796","15","HARDWARE STORE BREWING","305 S WASHINGTON AVE","","","TITUSVILLE","FL","32796","15","WSL1505419","20","20","03/16/2017","03/16/2017","09/30/2026","","",""
"400","4005","NOBLE BREWING COMPANY, INC","JDBW","","737 CRUISER RD","","","NORTH PALM BEACH","FL","33408","60","NOBLE BREWING COMPANY, INC","1379 N KILLIAN DR","#2","","LAKE PARK","FL","33403","60","WSL6013026","20","20","04/17/2017","04/28/2021","03/31/2026","","",""
"400","4005","DOM PARTNERS LLC","CMB","","PO BOX 1563","","","OCALA","FL","34478","52","INFINITE ALE WORKS","304 SOUTH MAGNOLIA AVE","","","OCALA","FL","34471","52","WSL5202622","45","20","03/01/2017","10/21/2025","09/30/2025","","",""
"400","4005","CUMA DISTRIBUTING COMPANY","KLD","","3636 NW 60TH STREET","","","MIAMI","FL","33142","23","HURRICANE BEVERAGE DISTRIBUTORS","3636 NW 60TH STREET","","","MIAMI","FL","33142","23","WSL2325982","20","20","03/07/2017","05/11/2022","03/31/2026","","",""
"400","4005","COASTAL BOUTIQUE WINE DISTRIBUTORS LLC","JDBW","","400 BEACH RD UNIT 121","","","VERO BEACH","FL","32963","41","COASTAL BOUTIQUE WINE DISTRIBUTORS LLC","3880 39TH SQ BAY E","","","VERO BEACH","FL","32960","41","WSL4101612","20","20","04/10/2017","10/02/2025","03/31/2026","","",""
"400","4005","SAN RAFAEL WINE CONSULTING LLC","IMPR","","150 SE 25 ROAD, #11J","","","MIAMI","FL","33129","23","NVY WINES","150 SE 25 ROAD, #11J","","","MIAMI","FL","33129","23","WSL2325983","20","20","03/15/2017","06/27/2018","09/30/2026","","",""
"400","4005","DEL VALLE IMPORT AND EXPORT # 2 LLC","MEXP","","3501 NW 67 ST # B","","","MIAMI","FL","33147","23","DEL VALLE IMPORT AND EXPORT # 2 LLC","3501 NW 67 STREET # B","","","MIAMI","FL","33147","23","WSL2325984","20","20","03/24/2017","05/31/2025","03/31/2026","","",""
"400","4005","SOGGY BOTTOM BREWING LLC","CMB","","662 MAIN ST.","","","DUNEDIN","FL","34698","62","SOGGY BOTTOM BREWING LLC","662 MAIN ST","","","DUNEDIN","FL","34698","62","WSL6210424","20","20","03/13/2017","04/06/2017","09/30/2026","","",""
"400","4005","FLOW TIME LLC","MEXP","","14771 INDIGO LAKES CIRCLE","","","NAPLES","FL","34119","21","FLOW TIME LLC","14771 INDIGO LAKES CIR","","","NAPLES","FL","34119","21","WSL2103774","20","20","03/20/2017","05/31/2025","03/31/2026","","",""
"400","4005","HERNANDO ROSE INVESTMENTS LLC","JDBW","","21509 SNOW HILL RD","","","BROOKSVILLE","FL","34601","37","SPARACIA - WITHERELL FAMILY WINERY AND VINEYARDS","21509 SNOW HILL RD","","","BROOKSVILLE","FL","34601","37","WSL3701228","20","20","05/01/2017","01/03/2025","09/30/2026","","",""
"400","4005","DELVER INVESTMENTS LLC","MEXP","","1631 15TH AVENUE W SUITE 219","","","SEATTLE","WA","98119","748","DELVER INVESTMENTS LLC","1500 WESTON RD","","","WESTON","FL","33326","16","WSL1616934","20","20","04/19/2017","05/31/2025","03/31/2026","","",""
"400","4005","BOLD CITY DOWNTOWN LLC","CMB","","2670-7 ROSSELLE STREET","","","JACKSONVILLE","FL","32204","26","BOLD CITY DOWNTOWN","109 EAST BAY STREET","","","JACKSONVILLE","FL","32202","26","WSL2608211","20","20","03/28/2017","05/24/2017","09/30/2026","","",""
"400","4005","TWO FROGS BREWING COMPANY LLC","CMB","","10413 PONTOFINO CIRCLE","","","TRINITY","FL","34655","61","TWO FROGS BREWING COMPANY LLC","151 E TARPON AVE","","","TARPON SPRINGS","FL","34689","62","WSL6210426","20","20","04/25/2017","04/25/2017","09/30/2026","","",""
"400","4005","PALM CITY BREWING COMPANY","CMB","","7887 DREW CIRCLE SUITE 130","","","FORT MYERS","FL","33967","46","PALM CITY BREWING","7887 DREW CIR","#130","","FORT MYERS","FL","33967","46","WSL4605190","20","20","03/30/2017","03/19/2018","09/30/2026","","",""
"400","4005","HEMINGWAY RUM COMPANY LLC","DD","CD","201 SIMONTON ST","","","KEY WEST","FL","33040","54","HEMINGWAY RUM COMPANY","201 SIMONTON ST","","","KEY WEST","FL","33040","54","WSL5402722","20","20","04/14/2017","05/09/2017","09/30/2026","","",""
"400","4005","OLOGY BREWING COMPANY LLC","CMB","","118 E 6TH AVE","","","TALLAHASSEE","FL","32303","47","OLOGY BREWING COMPANY LLC","118 EAST 6TH AVE","","","TALLAHASSEE","FL","32303","47","WSL4703246","20","20","04/13/2017","08/21/2019","09/30/2026","","",""
"400","4005","ASGRAM LLC","IMPR","","4301 SW 14TH STREET","","","MIAMI","FL","33134","23","ASGRAM LLC","4301 SW 14TH STREET","","","MIAMI","FL","33134","23","WSL2325991","20","20","04/27/2017","05/27/2017","09/30/2026","","",""
"400","4005","REAL VINUM LLC","JDBW","","2950 GLADES CIRCLES","SUITE #16","","WESTON","FL","33327","16","REAL VINUM LLC","2950 GLADES CIR","#16","","WESTON","FL","33327","16","WSL1616936","20","20","05/02/2017","05/20/2017","03/31/2026","","",""
"400","4005","NBT IMPORTS LLC","IMPR","","1834 BRICKELL AVENUE","44","","MIAMI","FL","33129","23","VILLA RIVIERA","690 SW 1ST COURT","#2312","","MIAMI","FL","33130","23","WSL2325993","20","20","04/28/2017","08/27/2019","09/30/2026","","",""
"400","4005","GRILOS INTERNATIONAL LLC","IMPR","","7850 SW 23 ST","UNIT 102","","MIAMI","FL","33155","23","GRILOS INTERNATIONAL LLC","7850 SW 23 ST","","","MIAMI","FL","33155","23","WSL2325994","20","20","05/01/2017","07/15/2025","09/30/2026","","",""
"400","4005","TOP WINES IMPORT LLC","MEXP","","10200  NW 110TH AVE ","SUITE 8","","MIAMI","FL","33178","23","TOP WINES IMPORT","80 SW 8TH STREET","SUITE 2000","","MIAMI","FL","33130","23","WSL2325992","20","20","04/27/2017","04/28/2025","03/31/2026","","",""
"400","4005","SOUTHERN GLAZER'S WINE AND SPIRITS, LLC","KLD","","1600 NW 163RD STREET SUITE 300","ATTN: TAMMY LOVE","","MIAMI","FL","33169","23","SOUTHERN GLAZER'S OF FL; SGWS","393 N CLEARY ROAD","BLDG 5","","WEST PALM BEACH","FL","33413","60","WSL6013027","20","20","05/12/2017","06/08/2017","03/31/2026","","",""
"400","4005","YOUR WINE CELLAR LLC","MEXP","","4045 FIVE FORK TRICKUM RD.","SUITE D205","","LILBURN","GA","30047","710","YOUR WINE CELLAR","3479 NE 163 ST","SUITE220","","MIAMI","FL","33160","23","WSL2325998","20","20","05/17/2017","05/09/2025","03/31/2026","","",""
"400","4005","ALT WINES LLC","IMPR","","1527 ROBBIA AVENUE","","","CORAL GABLES","FL","33146","23","ALT WINES LLC","1527 ROBBIA AVENUE","","","CORAL GABLES","FL","33146","23","WSL2325997","20","20","05/11/2017","01/09/2018","09/30/2026","","",""
"400","4005","BLUEMOSA LLC","AMW","","7864 W IRLO BRONSON MEMORIAL HWY","","","KISSIMMEE","FL","34747","59","BLUEMOSA LLC","3011 FORMOSA GARDENS BLVD","","","KISSIMMEE","FL","34747","59","WSL5902248","20","20","10/24/2017","10/24/2017","09/30/2026","","",""
"400","4005","ELEMAR INTERNATIONAL FORWARDING INC","JDBW","","3475 NW 114 AVENUE","","","MIAMI","FL","33178","23","ELEMAR INTERNATIONAL FORWARDING, INC.","3475 NW 114 AVENUE","","","MIAMI","FL","33178","23","WSL2325999","20","20","05/18/2017","08/01/2018","03/31/2026","","",""
"400","4005","IWK USA IMPORTERS LLC","IMPR","","1840 JEFFERSON AVE","303","","MIAMI BEACH","FL","33139","23","IWK USA IMPORTERS, LLC","1840 JEFFERSON AVE","303","","MIAMI BEACH","FL","33139","23","WSL2326000","20","20","05/19/2017","06/22/2018","09/30/2026","","",""
"400","4005","MATHEWS BREWING COMPANY LLC","CMB","","445 WINDOW ROCK DR","","","WELLINGTON","FL","33414","60","MATHEWS BREWING COMPANY","130 SOUTH H STREET","","","LAKE WORTH","FL","33460","60","WSL6013029","20","20","05/18/2017","06/06/2017","09/30/2026","","",""
"400","4005","HOPLIFE LLC","CMB","","679 NW ENTERPRISE DR","UNIT 101","","PORT ST LUCIE","FL","34986","66","HOPLIFE BREWING COMPANY","679 NW ENTERPRISE DRIVE","#101","","PORT ST LUCIE","FL","34986","66","WSL6602318","20","20","06/05/2017","06/23/2017","09/30/2026","","",""
"400","4005","PROSPERITY BREW CO LLC","CMB","","4160 NW 1ST AVE","#21","","BOCA RATON","FL","33431","60","PROSPERITY BREWERS","4160 NW 1ST AVE","#19,20,21","","BOCA RATON","FL","33431","60","WSL6013034","20","20","07/20/2017","09/29/2025","09/30/2026","","",""
"400","4005","SOS UNIVERSAL LLC","MEXP","","122 E MAIN ST","","","LAKELAND","FL","33801","63","SOS UNIVERSAL LLC","122 E MAIN ST","","","LAKELAND","FL","33801","63","WSL6305040","20","20","06/13/2017","05/31/2025","03/31/2026","","",""
"400","4005","MATTEDEN INC","MEXP","","8667 ALEGRE CIRCLE","","","ORLANDO","FL","32836","58","WINELINK","8667 ALEGRE CIRCLE","","","ORLANDO","FL","32836","58","WSL5808808","45","20","06/14/2017","10/21/2025","09/30/2025","","",""
"400","4005","DIRTY OAR BEER COMPANY LLC","CMB","","329 KING STREET","","","COCOA","FL","32922","15","DIRTY OAR BEER COMPANY LLC","329 KING STREET","","","COCOA","FL","32922","15","WSL1505429","20","20","06/22/2017","03/07/2025","09/30/2026","","",""
"400","4005","EWS IMPORTS LLC","IMPR","","2645 EXECUTIVE PARK DRIVE","SUITE 122","","WESTON","FL","33331","16","EWS IMPORTS LLC","2645 EXECUTIVE PARK DR","#122","","WESTON","FL","33331","16","WSL1616944","45","20","09/25/2017","10/21/2025","09/30/2025","","",""
"400","4005","WINEBULLY LLC","MEXP","","17001 ALICO COMMERCE CT STE 404","","","FORT MYERS","FL","33967","46","WINEBULLY","17001 ALICO COMMERCE CT","#404","","FORT MYERS","FL","33967","46","WSL4605193","20","20","06/30/2017","05/31/2025","03/31/2026","","",""
"400","4005","GOODFELLOW EXPORT LLC","MEXP","","5403 N HAVERHILL RD","#233","","WEST PALM BEACH","FL","33407","60","GOODFELLOW EXPORT LLC","5403 N HAVERHILL RD","#233","","WEST PALM BEACH","FL","33407","60","WSL6013033","20","20","07/10/2017","05/31/2025","03/31/2026","","",""
"400","4005","RUM COMPANY LLC","MEXP","","7750 OKEECHOBEE BLVD ","SUITE# 4-213","","WEST PALM BEACH","FL","33411","60","ISLAND COMPANY","312 CLEMATIS STREET","#401","","WEST PALM BEACH","FL","33401","60","WSL6013031","20","20","06/30/2017","05/31/2025","03/31/2026","","",""
"400","4005","DANISH BREWERY GROUP INC (THE)","IMPR","","8750 NW 36TH STREET STE 260","","","DORAL","FL","33178","23","DANISH BREWERY GROUP","8750 NW 36TH STREET STE 260","","","DORAL","FL","33178","23","WSL2326013","20","20","08/03/2017","01/10/2019","09/30/2026","","",""
"400","4005","SUGAR SAND DISTILLERY LLC","DD","CD","POBOX 948","","","LAKE PLACID","FL","33862","38","SUGAR SAND DISTILLERY LLC","264 HENSCRATCH ROAD","","","LAKE PLACID","FL","33852","38","WSL3801160","20","20","08/11/2017","08/11/2017","09/30/2026","","",""
"400","4005","MIAMI BEER VENTURES LLC","CMB","","55 NW 25TH STREET","","","MIAMI","FL","33127","23","CASA LA RUBIA","55 NW 25TH STREET","","","MIAMI","FL","33127","23","WSL2326012","20","20","07/27/2017","09/06/2024","09/30/2026","","",""
"400","4005","PIERCED CIDERWORKS INC","AMW","","411 N 2ND ST","","","FORT PIERCE","FL","34950","66","PIERCED CIDERWORKS","411 N 2ND ST","","","FORT PIERCE","FL","34950","66","WSL6602319","20","20","11/27/2017","10/21/2025","09/30/2026","","",""
"400","4005","MIIKYONG SPIRITS LLC","MEXP","","15521 QUEENSFERRY DRIVE","","","FORT MYERS","FL","33912","46","MIIKYONG SPIRITS LLC","15521 QUEENSFERRY DR","","","FORT MYERS","FL","33912","46","WSL4605195","20","20","08/29/2017","05/31/2025","03/31/2026","","",""
"400","4005","HALF WALL BREWERY LLC","CMB","","3770 S NOVA RD","","","PORT ORANGE","FL","32129","74","HALF WALL BREWERY","1887 SR 44","","","NEW SMYRNA BEACH","FL","32168","74","WSL7405802","20","20","09/01/2017","10/30/2017","09/30/2026","","",""
"400","4005","ALPHA MARKETING NETWORK INC","MEXP","","16290 N.W. 13TH AVE","","","MIAMI","FL","33169","23","AMN DISTRIBUTORS","16290 NW 13 AVE","","","MIAMI","FL","33169","23","WSL2326020","20","20","09/05/2017","09/21/2017","03/31/2026","","",""
"400","4005","GOOD LIQUID BREWING COMPANY LLC THE","CMB","","3411 RIVERWOODS DRIVE","","","PARRISH","FL","34219","51","GOOD LIQUID BREWING COMPANY LLC THE","2011 51ST AVE E","#100","","PALMETTO","FL","34221","51","WSL5102553","20","20","10/23/2017","10/23/2017","09/30/2026","","",""
"400","4005","ARANO LLC","IMPR","","2385 NW EXECUTIVE CENTER DRIVE","SUITE 100","","BOCA RATON","FL","33431","60","CVNE","2385 NW EXECUTIVE CENTER DRIVE","SUITE 100","","BOCA RATON","FL","33431","60","WSL6013037","20","20","08/29/2017","08/31/2017","09/30/2026","","",""
"400","4005","FRS GROUP INC","KLD","","1420 SW 3RD AVE","","","FORT LAUDERDALE","FL","33315","16","FLORIDA ROYAL SPIRITS","1420 SW 3RD AVE","","","FORT LAUDERDALE","FL","33315","16","WSL1616946","20","20","10/05/2017","10/05/2017","03/31/2026","","",""
"400","4005","FWS COPABOCA DISTRIBUTION LLC","KLD","","2013 NW 76 ST","","","MIAMI","FL","33147","23","FWS COPABOCA DISTRIBUTION LLC","7216 NW 56 STREET","","","MIAMI","FL","33166","23","WSL2326021","20","20","09/06/2017","01/19/2022","03/31/2026","","",""
"400","4005","AMERICAN ICON BREWERY LLC","CMB","","4781 N CONGRESS AVE. #280","","","BOYNTON BEACH","FL","33426","60","AMERICAN ICON BREWERY","1133 19TH PLACE","","","VERO BEACH","FL","32960","41","WSL4101613","20","20","10/04/2017","10/13/2017","09/30/2026","","",""
"400","4005","FOUR FATHERS DISTILLERY LLC","DD","CD","12790 AVALON COVE DR S","","","JACKSONVILLE","FL","32224","26","FOUR FATHERS DISTILLERY LLC","2917 BORDEN ST","","","JACKSONVILLE","FL","32209","26","WSL2608215","20","20","11/06/2017","12/07/2023","09/30/2026","","",""
"400","4005","IRA INTERNATIONAL,LLC","IMPR","","1965 SOUTH OCEAN DR","STE 11-D","","HALLANDALE BEACH","FL","33009","16","IRA INTERNATIONAL","1965 S OCEAN DR","#11 D","","HALLANDALE BEACH","FL","33009","16","WSL1616948","20","20","10/30/2017","10/30/2017","09/30/2026","","",""
"400","4005","VINOVERITAS LLC","KLD","","12340 66TH ST N","SUITE 103","","LARGO","FL","33773","62","VINOVERITAS LLC","12340 66TH ST N","SUITE 103","","LARGO","FL","33773","62","WSL6210430","20","20","10/10/2017","01/30/2018","09/30/2026","","",""
"400","4005","TOROS & VINOS LLC","JDBW","","200 NW  52 AVE","","","MIAMI","FL","33126","23","TOROS & VINOS LLC","10601 NW 122 STREET","#9","","MEDLEY","FL","33178","23","WSL2326032","20","20","11/16/2017","05/10/2018","03/31/2026","","",""
"400","4005","HEAD WEST BREWING LLC","BSA","","P O BOX 351719","","","PALM COAST","FL","32135","28","HEAD WEST BREWING, ALCATRAZ BREWING","20 OCEAN VISTA LANE","","","PALM COAST","FL","32137","28","WSL2800702","20","20","10/24/2017","10/24/2017","09/30/2026","","",""
"400","4005","DIVINO IMPORTS & DISTRIBUTORS LLC","JDBW","","18227 NE FOURTH CT ","","","MIAMI","FL","33162","23","DIVINO IMPORTS & DISTRIBUTORS LLC","18227 NE 4TH COURT","","","MIAMI","FL","33162","23","WSL2326026","20","20","10/16/2017","08/12/2020","03/31/2026","","",""
"400","4005","DOG ROSE BREWING CO","CMB","","77 BRIDGE ST","","","SAINT AUGUSTINE","FL","32084","65","DOG ROSE BREWING CO","77 BRIDGE ST","","","SAINT AUGUSTINE","FL","32084","65","WSL6501482","20","20","10/11/2017","12/09/2017","09/30/2026","","",""
"400","4005","BLURACK LLC","KLD","","555 AIRLINE DR.","STE #100","","COPPELL","TX","75019","744","GREEN LIGHT DISTRIBUTION","2315 STIRLING RD","","","DANIA BEACH","FL","33312","16","WSL1616947","20","20","10/20/2017","10/29/2024","03/31/2026","","",""
"400","4005","BROKERS INTERNATIONAL LLC","MEXP","","105 CONCORD DR","UNIT #105","","CASSELBERRY","FL","32707","69","BROKERS INTERNATIONAL LLC","105 CONCORD DR","UNIT #105","","CASSELBERRY","FL","32707","69","WSL6903106","45","20","10/23/2017","10/21/2025","09/30/2025","","",""
"400","4005","GSCP WINES LLC","KLD","","9335 NW 101 STREET","","","MEDLEY","FL","33178","23","GSCP WINES LLC","9335 NW 101 STREET","","","MEDLEY","FL","33178","23","WSL2326028","20","20","10/27/2017","06/25/2025","03/31/2026","","",""
"400","4005","SEABOX INTERNATIONAL INC","MEXP","","12225 SW 128TH STREET, UNIT 104","","","MIAMI","FL","33186","23","SEABOX INTERNATIONAL INC","12225 SW 128TH STREET, UNIT 104","","","MD MIAMI","FL","33186","23","WSL2326027","20","20","10/26/2017","07/01/2020","03/31/2026","","",""
"400","4005","VINTELL INC","MEXP","","979 COUNTY RD.","309","","EUREKA SPRINGS","AR","72632","704","VINTELL INC","1470 NW 107TH AVE","STE - E","","MIAMI","FL","33172","23","WSL2326029","20","20","11/03/2017","05/31/2025","03/31/2026","","",""
"400","4005","NAPLES GLOBAL TRADING LLC","JDBW","","1777 DANFORD STREET","","","NAPLES","FL","34112","21","NAPLES GLOBAL TRADING LLC","1777 DANFORD ST","","","NAPLES","FL","34112","21","WSL2103778","20","20","11/28/2017","11/28/2017","03/31/2026","","",""
"400","4005","HONEY LANE DISTILLERY INC","DD","CD","5175 INTERNATIONAL AVE","","","MIMS","FL","32754","15","HONEY LANE DISTILLERY INC","5175 INTERNATIONAL AVE","","","MIMS","FL","32754","15","WSL1505431","20","20","11/03/2017","02/03/2018","09/30/2026","","",""
"400","4005","LOPS, JOSEPH P","JDBW","","5900 AUSTRALIAN AVE  UNIT40","","","WEST PALM BEACH","FL","33407","60","44 SENECA GLENN","5900 AUSTRALIAN AVE","STE 40","","WEST PALM BEACH","FL","33407","60","WSL6013041","20","21","11/09/2017","08/18/2025","03/31/2026","","",""
"400","4005","ROYAL PALM BREWING COMPANY LLC","CMB","","543 N STATE ROAD 7","SUITE 103","","ROYAL PALM BEACH","FL","33411","60","ROYAL PALM BREWING COMPANY","543 N STATE ROAD 7","SUITE 103,106,107","","ROYAL PALM BEACH","FL","33411","60","WSL6013042","20","20","12/01/2017","12/01/2017","09/30/2026","","",""
"400","4005","QUILA MARIA'S TEQUILA RIA LLC","DD","CD","10257 WINDHORST RD","","","TAMPA","FL","33619","39","QUILA MARIA'S","10257 WINDHORST RD","","","TAMPA","FL","33619","39","WSL3909308","45","20","01/17/2018","10/21/2025","09/30/2025","","",""
"400","4005","DEVIANT WOLFE BREWING LLC","CMB","","121 W 1ST STREET","","","SANFORD","FL","32771","69","DEVIANT WOLFE BREWING","121 W 1ST STREET","","","SANFORD","FL","32771","69","WSL6903107","20","20","01/19/2018","01/19/2018","09/30/2026","","",""
"400","4005","FAM BUSINESS INC","KLD","","P.O. BOX 691112","","","ORLANDO","FL","32869","58","FAM BUSINESS INC","1511 DAMON AVE","","","KISSIMMEE","FL","34744","59","WSL5902258","20","20","12/05/2017","12/15/2023","09/30/2026","","",""
"400","4005","IMPERO WINE DISTRIBUTORS PALM BEACH INC","KLD","","3595 N DIXIE HWY","BAY #3","","BOCA RATON","FL","33431","60","IMPERO WINE DISTRIBUTORS PALM BEACH","3595 N DIXIE HWY","BAY #3","","BOCA RATON","FL","33431","60","WSL6012870","20","20","01/12/2018","10/02/2024","03/31/2026","","",""
"400","4005","ENVOY POINT LLC","MEXP","","4522 S CLARK AVE","","","TAMPA","FL","33611","39","ENVOY POINT LLC","4522 S CLARK AVE","","","TAMPA","FL","33611","39","WSL3909309","45","20","01/18/2018","10/21/2025","09/30/2025","","",""
"400","4005","BALBOA SUN LLC","MEXP","","9383 NW  13TH STREET","","","DORAL","FL","33172","23","BALBOA SUN LLC","8000 GOVERNORS SQUARE BOULEVARD","SUITE 102","","MIAMI LAKES","FL","33016","23","WSL2326038","20","20","12/20/2017","05/31/2025","03/31/2026","","",""
"400","4005","TEXAS WELLHOUSE LLC","KLD","","1107 KEY  PLAZA 501","","","KEY WEST","FL","33040","54","KEY WEST SMUGGLER CO","627 EATON ST","","","KEY WEST","FL","33040","54","WSL5402725","20","20","12/20/2017","02/02/2018","03/31/2026","","",""
"400","4005","VINES & WINE INC","KLD","","1915  W CHERRY STREET","","","TAMPA","FL","33607","39","VINES & WINE","1915 W. CHERRY ST","","","TAMPA","FL","33607","39","WSL3909307","45","20","12/18/2017","10/21/2025","09/30/2025","","",""
"400","4005","TEXAS WELLHOUSE LLC","MEXP","","1107 KEY PLAZA # 515","","","KEY WEST","FL","33040","54","TEXAS WELLHOUSE LLC","627 EATON ST","","","KEY WEST","FL","33040","54","WSL5402726","20","20","12/20/2017","05/31/2025","03/31/2026","","",""
"400","4005","WORLD WINERIES INC","IMPR","","","","","","","","","SIDEWALK WINE MERCHANTS","602 SOUTH BOULEVARD","","","TAMPA","FL","33606","39","WSL3909310","20","20","01/18/2018","10/23/2025","09/30/2026","","",""
"400","4005","RUM PROJECT LLC (THE)","DD","CD","6430 N FLORIDA AVE ","","","TAMPA","FL","33604","39","82 WEST DISTILLING","6430 N FLORIDA AVE","","","TAMPA","FL","33604","39","WSL3909312","20","20","03/02/2018","02/06/2024","09/30/2026","","",""
"400","4005","SWAN BREWING LLC","CMB","","115 W PINE ST","","","LAKELAND","FL","33815","63","SWAN BREWING LLC","115 W PINE ST","","","LAKELAND","FL","33815","63","WSL6305043","20","20","01/12/2018","10/26/2022","09/30/2026","","",""
"400","4005","RD AMERICA LLC","KLD","","17-10 WHITESTONE EXPRESSWAY","","","WHITESTONE","NY","11357","732","RESTAURANT DEPOT","2020 S POINCIANA BLVD","","","KISSIMMEE","FL","34758","59","WSL5902249","20","20","01/11/2018","02/22/2018","09/30/2026","","",""
"400","4005","TAMPA BAY RUM COMPANY LLC","DD","CD","4800 4TH STREET N","","","ST. PETERSBURG","FL","33703","62","TAMPA BAY RUM COMPANY","2102 E 4TH AVE","","","TAMPA","FL","33605","39","WSL3909311","20","20","01/29/2018","03/01/2018","09/30/2026","","",""
"400","4005","SUPERIOR VINOS LLC","IMPR","","1000 RIVER REACH DR","#521","","FORT LAUDERDALE","FL","33315","16","SUPERIOR VINOS","1000 RIVER REACH DR","#521","","FORT LAUDERDALE","FL","33315","16","WSL1616955","20","20","02/21/2018","02/21/2018","09/30/2026","","",""
"400","4005","PHARMASCAN LLC","IMPR","","1201 GULF BLVD","","","BELLEAIR BEACH","FL","33786","62","PHARMASCAN LLC","1201 GULF BLVD","","","BELLEAIR BEACH","FL","33786","62","WSL6210436","20","20","01/30/2018","04/05/2018","09/30/2026","","",""
"400","4005","TOLL ROAD BREWING COMPANY LLC","CMB","","101 W MCKEY STREET","","","OCOEE","FL","34761","58","TOLL ROAD BREWING COMPANY","101 W MCKEY STREET","","","OCOEE","FL","34761","58","WSL5808819","20","20","04/20/2018","04/20/2018","09/30/2026","","",""
"400","4005","TIDAL BREWING COMPANY LLC","CMB","","14311  SPRING HILL DR","","","SPRING HILL","FL","34609","37","TIDAL BREWING COMPANY LLC","14309 SPRING HILL DR","","","SPRING HILL","FL","34609","37","WSL3701229","20","20","02/14/2018","02/14/2018","09/30/2026","","",""
"400","4005","WAREHOUSE DIVISION OF WORLD TERMINAL AND DISTRIBUTING CORPORATIO","KLD","","2801 NW 74 AVENUE SUITE 100","","","MD MIAMI","FL","33122","23","WTDC","2801 NW 74 AVENUE SUITE 100","","","MD MIAMI","FL","33122","23","WSL2326041","20","20","02/06/2018","04/14/2018","03/31/2026","","",""
"400","4005","SUNDANCE SPIRITS COMPANY","IMPR","","822 N A1A HIGHWAY SUITE 310","","","PONTE VEDRA BEACH","FL","32082","65","SUNDANCE SPIRITS","822 N A1A HIGHWAY SUITE 310","","","PONTE VEDRA BEACH","FL","32082","65","WSL6501484","20","20","02/15/2018","10/30/2018","09/30/2026","","",""
"400","4005","DOWNTOWN FORT LAUDERDALE BREWERY LLC","CMB","","221 S ANDREWS AVE","","","FORT LAUDERDALE","FL","33301","16","TARPON RIVER BREWING","280 SW 6TH ST","","","FORT LAUDERDALE","FL","33301","16","WSL1616954","20","20","02/20/2018","10/02/2024","09/30/2026","","",""
"400","4005","ENTRECARGAS LLC","MEXP","","8900 NW 35TH LANE SUITE 140","","","MIAMI","FL","33172","23","ENTRECARGAS","8900 NW 35TH LANE SUITE 140","","","MIAMI","FL","33172","23","WSL2326042","20","20","02/22/2018","05/31/2025","03/31/2026","","",""
"400","4005","FLORIDA KEYS BREWING CO LLC","CMB","","200 MORADA WAY","","","ISLAMORADA","FL","33036","54","FLORIDA KEYS BREWING CO","81611 OLD HIGHWAY","","","ISLAMORADA","FL","33036","54","WSL5402727","20","20","02/28/2018","05/22/2018","09/30/2026","","",""
"400","4005","F.C. ZIEGLER CO","JDBW","","2111 E. 11TH STREET","","","TULSA","OK","74104","737","MORONEY'S RELIGIOUS ART","5090 N DIXIE HWY","","","OAKLAND PARK","FL","33334","16","WSL1603558","20","20","10/12/2018","05/16/2024","03/31/2026","","",""
"400","4005","BULLFROG CREEK BREWING LLC","CMB","","3632 LITHIA PINECREST ROAD","","","VALRICO","FL","33596","39","BULLFROG CREEK BREWING","3632 LITHIA PINECREST ROAD","","","VALRICO","FL","33596","39","WSL3909313","45","20","03/13/2018","10/21/2025","09/30/2025","","",""
"400","4005","D' CATA DISTRIBUTOR CORP","MEXP","","5715 NW 84 AVE","","","DORAL","FL","33166","23","D' CATA DISTRIBUTOR","5715 NW 84 AVE","","","DORAL","FL","33166","23","WSL2326049","20","20","04/09/2018","05/31/2025","03/31/2026","","",""
"400","4005","INVASIVE SPECIES BREWING LLC","CMB","","726 NE 2ND AVENUE","","","FORT LAUDERDALE","FL","33304","16","INVASIVE SPECIES BREWING","726 NE 2ND AVE","","","FORT LAUDERDALE","FL","33304","16","WSL1616956","45","20","03/08/2018","10/21/2025","09/30/2025","","",""
"400","4005","D'VINE DISTRIBUTORS LLC","JDBW","","15670 SW 143 AVE","","","MIAMI","FL","33177","23","D'VINE DISTRIBUTORS LLC","1446 NW 78TH AVE","","","DORAL","FL","33126","23","WSL2326045","20","20","03/13/2018","05/17/2018","03/31/2026","","",""
"400","4005","JOYLAND BREWING COMPANY LLC","CMB","","1300 ALDEN ROAD","","","ORLANDO","FL","32803","58","IVANHOE PARK BREWING CO","1300 ALDEN ROAD","","","ORLANDO","FL","32803","58","WSL5808820","45","20","04/24/2018","10/21/2025","09/30/2025","","",""
"400","4005","QUALITERRA CORP","IMPR","","1080 BRICKELL AVE UNIT 3507","","","MIAMI","FL","33131","23","QUALITERRA CORP","1080 BRICKELL AVE UNIT 3507","","","MIAMI","FL","33131","23","WSL2326047","45","20","03/20/2018","10/21/2025","09/30/2025","","",""
"400","4005","A I G WINE & SPIRTS IMPORT CO INC","MEXP","","5320 NW 107 AVE","","","CORAL SPRINGS","FL","33076","16","A I G WINE & SPIRTS IMPORT CO INC","5320 NW 107TH AVE","","","CORAL SPRINGS","FL","33076","16","WSL1616959","20","20","04/02/2018","05/31/2025","03/31/2026","","",""
"400","4005","KOLO SHIPPING COMPANY","MEXP","","4708 LITTLE DENSIE CT","","","VALRICO","FL","33594","39","KOLO SHIPPING COMPANY","4708 LITTLE DENSIE CT","","","VALRICO","FL","33594","39","WSL3909315","45","20","03/30/2018","10/21/2025","09/30/2025","","",""
"400","4005","HUNGARICUM TRADING COMPANY","IMPR","","PO BOX 357605","","","GAINESVILLE","FL","32635","11","HUNGARICUM TRADING COMPANY","726 NW 23RD AVENUE","","","GAINESVILLE","FL","32609","11","WSL1102353","20","20","04/19/2018","04/19/2018","09/30/2026","","",""
"400","4005","SUGAR WORKS DISTILLERY LLC","DD","CD","4610 VAN KLEECK DR.","","","NEW SMYRNA BEACH","FL","32169","74","SUGAR WORKS DISTILLERY LLC","214 N ORANGE STREET","","","NEW SMYRNA BEACH","FL","32168","74","WSL7405805","45","20","06/18/2018","10/21/2025","09/30/2025","","",""
"400","4005","LEAVEN BREWING COMPANY LLC","CMB","","11238 BOYETTE RD","","","RIVERVIEW","FL","33569","39","LEAVEN BREWING COMPANY LLC","11238 BOYETTE RD","","","RIVERVIEW","FL","33569","39","WSL3909314","20","20","03/23/2018","01/27/2021","09/30/2026","","",""
"400","4005","CROOK & MARKER LLC","IMPR","","1 N. JOHNSTON AVE.","STE. D118","","HAMILTON","NJ","08609","730","CROOK AND MARKER","801 NORTHPOINT PARKWAY","STE 49","","WEST PALM BEACH","FL","33407","60","WSL6013044","20","20","03/23/2018","04/16/2018","09/30/2026","","",""
"400","4005","CONGAREE AND PENN FARM CIDER LLC","AMW","","11830 OLD KINGS ROAD","UNIT 2","","JACKSONVILLE","FL","32219","26","CONGAREE AND PENN FARM CIDER","11830 OLD KINGS ROAD","UNIT 2","","JACKSONVILLE","FL","32219","26","WSL2608218","20","20","04/04/2018","04/28/2018","09/30/2026","","",""
"400","4005","ATLANTIC WINE IMPORTERS INC","IMPR","","2525 PONCE DE LEON BLVD, SUITE 1225","","","CORAL GABLES","FL","33134","23","ATLANTIC WINE IMPORTERS INC","8236 NW 30TH TERRACE, SUITE A","","","DORAL","FL","33122","23","WSL2326058","20","20","05/25/2018","04/26/2022","09/30/2026","","",""
"400","4005","SPANISH MARIE LLC","CMB","","14241 SW 120TH ST  STE 109","","","MIAMI","FL","33186","23","SPANISH MARIE LLC","14241 &14251 SW 120TH ST","STE 108-109","","MIAMI","FL","33186","23","WSL2326051","45","20","04/18/2018","10/21/2025","09/30/2025","","",""
"400","4005","CORPORATE LADDER BREWING COMPANY","CMB","","4935 96TH STREET EAST","","","PALMETTO","FL","34221","51","CORPORATE LADDER BREWING COMPANY","4935 96TH ST E","","","PALMETTO","FL","34221","51","WSL5102556","45","20","05/25/2018","10/21/2025","09/30/2025","","",""
"400","4005","SILVER TIP DISTRIBUTION FLORIDA LLC","KLD","","622 KENTUCKY","","","DEER LODGE","MT","59722","726","SILVER TIP DISTRIBUTION FLORIDA LLC","2590 17TH ST","","","SARASOTA","FL","34234","68","WSL6803626","20","20","05/22/2018","08/07/2025","03/31/2026","","",""
"400","4005","OVERFLOW BREWING CO","CMB","","11398 120TH TER N","","","LARGO","FL","33778","62","OVERFLOW BREWING CO","770 1ST AVE N","","","ST. PETERSBURG","FL","33701","62","WSL6210438","45","20","04/18/2018","10/21/2025","09/30/2025","","",""
"400","4005","POUR HOUSE AT GRAND CENTRAL LLC","CMB","","1208 E KENNEDY BLVD","SUITE #112","","TAMPA","FL","33602","39","POUR HOUSE AT GRAND CENTRAL LLC","1208 E KENNEDY BLVD #112","","","TAMPA","FL","33602","39","WSL3909318","45","20","04/20/2018","10/21/2025","09/30/2025","","",""
"400","4005","EBC COASTAL LLC","CMB","","374 US HIGHWAY 98","","","EAST POINT","FL","32328","29","EASTPOINT BEER COMPANY","374 US HIGHWAY 98","","","EAST POINT","FL","32328","29","WSL2900487","20","20","07/31/2018","07/31/2018","09/30/2026","","",""
"400","4005","TACTICAL BREWING LLC","CMB","","4882 NEW BROAD ST","","","ORLANDO","FL","32814","58","TACTICAL BREWING COMPANY","4882 NEW BROAD ST","","","ORLANDO","FL","32814","58","WSL5808823","20","20","05/25/2018","01/04/2022","09/30/2026","","",""
"400","4005","3RD PLANET BREWING TOO INC","CMB","","2181 CHASE DR.","","","NICEVILLE","FL","32578","56","3RD PLANET BREWING TOO","1400 JOHN SIMS PKWY","","","NICEVILLE","FL","32578","56","WSL5602614","20","20","05/29/2018","05/29/2018","09/30/2026","","",""
"400","4005","ARIEL & LEIRAS DISTRIBUTING LLC","MEXP","","2648 FLAMINGO DR","","","MIRAMAR","FL","33023","16","ARIEL & LEIRAS DISTRIBUTING LLC","2648 FLAMINGO DR","","","MIRAMAR","FL","33023","16","WSL1616964","20","20","06/21/2018","05/31/2025","03/31/2026","","",""
"400","4005","VINE & VINE, INC.","IMPR","","3313 SW 11TH AVE","","","FORT LAUDERDALE","FL","33315","16","VINE & VINE, INC.","3313 SW 11TH AVE","","","FORT LAUDERDALE","FL","33315","16","WSL1617029","20","20","06/07/2018","08/03/2018","09/30/2026","","",""
"400","4005","TATTERSALL SUPPLY LLC","MEXP","","997 NW 31ST AVE","","","POMPANO BEACH","FL","33069","16","TATTERSALL","997 NW 31ST AVE","","","POMPANO BEACH","FL","33069","16","WSL1616966","20","20","07/09/2018","05/31/2025","03/31/2026","","",""
"400","4005","SEFRE CORP","JDBW","","11300 INTERCHANGE CIR N","","","MIRAMAR","FL","33025","16","SEFRE","11300 INTERCHANGE CIR N","","","MIRAMAR","FL","33025","16","WSL1617131","20","20","05/31/2018","04/01/2022","03/31/2026","","",""
"400","4005","ROCKPIT BREWING LLC","CMB","","10 WEST ILLIANA ST","","","ORLANDO","FL","32806","58","ROCKPIT BREWING LLC","","","","","","","","WSL5808824","20","20","06/01/2018","02/11/2021","09/30/2026","","",""
"400","4005","REVE BREWING LLC","CMB","","1237 MAYPORT ROAD","","","ATLANTIC BEACH","FL","32233","26","REVE BREWING","1237 MAYPORT ROAD","","","ATLANTIC BEACH","FL","32233","26","WSL2608221","20","20","07/16/2018","07/16/2018","09/30/2026","","",""
"400","4005","POINT DISTILLERY LLC","AMW","","11807 LITTLE ROAD","","","NEW PORT RICHEY","FL","34654","61","POINT DISTILLERY LLC","11807 LITTLE ROAD","","","NEW PORT RICHEY","FL","34654","61","WSL6103064","20","20","07/17/2018","07/17/2018","09/30/2026","","",""
"400","4005","POINT DISTILLERY LLC","DD","CD","11807 LITTLE ROAD","","","NEW PORT RICHEY","FL","34654","61","POINT DISTILLERY LLC","11807 LITTLE ROAD","","","NEW PORT RICHEY","FL","34654","61","WSL6103065","20","20","07/17/2018","07/17/2018","09/30/2026","","",""
"400","4005","DEKM HOLDINGS INC","JDBW","","10934 CR 475","","","OXFORD","FL","34484","70","WHISPERING OAKS WINERY","10934 CR 475","","","OXFORD","FL","34484","70","WSL7000657","20","20","07/23/2018","07/23/2018","09/30/2026","","",""
"400","4005","DEKM HOLDINGS INC","AMW","","10934 CR 475","","","OXFORD","FL","34484","70","DEKM HOLDING INC","10934 CR 475","","","OXFORD","FL","34484","70","WSL7000656","20","20","09/18/2018","09/18/2018","09/30/2026","","",""
"400","4005","CRAFT FREEDOM DISTRIBUTION COMPANY LLC","JDBW","","300 3RD STREET SW","","","WINTER HAVEN","FL","33880","63","CRAFT FREEDOM DISTRIBUTION CO","300 3RD STREET","","","WINTER HAVEN","FL","33880","63","WSL6305045","20","20","09/12/2018","09/12/2018","03/31/2026","","",""
"400","4005","INNOTRI LIMITED LLC","MEXP","","1800 SW 1ST AVE","SUITE 507","","MIAMI","FL","33129","23","INNOTRI","1800 SW 1ST AVE","SUITE 507","","MIAMI","FL","33129","23","WSL2326064","20","20","06/29/2018","05/31/2025","03/31/2026","","",""
"400","4005","PUBLYTAPE INTERNATIONAL CORPORATION","IMPR","","8865 COMMODITY CIRCLE STE 13-103","","","ORLANDO","FL","32819","58","PUBLYTAPE INTERNATIONAL CORPORATION","8865 COMMODITY CIRCLE STE 13-103","","","ORLANDO","FL","32819","58","WSL5808827","45","20","07/03/2018","10/21/2025","09/30/2025","","",""
"400","4005","LDDV LLC","KLD","","950 10TH STREET S","D-6","","JACKSONVILLE","FL","32250","26","LDDV LLC AMERICAN CRAFT DISTRIBUTORS","950 10TH STREET SOUTH","BUILDING D","UNIT 6","JACKSONVILLE BEACH","FL","32250","26","WSL2608222","45","20","07/23/2018","10/21/2025","09/30/2025","","",""
"400","4005","MESK & CO","IMPR","","6606 SW 131ST PATH","1809A","","MIAMI","FL","33183","23","WINE NATION","6606 SW 131ST PATH","1809A","","MIAMI","FL","33183","23","WSL2326071","20","20","08/10/2018","12/26/2023","09/30/2026","","",""
"400","4005","SJ BREWING COMPANY LLC","CMB","","86753 CARTESIAN POINT DRIVE","","","YULEE","FL","32097","55","SJ BREWING COMPANY","463646 SR 200","STE 13","","YULEE","FL","32097","55","WSL5500746","20","20","07/26/2018","11/26/2018","09/30/2026","","",""
"400","4005","G3 EXPORTS, INC.","MEXP","","1200 BRICKELL AVENUE STE 520","","","MIAMI","FL","33131","23","G3 EXPORTS, INC.","1900 3RD AVENUE SUITE 10","","","MIAMI","FL","33129","23","WSL2326069","20","20","07/31/2018","05/31/2025","03/31/2026","","",""
"400","4005","KAKI LIQUORS LLC","KLD","","16418 SW 82 TERRACE","","MIAMI","MIAMI","FL","33193","23","KAKI LIQUORS LLC","3750 NW 28TH STREET, UNIT 308","","","MIAMI","FL","33142","23","WSL2326075","20","20","08/27/2018","08/27/2018","03/31/2026","","",""
"400","4005","NORDICA INC","IMPR","","832 SANTIAGO STREET","","","CORAL GABLES","FL","33134","23","NORDICA INC","832 SANTIAGO STREET","","","CORAL GABLES","FL","33134","23","WSL2326077","45","20","08/29/2018","10/21/2025","09/30/2025","","",""
"400","4005","GULF STREAM BREWING COMPANY LLC","CMB","","1105 NE 13TH STREET","","","FORT LAUDERDALE","FL","33304","16","GULF STREAM BREWING COMPANY","1105 NE 13TH ST","","","FORT LAUDERDALE","FL","33304","16","WSL1616970","20","20","09/06/2018","10/24/2025","09/30/2026","","",""
"400","4005","BLACK CREEK DISTILLERIES INC","DD","CD","4037 COUNTRY MEADOWS DRIVE","","","MIDDLEBURG","FL","32068","20","BLACK CREEK DISTILLERIES","4289 CR 218 #107","","","MIDDLEBURG","FL","32068","20","WSL2001062","20","20","11/06/2018","11/06/2018","09/30/2026","","",""
"400","4005","DOWNS BREWING LLC","CMB","","3741 S. HWY 27","SUITE A","","CLERMONT","FL","34711","45","SUNCREEK BREWERY","790 WEST MINNEOLA AVE","UNIT 3, 3B, 4, 4B","","CLERMONT","FL","34711","45","WSL4502164","20","20","09/14/2018","10/22/2018","09/30/2026","","",""
"400","4005","DISTILLERY 98 LLC","DD","CD","835 SERENOA ROAD","","","SANTA ROSA BEACH","FL","32459","76","DISTILLERY 98","835 SERENOA RD","","","SANTA ROSA BEACH","FL","32459","76","WSL7601049","45","20","10/29/2018","10/21/2025","09/30/2025","","",""
"400","4005","BEAT CULTURE BREWING COMPANY LLC","AMW","","308 ROSEDALE DRIVE","","","MIAMI SPRINGS","FL","33166","23","BEAT CULTURE","7250 NW 11TH STREET","","","MIAMI","FL","33126","23","WSL2326080","45","20","09/11/2018","10/21/2025","09/30/2025","","",""
"400","4005","BEAT CULTURE BREWING COMPANY LLC","CMB","","308 ROSEDALE DRIVE","","","MIAMI SPRINGS","FL","33166","23","BEAT CULTURE","7250 NW 11TH STREET","","","MIAMI","FL","33126","23","WSL2326081","45","20","09/11/2018","10/21/2025","09/30/2025","","",""
"400","4005","TAMPA WINES LLC","JDBW","","22041  US HWY 19 N","","","CLEARWATER","FL","33765","62","ASPIRATIONS WINERY","22041 US HWY 19 N","","","CLEARWATER","FL","33765","62","WSL6210442","20","20","09/12/2018","11/14/2018","09/30/2026","","",""
"400","4005","CARIBBEAN SPIRITS INC","IMPR","","6360 JOHNSTON ROAD","","","ZOLFO SPRINGS","FL","33890","35","CARIBBEAN SPIRITS INC","6360 JOHNSTON ROAD","","","ZOLFO SPRINGS","FL","33890","35","WSL3500001","45","20","11/14/2018","10/21/2025","09/30/2025","","",""
"400","4005","CHAINBRIDGE DISTILLERY LLC","DD","CD","3500 NE 11TH AVE","","","OAKLAND PARK","FL","33334","16","CHAINBRIDGE DISTILLERY LLC","3500 NE 11TH AVE","","","OAKLAND PARK","FL","33334","16","WSL1616971","20","20","10/02/2018","10/15/2018","09/30/2026","","",""
"400","4005","INDIAN RIVER BEVERAGE CORPORATION","IMPR","","PO BOX 523","","","CAPE CANAVERAL","FL","32920","15","CARIB BREWERY USA","200 IMPERIAL BLVD","","","CAPE CANAVERAL","FL","32920","15","WSL1505433","20","20","09/25/2018","10/19/2018","09/30/2026","","",""
"400","4005","VICE WINES LLC","IMPR","","333 HEMPSTEAD AVE, SUITE 205","","","MALVERNE","NY","11565","732","VICE WINES LLC","17201 COLLINS AVENUE #2505","","","SUNNY ISLES BEACH","FL","33160","23","WSL2326084","45","20","10/10/2018","10/21/2025","09/30/2025","","",""
"400","4005","AMELIA ISLAND BREWING COMPANY LLC","CMB","","960194 GATEWAY BLVD STE 101","","","FERNANDINA BEACH","FL","32034","55","TAVERN BY AIBC; ALLEY BY AIBC; AMELIA TAVERN","318 CENTRE STREET","","","FERNANDINA BEACH","FL","32034","55","WSL5500747","20","20","10/01/2018","11/07/2018","09/30/2026","","",""
"400","4005","IMPERO WINE DISTRIBUTORS SOUTH FLORIDA INC","KLD","","1577 SW 1ST WAY","BAY E19","","DEERFIELD BEACH","FL","33441","16","IMPERO WINE DISTRIBUTORS SOUTH FLORIDA INC","1577 SW 1ST WAY","#E 19 - 20","","DEERFIELD BEACH","FL","33441","16","WSL1616973","20","20","10/05/2018","01/05/2024","03/31/2026","","",""
"400","4005","NJOY SPIRITS LLC","AMW","","7237 WILD BUCK ROAD","","","WEEKI WACHEE","FL","34613","37","NJOY SPIRITS LLC","7237 WILD BUCK ROAD","","","WEEKI WACHEE","FL","34613","37","WSL3701231","20","20","10/19/2018","05/23/2019","09/30/2026","","",""
"400","4005","CRAFT EXPORT SOLUTIONS LLC","MEXP","","27251 WESLEY CHAPEL BLVD STE 1039","","","WESLEY CHAPEL","FL","33544","61","CRAFT EXPORT SOLUTIONS LLC","27251 WESLEY CHAPEL BLVD STE 1039","","","WESLEY CHAPEL","FL","33544","61","WSL6103066","45","20","10/17/2018","10/21/2025","09/30/2025","","",""
"400","4005","BREW THEORY LLC","CMB","","400 PITTMAN STREET","SUITE A","","ORLANDO","FL","32801","58","BREW THEORY","400 PITTMAN STREET","SUITE A","","ORLANDO","FL","32801","58","WSL5808832","20","20","12/26/2018","12/26/2018","09/30/2026","","",""
"400","4005","WILD ANIMALS BREWING LLC","CMB","","2685 NW 105 AVENUE","","","DORAL","FL","33172","23","TRIPPING ANIMALS BREWING","2685 NW 105 AVENUE","","","DORAL","FL","33172","23","WSL2326087","20","20","10/23/2018","11/21/2018","09/30/2026","","",""
"400","4005","GARY'S BREW INC","AMW","","3403  3403","GULF BEACH HWY","","PENSACOLA","FL","32507","27","WANDERING OAKS WINERY","208 NEWMAN AVE","","","PENSACOLA","FL","32507","27","WSL2703781","20","20","01/03/2019","01/03/2019","09/30/2026","","",""
"400","4005","FISHWEIR BREWING COMPANY LLC","CMB","","1183 EDGEWOOD AVE S","","","JACKSONVILLE","FL","32205","26","FISHWEIR BREWING COMPANY","1183 EDGEWOOD AVENUE S","","","JACKSONVILLE","FL","32205","26","WSL2608225","20","20","10/25/2018","10/08/2019","09/30/2026","","",""
"400","4005","MHW LTD COMPANY","KLD","","1129 NORTHERN BLVD.","SUITE #312","","MANHASSET","NY","11030","732","MHW LTD COMPANY","3315 SW 11TH AVE","","","FORT LAUDERDALE","FL","33315","16","WSL1616975","20","20","10/31/2018","12/06/2018","03/31/2026","","",""
"400","4005","TRIDENT EXPORTS, LLC","MEXP","","3336 CHARLESTON ROAD","","","TALLAHASSEE","FL","32309","47","TRIDENT EXPORTS, LLC","3336 CHARLESTON ROAD","","","TALLAHASSEE","FL","32309","47","WSL4703247","45","20","11/15/2018","10/21/2025","09/30/2025","","",""
"400","4005","BAYSHORE BEVERAGE LLC","CMB","","670 MAIN STREET","","","SAFETY HARBOR","FL","34695","62","TROUBLED WATERS BREWING COMPANY","670 MAIN STREET","","","SAFETY HARBOR","FL","34695","62","WSL6210445","20","20","11/08/2018","10/01/2019","09/30/2026","","",""
"400","4005","OCEANSIDE DISTILLERY LLC","DD","CD","10090 S TROPICAL TRAIL","","","MERRITT ISLAND ","FL","32952","15","OCEANSIDE DISTILLERY LLC","240 WEST CENTRAL BLVD","","","CAPE CANAVERAL","FL","32920","15","WSL1505434","20","20","04/22/2019","11/04/2019","09/30/2026","","",""
"400","4005","LOGGERHEAD DISTILLERY LLC","DD","CD","124 W 2ND STREET","","","SANFORD","FL","32771","69","LOGGERHEAD DISTILLERY","120  & 124 W 2ND STREET","","","SANFORD","FL","32771","69","WSL6903116","20","20","12/18/2018","12/18/2018","09/30/2026","","",""
"400","4005","SIDEWARD BREWING COMPANY LLC","CMB","","210 N BUMBY AVE SUITE C","","","ORLANDO","FL","32803","58","SIDEWARD BREWING CO","210 N BUMBY AVENUE","SUITE C","","ORLANDO","FL","32803","58","WSL5808830","20","20","12/17/2018","12/17/2018","09/30/2026","","",""
"400","4005","3 SONS BREWING CO LLC","CMB","","236 N FEDERAL HIGHWAY","","","DANIA BEACH","FL","33004","16","3 SONS BREWING CO","236 N FEDERAL HWY","#104","","DANIA BEACH","FL","33004","16","WSL1616979","20","20","01/08/2019","01/08/2019","09/30/2026","","",""
"400","4005","SIDEWARD BREWING COMPANY LLC","AMW","","210 N BUMBY AVE SUITE C","","","ORLANDO","FL","32803","58","SIDEWARD BREWING CO","210 N BUMBY AVENUE","SUITE C","","ORLANDO","FL","32803","58","WSL5808831","20","20","12/17/2018","12/17/2018","09/30/2026","","",""
"400","4005","YEASTY BREWS LLC","CMB","","3944 NW 19TH ST","","","LAUDERHILL","FL","33311","16","YEASTY BREWS LLC","3944 NW 19TH ST","","","LAUDERHILL","FL","33311","16","WSL1616983","20","20","02/20/2019","02/20/2019","09/30/2026","","",""
"400","4005","LEGACY ALE WORKS LLC","CMB","","14965 OLD ST. AUGUSTINE RD. #129","","","JACKSONVILLE","FL","32258","26","LEGACY ALE WORKS","14965 OLD ST. AUGUSTINE ROAD","UNITS 129 AND 130","","JACKSONVILLE","FL","32258","26","WSL2608227","20","20","02/15/2019","02/15/2019","09/30/2026","","",""
"400","4005","BOLD CITY DOWNTOWN LLC","AMW","","2670-7 ROSSELLE STREET","","","JACKSONVILLE","FL","32204","26","BOLD CITY DOWNTOWN","109 EAST BAY STREET","","","JACKSONVILLE","FL","32202","26","WSL2608226","20","20","02/11/2019","02/11/2019","09/30/2026","","",""
"400","4005","PROOF BREWING CO","CMB","","1320 S MONROE ST","","","TALLAHASSEE","FL","32301","47","PROOF BREWING CO","1320 SOUTH MONROE STREET","","","TALLAHASSEE","FL","32301","47","WSL4703248","20","20","12/19/2018","02/27/2019","09/30/2026","","",""
"400","4005","WILD ROVER BREWING COMPANY LLC","CMB","","13921 LYNMAR BLVD","","","TAMPA","FL","33626","39","WILD ROVER BREWING COMPANY LLC","13921 LYNMAR BLVD","","","TAMPA","FL","33626","39","WSL3909322","20","20","12/21/2018","05/01/2020","09/30/2026","","",""
"400","4005","GOLDEN WINES LLC","KLD","","1815 NW 79 A NW 56TH STREET","","DORAL","DORAL","FL","33126","23","GOLDEN WINES LLC","1815 NW 79TH AVE","","","DORAL","FL","33126","23","WSL2326097","20","20","12/26/2018","01/30/2019","03/31/2026","","",""
"400","4005","LSG SKY CHEFS NORTH AMERICA SOLUTIONS INC","MEXP","","5040 RIVERSIDE DRIVE","BLDG 1, STE 200","","IRVING","TX","75039","744","LSG SKY CHEFS NORTH AMERICA SOLUTIONS INC","8680 BEAR ROAD","","","ORLANDO","FL","32827","58","WSL5808834","20","20","01/14/2019","01/14/2019","09/30/2026","","",""
"400","4005","MEZCAL HUB LLC","IMPR","","748 MUIRFIELD CIR","","","ATLANTIS","FL","33462","60","MEZCAL HUB LLC","748 MUIRFIELD CIR","","","ATLANTIS","FL","33462","60","WSL6013054","45","20","01/15/2019","10/21/2025","09/30/2025","","",""
"400","4005","PLATINUM RESERVE DISTRIBUTION LLC","KLD","","PO BOX 5922","","","LAKELAND","FL","33807","63","PLATINUM RESERVE DISTRIBUTION LLC","3535 REYNOLDS RD","BAY 10","","LAKELAND","FL","33803","63","WSL6305046","20","20","01/16/2019","07/09/2019","03/31/2026","","",""
"400","4005","GULFCOAST TRADE LLC","IMPR","","13848 LUNA DR","","","NAPLES","FL","34109","21","GULFCOAST TRADE LLC","13848 LUNA DR","","","NAPLES","FL","34109","21","WSL2103782","45","20","04/05/2019","10/21/2025","09/30/2025","","",""
"400","4005","ZONIN USA INC","IMPR","","20807 BISCAYNE BLVD STE 320","","","AVENTURA","FL","33180","23","1821 FINE WINE & SPIRITS","20807 BISCAYNE BLVD, STE 320","","","AVENTURA","FL","33180","23","WSL2326101","20","20","01/23/2019","03/05/2019","09/30/2026","","",""
"400","4005","KROME BREWING COMPANY LLC","CMB","","17480 SW 232 STREET","","","MD MIAMI","FL","33170","23","KROME BREWING COMPANY","17480 SW 232 STREET","","","MD MIAMI","FL","33170","23","WSL2326103","45","20","02/05/2019","10/21/2025","09/30/2025","","",""
"400","4005","GUNNESS ENTERPRISES LLC","JDBW","","8914 SW 134TH COURT","","","MIAMI","FL","33186","23","GUNNESS ENTERPRISES LLC","12321 SW 133 COURT #18","","","MD MIAMI","FL","33186","23","WSL2326105","20","20","02/06/2019","04/12/2019","03/31/2026","","",""
"400","4005","SECRET GARDENS WINERY & FARM INC","AMW","","8222 W JOSEPHINE RD","","","SEBRING","FL","33875","38","SECRET GARDENS WINERY & FARM INC","420 BETHEA LANE","","","SEBRING","FL","33875","38","WSL3801161","45","20","02/06/2019","10/21/2025","09/30/2025","","",""
"400","4005","GSGG LLC","IMPR","","2829 INDIAN CREEK","UNIT 909","","MIAMI BEACH","FL","33140","23","GSGG LLC","2829 INDIAN CREEK","UNIT 909","","MIAMI BEACH","FL","33140","23","WSL2326106","20","20","02/19/2019","02/19/2019","09/30/2026","","",""
"400","4005","CIVIL SOCIETY BREWING CO","CMB","","1200 TOWN CENTER DR","UNIT 101","","JUPITER","FL","33458","60","CIVIL SOCIETY BREWING CO","425 KANUGA DR","","","WEST PALM BEACH","FL","33401","60","WSL6013056","20","20","02/14/2019","03/06/2019","09/30/2026","","",""
"400","4005","SEITENBACHER AMERICA, LLC","JDBW","","11505 PERPETUAL DR","","","ODESSA","FL","33556","39","SEITENBACHER AMERICA, LLC","11505 PERPETUAL DR","","","ODESSA","FL","33556","61","WSL6103067","20","20","02/26/2019","06/24/2025","09/30/2026","","",""
"400","4005","AZALEA CITY BREWING COMPANY LLC","CMB","","120 SOUTH 7TH STREET","","","PALATKA","FL","32177","64","AZALEA CITY BREWING COMPANY","120 SOUTH 7TH STRET","","","PALATKA","FL","32177","64","WSL6400878","20","20","04/25/2019","04/25/2019","09/30/2026","","",""
"400","4005","MCLANE BEVERAGE DISTRIBUTION INC","KLD","","4747 MCLANE PARKWAY","","","TEMPLE","TX","76504","744","MCLANE BEVERAGE DISTRIBUTION INC","910 NW 50TH AVENUE","","","OCALA","FL","34482","52","WSL5202626","20","20","02/19/2019","05/08/2019","09/30/2026","","",""
"400","4005","H. R. RAMDHANI (USA) INC","MEXP","","10481 NW 36TH STREET","","","DORAL","FL","33178","23","S. L. RAMA INTERNATIONAL","10481 NW 36TH STREET","","","DORAL","FL","33178","23","WSL2326108","20","20","02/20/2019","05/31/2025","03/31/2026","","",""
"400","4005","WC AGENCY INC","MEXP","","400 26TH STREET","","","MIAMI ","FL","33127","23","WC AGENCY INC","6441 GARDEN CT","","","WEST PALM BEACH","FL","33411","60","WSL6013057","20","20","02/20/2019","05/31/2025","03/31/2026","","",""
"400","4005","STARBOARD HOLDINGS LTD INCORPORATED","MEXP","","9290 NW 112 AVE SUITE 1","","","MIAMI","FL","33178","23","STARBOARD HOLDINGS LTD INCORPORATED","9290 NW 112 AVE SUITE 1","","","MIAMI","FL","33178","23","WSL2326111","20","20","03/05/2019","05/19/2022","03/31/2026","","",""
"400","4005","VINTAGE FINE SPIRITS LLC","MEXP","","176 SOUTH HIBISCUS DRIVE","","","MIAMI BEACH","FL","33139","23","VINTAGE FINE SPIRITS LLC","176 SOUTH HIBISCUS DRIVE","","","MIAMI BEACH","FL","33139","23","WSL2326110","20","20","03/01/2019","04/08/2019","03/31/2026","","",""
"400","4005","ANK CRAFTS LLC","CMB","","3555 BAYSHORE DRIVE","","","NAPLES","FL","34112","21","ANKROLAB BREWING COMPANY","3555 BAYSHORE DR","","","NAPLES","FL","34112","21","WSL2103781","20","20","03/21/2019","06/14/2019","09/30/2026","","",""
"400","4005","AP ACQUISITIONS LLC","MEXP","","PO BOX 522131","","","MIAMI","FL","33152","23","AP ACQUISITIONS LLC","2801 NW 74TG AVE #114","","","MIAMI","FL","33122","23","WSL2326113","20","20","04/01/2019","05/31/2025","03/31/2026","","",""
"400","4005","LSG SKY CHEFS NORTH AMERICA SOLUTIONS INC","MEXP","","5040 RIVERSIDE DRIVE","BLDG 1, STE 200","","IRVING","TX","75039","744","LSG SKY CHEFS NORTH AMERICA SOLUTIONS INC","4500 W TAMPA BAY BLVD","","","TAMPA","FL","33614","39","WSL3909327","20","20","04/02/2019","06/29/2019","09/30/2026","","",""
"400","4005","ARAGOSO SOUTH LLC","KLD","","159 NORTH CENTRAL AVENUE SUITE D","","","OVIEDO","FL","32765","69","ARAGOSO SOUTH LLC","159 NORTH CENTRAL AVE","SUITE D","","OVIEDO","FL","32765","69","WSL6903151","20","20","04/10/2019","06/07/2019","09/30/2026","","",""
"400","4005","GLOBAL MARKETS SUPPLY INC","KLD","","2688 NW 31 AVE","","","LAUDERDALE LAKES","FL","33311","16","GLOBAL MARKETS SUPPLY INC","2688 NW 31ST AVE","","","LAUDERDALE LAKES","FL","33311","16","WSL1616985","20","20","04/16/2019","05/29/2019","03/31/2026","","",""
"400","4005","RIVIGIN LLC","IMPR","","809 WALKERBILT ROAD","SUITE 7","","NAPLES","FL","34110","21","RIVIGIN LLC","809 WALKERBILT RD","#7","","NAPLES","FL","34110","21","WSL2103783","20","20","04/11/2019","06/12/2019","09/30/2026","","",""
"400","4005","SUN COAST LOADED CANNON DISTILLED SPIRITS LLC","DD","CD","3115 LAKEWOOD RANCH BLVD","SUITE 110","","BRADENTON","FL","34211","51","SUN COAST LOADED CANNON DISTILLED SPIRITS LLC","3115 LAKEWOOD RANCH BLVD","#110","","BRADENTON","FL","34211","51","WSL5102560","45","20","05/23/2019","10/21/2025","09/30/2025","","",""
"400","4005","BISLERI DISTILLERS & WINES CORP","MEXP","","7440 NW 107TH CT","","","DORAL","FL","33178","23","BISLERI","10764 NW 84TH STREET","UNIT 2-25","","DORAL","FL","33178","23","WSL2326119","20","20","04/23/2019","06/01/2024","03/31/2026","","",""
"400","4005","LITTLE GIANT BREWERY CORPORATION","CMB","","301 7TH ST EAST","","","BRADENTON","FL","34208","51","LITTLE GIANT BREWERY","301 7TH ST E","","","BRADENTON","FL","34208","51","WSL5102561","20","20","05/24/2019","05/24/2019","09/30/2026","","",""
"400","4005","FORT VISTA LLC","DD","CD","11 ST GEORGE STREET","UNIT A","","ST AUGUSTINE","FL","32084","65","CITY GATES BEVERAGE COMPANY","11 ST GEORGE ST","","","SAINT AUGUSTINE","FL","32084","65","WSL6501485","20","20","05/11/2019","10/01/2019","09/30/2026","","",""
"400","4005","SCARLET PHOENIX LLC","IMPR","","4803 W WOODMERE RD","","","TAMPA","FL","33609","39","PHOENIX IMPORTS","4803 W WOODMERE RD","","","TAMPA","FL","33609","39","WSL3909334","45","20","08/23/2019","10/21/2025","09/30/2025","","",""
"400","4005","BELMONT INTERNATIONAL TRADING CORP","JDBW","","545 W 18 STREET","","","HIALEAH","FL","33010","23","BELMONT INTERNATIONAL TRADING CORP","545 W 18 STREET","","","HIALEAH","FL","33010","23","WSL2326123","20","20","05/07/2019","04/24/2025","03/31/2026","","",""
"400","4005","VIVID EXECUTIVE SEARCH LLC","MEXP","","231 HERITAGE ISLES WAY","","","BRADENTON","FL","34212","51","VIVID EXECUTIVE SEARCH","231 HERITAGE ISLES WAY","","","BRADENTON","FL","34212","51","WSL5102559","20","20","05/15/2019","05/31/2025","03/31/2026","","",""
"400","4005","RIVIGIN LLC","MEXP","","809 WALKERBILT ROAD","SUITE 7","","NAPLES","FL","34110","21","RIVIGIN LLC","809 WALKERBILT RD","#7","","NAPLES","FL","34110","21","WSL2103784","20","20","05/16/2019","05/31/2025","03/31/2026","","",""
"400","4005","CRAFT DUMMY DISTRIBUTORS LLC","KLD","","2153 NW 86TH AVE","","","DORAL","FL","33122","23","CRAFT DUMMY DISTRIBUTORS LLC","2153 NW 86TH AVE","","","DORAL","FL","33122","23","WSL2326124","20","20","05/17/2019","06/26/2025","03/31/2026","","",""
"400","4005","ARTISAN TASTE LLC","MEXP","","3820 WATERCREST DR","","","LONGWOOD","FL","32779","69","YOUR WINE CELLAR","11411 NW 107 ST","SUITE 18","","MIAMI","FL","33178","23","WSL2326125","20","20","05/17/2019","05/31/2025","03/31/2026","","",""
"400","4005","MILAGROS LOGISTICS AND SOLUTIONS INC","MEXP","","617 SANTANDER AVE","","","CORAL GABLES","FL","33134","23","MILAGROS LOGISTICS AND SOLUTIONS INC","13499 BISCAYNE BLVD TS -1","","","NORTH MIAMI","FL","33181","23","WSL2326129","20","20","05/21/2019","05/31/2025","03/31/2026","","",""
"400","4005","H.T. HACKNEY CO","JDBW","","9330 ADAMO DRIVE EAST","","","TAMPA","FL","33619","39","H T HACKNEY CO (THE)","9330 ADAMO DRIVE EAST","","","TAMPA","FL","33619","39","WSL3909329","45","20","05/23/2019","10/21/2025","09/30/2025","","",""
"400","4005","KINDRED SPIRITS OF NORTH AMERICA INC","IMPR","","12000 BISCAYNE BOULEVARD","SUITE 218","MIAMI","MIAMI","FL","33181","23","KINDRED SPIRITS OF NORTH AMERICA","12000 BISCAYNE BLVD","SUITE  218","","MIAMI","FL","33181","23","WSL2326131","45","20","06/10/2019","10/21/2025","09/30/2025","","",""
"400","4005","CONSORTIUM WINE AND SPIRITS, LLC","IMPR","","5042 WEST SILVER SPRINGS BLVD","SUITE 106","","OCALA","FL","34482","52","CONSORTIUM WINE AND SPIRITS, LLC","5042 W SILVER SPRINGS BLVD","106","","OCALA","FL","34482","52","WSL5202638","20","20","06/10/2019","07/09/2019","09/30/2026","","",""
"400","4005","HOURGLASS BREWERY LLC","CMB","","480 S RONALD REAGAN BLVD","STE 1020","","LONGWOOD","FL","32750","69","HOURGLASS BREWING","2500 CURRY FORD ROAD","SUITE 4","","ORLANDO","FL","32806","58","WSL5808840","20","20","06/11/2019","07/09/2019","09/30/2026","","",""
"400","4005","LAKE SENECA FARMS LLC","AMW","","36047 EAST LAKE SENECA ROAD","","","EUSTIS","FL","32736","45","LAKE SENECA FARMS LLC","36047 EAST LAKE SENECA ROAD","","","EUSTIS","FL","32736","45","WSL4502167","20","20","07/02/2019","07/02/2019","09/30/2026","","",""
"400","4005","DIVINITALY LLC","IMPR","","9254 BALSAMO DRIVE","",""," PALM BEACH GARDENS","FL","33412","60","DIVINITALY LLC","9254 BALSAMO DRIVE","","","PALM BEACH GARDENS","FL","33412","60","WSL6013063","20","20","06/28/2019","11/05/2021","09/30/2026","","",""
"400","4005","MARPEX, INC","MEXP","","7852 NW 71ST  STREET","","","MIAMI","FL","33166","23","MARPEX, INC","4674 NW 74TH AVE","","","MIAMI","FL","33166","23","WSL2326134","20","20","07/02/2019","05/31/2025","03/31/2026","","",""
"400","4005","MONSTER BREWING COMPANY LLC","CMB","","1800 PIKE ROAD","","","LONGMONT","CO","80501","706","MONSTER BREWING COMPANY LLC","3924 WEST SPRUCE STREET","","","TAMPA","FL","33607","39","WSL3909202","20","20","01/13/2020","01/13/2020","09/30/2026","","",""
"400","4005","NINE STATE BREWERY LLC","CMB","","200 TOMPKINS ST","","","INVERNESS","FL","34450","19","NINE STATE BREWERY","200 TOMPKINS ST","","","INVERNESS","FL","34450","19","WSL1901834","20","20","06/24/2019","07/03/2019","09/30/2026","","",""
"400","4005","OYSTER CITY BREWING COMPANY, LLC","CMB","","25 AVENUE D","","","APALACHICOLA","FL","32320","29","OYSTER CITY BREWING COMPANY","17 AVENUE D","","","APALACHICOLA","FL","32320","29","WSL2900488","20","20","08/15/2019","03/29/2024","09/30/2026","","",""
"400","4005","GIGGLEWATER IMPORTS LLC","IMPR","","5140  GATE PARKWAY","#5309","","JACKSONVILLE","FL","32256","26","GIGGLEWATER IMPORTS","3901 NW 79TH ST SUITE 245","","","MIAMI","FL","33116","23","WSL2326145","45","20","08/21/2019","10/21/2025","09/30/2025","","",""
"400","4005","MGB DISTRIBUTORS LLC","IMPR","","1015 PARK CENTRE BOULEVARD","","","MIAMI GARDENS","FL","33169","23","MGB DISTRIBUTORS LLC","16717 PARK CENTRE  BOULEVARD","","","MIAMI GARDENS","FL","33169","23","WSL2326135","20","20","07/10/2019","07/10/2019","09/30/2026","","",""
"400","4005","RABBIT HOLE BREW STATION INC","AMW","","5264 BEACHBLANKET CIRCLE","","","FORT PIERCE","FL","34949","66","RABBIT HOLE BREW STATION","7550 PRUITT RESEARCH RD","SUITE PRODUCTION SPACE","","FORT PIERCE","FL","34945","66","WSL6602323","45","20","08/09/2019","10/21/2025","09/30/2025","","",""
"400","4005","MIAMI BEER VENTURES LLC","AMW","","55 NW 25TH STREET","","","MIAMI","FL","33127","23","CASA LA RUBIA","55 NW 25TH STREET","","","MIAMI","FL","33127","23","WSL2326141","20","20","08/06/2019","12/27/2019","09/30/2026","","",""
"400","4005","N2 GROUP LLC","MEXP","","1826 NW 21 ST","","","MIAMI","FL","33142","23","GXP USA","1826 NW 21 ST","","","MIAMI","FL","33142","23","WSL2326138","20","20","07/18/2019","05/31/2025","03/31/2026","","",""
"400","4005","JLJ IMPORTING, INC.","JDBW","","709 S HARBOR CITY BLVD STE 540","","","MELBOURNE","FL","32901","15","JLJ IMPORTING INC","709 S HARBOR CITY BLVD STE 540","","","MELBOURNE","FL","32901","15","WSL1505435","20","20","08/14/2019","08/14/2019","03/31/2026","","",""
"400","4005","OLOGY BREWING COMPANY LLC","CMB","","118 E 6TH AVE","","","TALLAHASSEE","FL","32303","47","OLOGY BREWING CO","2708 POWER MILL COURT","UNIT E & F","","TALLAHASSEE","FL","32301","47","WSL4703249","20","20","07/25/2019","10/14/2019","09/30/2026","","",""
"400","4005","WINES BY SOPHIE INC","JDBW","","638 MALLARD DR","","","DELRAY BEACH","FL","33444","60","WINES BY SOPHIE INC","1220 TANGELO TERR","A-22","","DELRAY BEACH","FL","33444","60","WSL6013066","20","20","08/01/2019","08/19/2019","03/31/2026","","",""
"400","4005","THREE KEY'S BREWERY AND PUB LLC","CMB","","8099 S SAVANNAH CIRCLE","","","DAVIE","FL","33328","16","3 KEYS BREWING COMPANY","2505 MANATEE AVE E","","","BRADENTON","FL","34208","51","WSL5102549","20","20","10/15/2019","10/15/2019","09/30/2026","","",""
"400","4005","REPUBLIC NATIONAL DISTRIBUTING COMPANY LLC","KLD","","13040 BAY INDUSTRIAL DRIVE","SUITE 200","","GIBSONTON","FL","33534","39","REPUBLIC NATIONAL DISTRIBUTING COMPANY","13040 BAY INDUSTRIAL DRIVE","SUITE 200","","GIBSONTON","FL","33534","39","WSL3909333","20","20","08/21/2019","10/23/2019","09/30/2026","","",""
"400","4005","OCEANIC SUNSET INC","JDBW","","411 WALNUT ST #15510","","","GREEN COVE SPRINGS","FL","32043","20","OCEANIC SUNSET INC","13880 WALSINGHAM RD","","","LARGO","FL","33774","62","WSL6210452","20","20","09/09/2019","10/23/2019","09/30/2026","","",""
"400","4005","A L'ARASH LLC","IMPR","","641 SW 3 AVENUE","","","FORT LAUDERDALE","FL","33315","16","A L'ARASH LLC","641 SW 3RD AVE","","","FORT LAUDERDALE","FL","33315","16","WSL1616996","45","20","08/27/2019","10/21/2025","09/30/2025","","",""
"400","4005","ORCHESTRATED BREWERS LLC","CMB","","803 NW 1ST STREET","","","FORT LAUDERDALE","FL","33311","16","ORCHESTRATED MINDS BREWING","803 NW 1ST ST","","","FORT LAUDERDALE","FL","33311","16","WSL1616995","20","20","08/23/2019","12/03/2019","09/30/2026","","",""
"400","4005","B&T VINUM INC.","IMPR","","600 NE 27TH ST","UNIT TH104","","MIAMI","FL","33137","23","B&T VINUM INC.","600 NE 27TH ST","UNIT TH104","","MIAMI","FL","33137","23","WSL2326156","20","20","11/05/2019","12/11/2023","09/30/2026","","",""
"400","4005","SUGAR SAND DISTILLERY LLC","AMW","","POBOX 948","","","LAKE PLACID","FL","33862","38","SUGAR SAND DISTILLERY","264 HENSCRATCH RD","","","LAKE PLACID","FL","33852","38","WSL3801162","20","20","09/09/2019","04/17/2020","09/30/2026","","",""
"400","4005","CL USA INC","MEXP","","6725 NW 36TH ST  UNIT 600","","","MIAMI","FL","33166","23","MEDOV LOGISTICS","3200 NW 67 AVE, BUILDING 6, STE 600","","","MIAMI","FL","33122","23","WSL2326146","20","20","08/22/2019","05/31/2025","03/31/2026","","",""
"400","4005","PAPOUS CRAFT DISTILLERY LLC","DD","CD","913 WESTWINDS BLVD","","","TARPON SPRINGS","FL","34689","62","TARPON SPRINGS DISTILLERY","605 N PINELLAS AVE","","","TARPON SPRINGS","FL","34689","62","WSL6210451","45","20","09/04/2019","10/21/2025","09/30/2025","","",""
"400","4005","MACK & SCHUHLE INC","KLD","","1221  BRICKELL AVE. ","SUITE 770","","MIAMI","FL","33131","23","MACK & SCHUHLE INC","104 CRANDON BLVD SUITE 402","","","KEY BISCAYNE","FL","33149","23","WSL2326147","20","20","08/30/2019","02/26/2021","03/31/2026","","",""
"400","4005","LAKE MARY OCB LLC","CMB","","400 PITMAN STREET","SUITE A","","ORLANDO","FL","32801","58","ORANGE COUNTY BREWERS","1117 INTERNATIONAL PARKWAY","SUITE 1701","","LAKE MARY","FL","32746","69","WSL6903118","45","21","08/28/2019","10/21/2025","09/30/2025","","",""
"400","4005","BEER LAB LLC","CMB","","116 S HIMES AVE","","","TAMPA","FL","33609","39","BEER LAB LLC (ANECDOTE BREWING CO)","321 GULF BOULEVARD UNIT B & C","","","INDIAN ROCKS BEACH","FL","33785","62","WSL6210455","20","20","10/30/2019","10/30/2019","09/30/2026","","",""
"400","4005","WILKINS, LAUREN","IMPR","","90 PISCES DRIVE","","","SANTA ROSA BEACH","FL","32459","76","HEY MAMA WINES","312 CALLE ESCADA","","","SANTA ROSA BEACH","FL","32459","76","WSL7601050","20","20","10/07/2019","09/15/2025","09/30/2026","","",""
"400","4005","BULLY BREWING LLC","CMB","","2204 W GRIFFIN RD","","","LEESBURG","FL","34748","45","BULLY BREWING LLC","2204 W GRIFFIN RD","","","LEESBURG","FL","34748","45","WSL4502169","20","20","10/25/2019","10/25/2019","09/30/2026","","",""
"400","4005","VANGUARD FOODS TRADING LLC","KLD","","701 CRANDON BLVD APT 302","","","KEY BISCAYNE","FL","33149","23","MIAMI WINE COMPANY","1350 NW 121 AVE","","","MIAMI","FL","33182","23","WSL2326149","20","20","09/19/2019","03/26/2025","03/31/2026","","",""
"400","4005","BEIER & BOWRING BREWING CO","CMB","","2981 NW 68TH STREET","","","FORT LAUDERDALE","FL","33309","16","DANGEROUS MINDS BREWING CO","1901 N FEDERAL HWY","#E 115","","POMPANO BEACH","FL","33062","16","WSL1617000","20","20","09/20/2019","04/23/2020","09/30/2026","","",""
"400","4005","BOWIGENS BEER COMPANY LLC","CMB","","1014 STATE ROAD 436","","","CASSELBERRY","FL","32707","69","BOWIGENS BEER COMPANY","556 FLORIDA CENTRAL PARKWAY","","","LONGWOOD","FL","32750","69","WSL6903119","20","20","09/26/2019","10/21/2019","09/30/2026","","",""
"400","4005","SOUTHERN FIELDS BREWING, LLC","CMB","","2328 HIGHWAY 2","","","CAMPBELLTON","FL","32426","42","SOUTHERN FIELDS BREWING, LLC","2328 HWY 2","","","CAMPBELLTON","FL","32426","42","WSL4200874","45","20","03/18/2020","10/21/2025","09/30/2025","","",""
"400","4005","GIFA WINES LLC","JDBW","","20225 NE 34 CT., APT 516","","","AVENTURA","FL","33180","23","GIFA WINES LLC","1835 SW 31ST AVE","","","PEMBROKE PARK","FL","33009","16","WSL1617041","20","20","09/24/2019","05/30/2025","03/31/2026","","",""
"400","4005","CARIBCONEX LLC","MEXP","","7500 NW 81ST PLACE, SUITE 2","","","MEDLEY","FL","33166","23","CARIBBEAN CONSOLIDATED EXPRESS","7500 NW 81ST PLACE, SUITE 2","","","MEDLEY","FL","33166","23","WSL2326151","20","20","09/25/2019","04/29/2025","03/31/2026","","",""
"400","4005","BLACK PALM EXPORT/IMPORT LLC","MEXP","","2640 NW 4TH STREET","","","FORT LAUDERDALE","FL","33311","16","BLACK PALM EXPORT/IMPORT LLC","3585 NW 13TH ST","","","LAUDERHILL","FL","33311","16","WSL1617003","20","20","12/06/2019","05/31/2025","03/31/2026","","",""
"400","4005","WOLF BRANCH BREWING LLC","CMB","","32501 WOLF BRANCH LANE","","","SORRENTO","FL","32776","45","WOLF BRANCH BREWING CO","100 E 4TH AVE","","","MOUNT DORA","FL","32757","45","WSL4502168","20","20","09/30/2019","12/03/2019","09/30/2026","","",""
"400","4005","ONE GENNA WHOLESALE LLC","KLD","","2163 EMERALD SPRINGS DRIVE","","","APOPKA","FL","32712","58","ONE GENNA WHOLESALE LLC","625 DELHI STREET","STE 119","","ORLANDO","FL","32808","58","WSL5808842","20","20","10/29/2019","10/29/2019","09/30/2026","","",""
"400","4005","CRAFT SPIRITS BROKERS LLC","KLD","","13004 ROYAL GEORGE AVE","","","ODESSA","FL","33556","61","CRAFT SPIRITS BROKERS LLC","2446 SUCCESS DRIVE","","","ODESSA","FL","33556","61","WSL6103023","45","20","10/23/2019","10/21/2025","09/30/2025","","",""
"400","4005","ODD COLONY LLC","CMB","","2006 E BOBE ST","","","PENSACOLA","FL","32503","27","ODD COLONY BREWING CO","260 N PALAFOX ST","","","PENSACOLA","FL","32502","27","WSL2703782","20","20","10/14/2019","12/20/2019","09/30/2026","","",""
"400","4005","CENTONZE ESTATE LLC (THE)","JDBW","","1880 GULFSTREAM WAY","","","WEST PALM BEACH","FL","33411","60","CENTONZE COMPANY","8140 BELVEDERE RD","SUITE 6","","WEST PALM BEACH","FL","33411","60","WSL6013049","20","20","11/21/2019","03/25/2025","03/31/2026","","",""
"400","4005","PRONTO SNACKS INC","MEXP","","1533 SOPERA AVE","","","CORAL GABLES","FL","33134","23","PRONTO SNACKS INC","4901 NW 5TH ST","","","OCALA","FL","34482","52","WSL5202627","45","20","10/25/2019","10/21/2025","09/30/2025","","",""
"400","4005","KING MAKER LLC","AMW","","60  OCEAN BLVD ","STE 3","","ATLANTIC BEACH ","FL","32233","26","KING MAKER BREWING","720 KING STREET","","","JACKSONVILLE","FL","32204","26","WSL2608236","45","20","10/25/2019","10/21/2025","09/30/2025","","",""
"400","4005","BELLABLUE BERRY FARM INC","AMW","","6213 ROCKROSS AVE","","","NEW PORT RICHEY","FL","34655","61","BELLABLUE BERRY FARM INC","43405 SR 64 E","","","MYAKKA CITY","FL","34251","51","WSL5102563","20","20","11/27/2019","11/27/2019","09/30/2026","","",""
"400","4005","KING MAKER LLC","CMB","","60  OCEAN BLVD ","STE 3","","ATLANTIC BEACH ","FL","32233","26","KING MAKER BREWING","720 KING STREET","","","JACKSONVILLE","FL","32204","26","WSL2608235","45","20","10/25/2019","10/21/2025","09/30/2025","","",""
"400","4005","MARQUEE INTERNATIONAL IMPORTING GROUP LLC","KLD","","2550 LAKEHAVEN RD","","","WEST PALM BEACH","FL","33415","60","MARQUEE INTERNATIONAL IMPORTING GROUP LLC","2551 SW 39TH ST","#100","","FORT LAUDERDALE","FL","33312","16","WSL1617004","20","21","01/02/2020","09/19/2025","03/31/2026","","",""
"400","4005","LABELLE BREWING COMPANY LLC","CMB","","P.O. BOX 1710","","","LABELLE","FL","33975","36","LABELLE BREWING COMPANY","670 HICKPOCHEE AVE W","","","LABELLE","FL","33935","36","WSL3600615","20","20","10/30/2019","05/13/2020","09/30/2026","","",""
"400","4005","COMMUNITY CRAFT SPIRITS & WINE LLC","KLD","","7429 RIVIERA BLVD UNIT 12","","","MIRAMAR","FL","33023","16","COMMUNITY CRAFT SPIRITS & WINE LLC","7429 RIVIERA BLVD","#12","","MIRAMAR","FL","33023","16","WSL1617002","20","20","10/31/2019","04/25/2025","03/31/2026","","",""
"400","4005","3 CAR GARAGE BREWING COMPANY","CMB","","6320 ROYAL TERN CIRCLE","","","LAKEWOOD RANCH","FL","34202","51","3 CAR GARAGE BREWING COMPANY","3115 LAKEWOOD RANCH BLVD","#110","","BRADENTON","FL","34211","51","WSL5102585","45","20","10/29/2019","10/21/2025","09/30/2025","","",""
"400","4005","COASTAL COUNTY BREWING COMPANY LLC","CMB","","3041 EAST OLIVE ROAD","","","PENSACOLA","FL","32514","27","COASTAL COUNTY BREWING COMPANY","3041 EAST OLIVE ROAD","","","PENSACOLA","FL","32514","27","WSL2703784","20","20","01/31/2020","01/31/2020","09/30/2026","","",""
"400","4005","CSM DISTRIBUTING LLC","KLD","","7182 123RD CIRCLE","","","LARGO","FL","33773","62","CSM DISTRIBUTING LLC","7184 123RD CIRCLE","","","LARGO","FL","33773","62","WSL6210457","20","20","11/07/2019","12/12/2019","09/30/2026","","",""
"400","4005","PANAGRA BREWING COMPANY LLC","MEXP","","7235 NE 4TH AVE","","","MIAMI","FL","33138","23","FOCAL BREWING COMPANY","7235 NE 4TH AVE","","","MIAMI","FL","33138","23","WSL2326158","20","20","11/07/2019","05/31/2025","03/31/2026","","",""
"400","4005","COASTAL COUNTY BREWING COMPANY LLC","AMW","","3041 EAST OLIVE ROAD","","","PENSACOLA","FL","32514","27","COASTAL COUNTY BREWING COMPANY","3041 EAST OLIVE ROAD","","","PENSACOLA","FL","32514","27","WSL2703785","20","20","01/31/2020","01/31/2020","09/30/2026","","",""
"400","4005","COLEVET LLC","CMB","","2390 5TH AVENUE SOUTH","","","ST. PETERSBURG","FL","33712","62","BAYBORO BREWING CO","2390 5TH AVENUE SOUTH","","","ST. PETERSBURG","FL","33712","62","WSL6210458","20","20","11/15/2019","12/10/2019","09/30/2026","","",""
"400","4005","PRESTIGE WORLDWIDE RESORTS LLC","MEXP","","2240 SE WITHAM FIELD DR","","","STUART","FL","34996","53","PRESTIGE WORLDWIDE RESORTS LLC","2240 SE WITHAM FIELD DR","","","STUART","FL","34996","53","WSL5302061","20","20","11/14/2019","05/31/2025","03/31/2026","","",""
"400","4005","BEARDLESS BREWHAUS LLC","CMB","","6746 COTTER DRIVE","","","MILTON","FL","32570","67","BEARDLESS BREWHAUS","5139 ELMIRA STREET","","","MILTON","FL","32570","67","WSL6701025","45","20","03/17/2020","10/21/2025","09/30/2025","","",""
"400","4005","COLEVET LLC","AMW","","2390 5TH AVENUE SOUTH","","","ST. PETERSBURG","FL","33712","62","BAYBORO BREWING CO","2390 5TH AVENUE SOUTH","","","ST. PETERSBURG","FL","33712","62","WSL6210459","20","20","11/18/2019","12/12/2019","09/30/2026","","",""
"400","4005","COMMERCE BREWING LLC","DD","CD","410 S CEDAR AVE.","","","TAMPA","FL","33606","39","COMMERCE BREWING","521 S COMMERCE DRIVE","","","LARGO","FL","33770","62","WSL6210463","45","20","02/06/2020","10/21/2025","09/30/2025","","",""
"400","4005","COMMERCE BREWING LLC","AMW","","410 S CEDAR AVE.","","","TAMPA","FL","33606","39","COMMERCE BREWING","521 S COMMERCE DRIVE","","","LARGO","FL","33770","62","WSL6210465","45","20","02/06/2020","10/21/2025","09/30/2025","","",""
"400","4005","RUSH IMPORTS, LLC","MEXP","","960 NW 53 STREET","","","FORT LAUDERDALE","FL","33309","16","RUSH IMPORTS","960 NW 53RD ST","","","FORT LAUDERDALE","FL","33309","16","WSL1617005","20","20","01/02/2020","05/31/2025","03/31/2026","","",""
"400","4005","FIVE BRANCHES BREWING LLC","CMB","","131 HIBISCUS STREET","","","TARPON SPRINGS","FL","34689","62","FIVE BRANCHES BREWING","131 HIBISCUS STREET","","","TARPON SPRINGS","FL","34689","62","WSL6210461","45","20","11/25/2019","10/21/2025","09/30/2025","","",""
"400","4005","NARBONA NATURAL FOOD USA LLC","JDBW","","7180 NE 2ND AVE","","","MIAMI","FL","33138","23","NARBONA NATURAL FOOD USA LLC","7180 NE 2ND AVE","","","MIAMI","FL","33138","23","WSL2326160","20","20","11/25/2019","07/18/2025","03/31/2026","","",""
"400","4005","IL LIQUORE LLC","IMPR","","8400 NW 36TH ST, SUITE 450","","","DORAL","FL","33166","23","IL LIQUORE LLC","8400 NW 36TH ST, SUITE 450","","","DORAL","FL","33166","23","WSL2326159","20","20","11/20/2019","12/17/2019","09/30/2026","","",""
"400","4005","ACE WINE AND SPIRITS LLC","KLD","","P.O. BOX 470367","","","CELEBRATION","FL","34747","59","ACE WINE AND SPIRITS LLC","4070 S PIPKIN ROAD, SUITE 1","","","LAKELAND","FL","33811","63","WSL6305050","20","20","12/26/2019","10/24/2025","03/31/2026","","",""
"400","4005","UNREFINED BREWING LLC","CMB","","312 EAST TARPON AVE","","","TARPON SPRINGS","FL","34689","62","UNREFINED BREWING","312 E TARPON AVE","","","TARPON SPRINGS","FL","34689","62","WSL6210460","45","20","11/21/2019","10/21/2025","09/30/2025","","",""
"400","4005","COMMERCE BREWING LLC","CMB","","410 S CEDAR AVE.","","","TAMPA","FL","33606","39","COMMERCE BREWING","521 S COMMERCE DRIVE","","","LARGO","FL","33770","62","WSL6210464","45","20","02/06/2020","10/21/2025","09/30/2025","","",""
"400","4005","BARRIE FERMENTATIONS LLC","CMB","","1403 E 5TH AVE","","","TAMPA","FL","33605","39","BARRIEHAUS BEER CO","1403 E 5TH AVE","","","TAMPA","FL","33605","39","WSL3909339","20","20","12/05/2019","01/09/2020","09/30/2026","","",""
"400","4005","PAPAGALO COMPANY LLC","DD","CD","270 ROARING BROOK DR","","","SAINT AUGUSTINE","FL","32084","65","SAILBIRD DISTILLING COMPANY","215 W DAVIS INDUSTRIAL DR","STE A","","SAINT AUGUSTINE","FL","32084","65","WSL6501487","20","20","12/12/2019","04/13/2020","09/30/2026","","",""
"400","4005","BOVEDA RESERVE DISTRIBUTION LLC","KLD","","3185 NW FEDERAL HWY","","","JENSEN BEACH","FL","34957","53","BOVEDA RESERVE","1245 NE SAVANNA ROAD","","","STUART","FL","34994","53","WSL5302062","20","20","01/03/2020","01/03/2020","03/31/2026","","",""
"400","4005","HALEWOOD WINES & SPIRITS INC.","IMPR","","777 BRICKELL AVENUE #500","","","MIAMI","FL","33131","23","HALEWOOD WINES & SPIRITS INC","777 BRICKELL AVENUE # 500","","","MIAMI","FL","33131","23","WSL2326166","45","20","01/07/2020","10/21/2025","09/30/2025","","",""
"400","4005","UNSEEN CREATURES BREWING & BLENDING LLC","CMB","","4178 SW 74TH CT","","","MIAMI","FL","33155","23","UNSEEN CREATURES BREWING & BLENDING LLC","4178 SW 74 CT","","","MIAMI","FL","33155","23","WSL2326162","45","20","12/11/2019","10/21/2025","09/30/2025","","",""
"400","4005","WESTERN BEVERAGE LLC","KLD","","50 LOCK ROAD","","","DEERFIELD BEACH","FL","33442","16","DOUBLE EAGLE/DOUBLE EAGLE DISTRIBUTING","50 LOCK RD","","","DEERFIELD BEACH","FL","33442","16","WSL1601670","20","20","05/22/2020","09/30/2024","03/31/2026","","",""
"400","4005","BELL CURVE DISTRIBUTION LLC","JDBW","","1575 ARGYLE DRIVE","","","FORT MYERS","FL","33919","46","BELL CURVE DISTRIBUTION","925 SE 13TH PL","#1 S","","CAPE CORAL","FL","33990","46","WSL4605202","20","20","02/06/2020","06/05/2024","03/31/2026","","",""
"400","4005","LIBERATION DISTRIBUTION LLC","KLD","","6980 SANTA TERESA BLVD","","","SAN JOSE","CA","95119","705","LIBDIB","13040 BAY INDUSTRIAL DRIVE STE 200","","","GIBSONTON","FL","33534","39","WSL3909341","20","21","12/26/2019","02/21/2025","09/30/2026","","",""
"400","4005","RD AMERICA LLC","KLD","","17-10 WHITESTONE EXPRESSWAY","","","WHITESTONE","NY","11357","732","RESTAURANT DEPOT","1520 SW 8TH STREET","","","BOYNTON BEACH","FL","33426","60","WSL6013069","20","20","01/10/2020","02/05/2020","03/31/2026","","",""
"400","4005","WELTON BREWING COMPANY, INC.","CMB","","7060 HIDDEN OAKS CIRCLE","","","CLEARWATER","FL","33764-7722","62","BREWCRAFTERY","8098 66TH ST N","BLDG 2","","PINELLAS PARK","FL","33781","62","WSL6210524","20","20","01/08/2020","01/23/2024","09/30/2026","","",""
"400","4005","BRIX & MORTAR INC","AMW","","117 S PALMETTO AVE","","","SANFORD","FL","32771","69","BRIX & MORTAR URBAN WINERY","117 S PALMETTO AVE","","","SANFORD","FL","32771","69","WSL6903121","20","20","01/14/2020","02/26/2020","09/30/2026","","",""
"400","4005","AG GLOBAL TRADE LLC","KLD","","731 RIVERBEND BLVD","","","LONGWOOD","FL","32779","69","SILK ROAD WINES","3512 VERA AVE","","","ORLANDO","FL","32808","58","WSL5808844","20","20","01/30/2020","02/21/2025","09/30/2026","","",""
"400","4005","BOOTLEGGERS BREWWORX LLC","AMW","","10256 CAUSEWAY BLVD","UNIT 101","","TAMPA","FL","33619","39","BOOTLEGGERS BREWING COMPANY","10256 CAUSEWAY BLVD","UNIT 101","","TAMPA","FL","33619","39","WSL3909343","45","20","01/31/2020","10/21/2025","09/30/2025","","",""
"400","4005","BARTOW BREWING COMPANY LLC","CMB","","190 S FLORIDA AVE","","","BARTOW","FL","33830","63","FRONT PAGE BREWING COMPANY","190 S FLORIDA AVE","","","BARTOW","FL","33830","63","WSL6305052","20","20","02/07/2020","03/13/2020","09/30/2026","","",""
"400","4005","PRESCRIBED SPIRITS LLC","MEXP","","2371 SW 26TH TERRACE","","","MIAMI","FL","33133","23","PRESCRIBED SPIRITS LLC","2371 SW 26TH TERRACE","","","MIAMI","FL","33133","23","WSL2326168","20","20","02/03/2020","05/31/2025","03/31/2026","","",""
"400","4005","FL HEALTH BROKERS LLC","JDBW","","P. O. BOX 2322","","","FORT LAUDERDALE","FL","33303","16","FL WINE BROKERS","2167 NW 29TH ST","","","OAKLAND PARK","FL","33311","16","WSL1617009","20","20","02/05/2020","06/30/2025","03/31/2026","","",""
"400","4005","OLOGY BREWING COMPANY LLC","DD","CD","118 E 6TH AVE","","","TALLAHASSEE","FL","32303","47","OLOGY BREWING COMPANY","2700 POWDER MILL COURT SUITE E1","","","TALLAHASSEE","FL","32301","47","WSL4703250","20","20","02/07/2020","03/12/2020","09/30/2026","","",""
"400","4005","TUSCANY GROUP USA INC","JDBW","","2684 NW 31ST  AVENUE","BUILDING #21","","LAUDERDALE LAKES","FL","33311","16","TUSCANY WINES IMPORT","2684 NW 31ST AVE","#21","","LAUDERDALE LAKES","FL","33311","16","WSL1617008","20","20","02/04/2020","05/20/2020","03/31/2026","","",""
"400","4005","HOPLIFE LLC","AMW","","679 NW ENTERPRISE DR","UNIT 101","","PORT ST LUCIE","FL","34986","66","HOPLIFE BREWING COMPANY","679 NW ENTERPRISE DR","UNIT #101","","PORT ST LUCIE","FL","34986","66","WSL6602325","20","20","04/23/2020","04/23/2020","09/30/2026","","",""
"400","4005","PURPOSE BREWED LLC","CMB","","6 EAST 4TH STREET","","","PANAMA CITY","FL","32401","13","HISTORY CLASS BREWING COMPANY","6 EAST 4TH STREET","","","PANAMA CITY","FL","32401","13","WSL1303426","20","20","02/13/2020","05/06/2020","09/30/2026","","",""
"400","4005","PURPOSE BREWED LLC","AMW","","6 EAST 4TH STREET","","","PANAMA CITY","FL","32401","13","HISTORY CLASS BREWING COMPANY","6 EAST 4TH STREET","","","PANAMA CITY","FL","32401","13","WSL1303427","20","20","02/13/2020","04/21/2020","09/30/2026","","",""
"400","4005","GALANTINI SAPORI LLC","JDBW","","2055 RANGE RD","","","CLEARWATER","FL","33765","62","GALANTINI SAPORI LLC","2055 RANGE ROAD","","","CLEARWATER","FL","33765","62","WSL6210467","20","20","04/30/2020","04/30/2020","09/30/2026","","",""
"400","4005","GRUPPO FAMIGLIA LLC","CMB","","4897 LOWELL DRIVE","","","AVE MARIA","FL","34142","21","OIL WELL CRAFT BEER","5334 AVE MARIA BLVD","#500 - 600","","AVE MARIA","FL","34142","21","WSL2103786","45","20","02/25/2020","10/21/2025","09/30/2025","","",""
"400","4005","ALBERTO R FERRER","MEXP","","2855 NW 112TH AVENUE  UNIT 8","","","MIAMI","FL","33172","23","LATIN AMERICAN TRADING","","","","","","","","WSL2326171","20","20","02/17/2020","05/31/2025","03/31/2026","","",""
"400","4005","SLAINTE FLORIDA LLC","CMB","","74 LAKE JUNE ROAD","UNIT 3","","LAKE PLACID","FL","33852","38","WET DOGS BREWING","231 NORTH MAIN AVENUE","UNIT 3","","LAKE PLACID","FL","33852","38","WSL3801163","20","20","02/19/2020","04/01/2020","09/30/2026","","",""
"400","4005","LANVAL WINE IMPORT LLC","IMPR","","125 WOODBURY ROAD","","","HICKSVILLE","NY","11801","732","LANVAL WINE IMPORT","200 BISCAYNE BLVD # 2790","","","MIAMI","FL","33131","23","WSL2326178","20","20","03/09/2020","12/15/2021","09/30/2026","","",""
"400","4005","SOUTHERN GLAZER'S WINE AND SPIRITS, LLC","KLD","","1600 NW 163RD STREET SUITE 300","ATTN: TAMMY LOVE","","MIAMI","FL","33169","23","SOUTHERN GLAZER'S OF FL;SGWS","2047 2049, 2105 NORTH MIAMI AVENUE","","","MIAMI","FL","33127-4913","23","WSL2326175","20","20","02/27/2020","04/08/2020","03/31/2026","","",""
"400","4005","MR WINE LLC","IMPR","","9341 NE 9TH AVENUE","SUITE A","","MIAMI SHORES","FL","33138","23","MR WINE & SPIRITS","9341 NE 9TH AVENUE","SUITE A","","MIAMI SHORES","FL","33138","23","WSL2326179","20","20","03/11/2020","04/09/2020","09/30/2026","","",""
"400","4005","THREE ODD GUYS BREWING","CMB","","48  E 5TH ST","","","APOPKA","FL","32703","58","THREE ODD GUYS BREWING","48 E 5TH STREET","","","APOPKA","FL","32703","58","WSL5808850","45","20","06/18/2020","10/21/2025","09/30/2025","","",""
"400","4005","OLOGY BREWING COMPANY LLC","CMB","","118 E 6TH AVE","","","TALLAHASSEE","FL","32303","47","OLOGY BREWING CO","2910 KERRY FOREST PKWY","STE A7 A8 A9","","TALLAHASSEE","FL","32309","47","WSL4703251","20","20","03/26/2020","06/12/2020","09/30/2026","","",""
"400","4005","MOCAMA BREWING COMPANY LLC","CMB","","629 S 8TH STREET","","","FERNANDINA BEACH","FL","32034","55","MOCAMA BEER COMPANY","629 S 8TH STREET","","","FERNANDINA BEACH","FL","32034","55","WSL5500749","20","20","04/14/2020","06/05/2020","09/30/2026","","",""
"400","4005","RASCITO KING LLC","MEXP","","3801 N UNIVERSITY DR","SUITE 317A","","SUNRISE","FL","33351","16","RASCITO KING LLC","3411 BARTON RD","","","POMPANO BEACH","FL","33062","16","WSL1617011","20","20","04/27/2020","05/31/2025","03/31/2026","","",""
"400","4005","FIRST LOVE BREWING LLC","CMB","","960194 GATEWAY BOULEVARD","SUITE 101","","FERNANDINA BEACH","FL","32034","55","FIRST LOVE BREWING","22 SOUTH 8TH STREET STE 5","","","FERNANDINA BEACH","FL","32034","55","WSL5500748","20","20","03/25/2020","05/26/2020","09/30/2026","","",""
"400","4005","RASCITO KING LLC","IMPR","","3801 N UNIVERSITY DR","SUITE 317 A","","SUNRISE","FL","33351","16","RASCITO KING LLC","3801 N UNIVERSITY DR","#317 A","","SUNRISE","FL","33351","16","WSL1617010","45","20","03/24/2020","10/21/2025","09/30/2025","","",""
"400","4005","GAMBLERS BAY DISTILLERY LLC","DD","CD","302 BLANCA AVE.","","","TAMPA","FL","33606","39","GAMBLERS BAY DISTILLERY","6101 JOHNS RD, STE 7","","","TAMPA","FL","33634","39","WSL3909347","20","20","05/11/2020","02/09/2024","09/30/2026","","",""
"400","4005","7 IMPORT & EXPORT LLC","JDBW","","1835 NW 112TH AVENUE STE 162","","","MIAMI","FL","33172","23","7 IMPORT & EXPORT","1835 NW 112TH AVENUE STE 162","","","MIAMI","FL","33172","23","WSL2325680","20","20","07/07/2020","06/17/2025","03/31/2026","","",""
"400","4005","OBP LLC","BSA","","44 W ILLIANA ST","STE 102","","ORLANDO","FL","32806","58","ORANGE BLOSSOM BREWING","44 W ILLIANA ST","STE 102","","ORLANDO","FL","32806","58","WSL5808848","20","20","05/04/2020","05/04/2020","09/30/2026","","",""
"400","4005","LUGO'S CRAFT SPIRITS, LLC","DD","CD","2500 DRANE FIELD RD.","SUITE 208","","LAKELAND","FL","33811","63","LUGO'S CRAFT SPIRITS, LLC","2500  DRANE FIELD RD","SUITE 208","","LAKELAND","FL","33811","63","WSL6305053","20","20","04/23/2020","06/15/2020","09/30/2026","","",""
"400","4005","HIATUS BREWING COMPANY LLC","CMB","","6230 SW HWY 200 STE 4 & 5","","","OCALA","FL","34476","52","HIATUS BREWING COMPANY","6230 SW HWY 200 STE 4 & 5","","","OCALA","FL","34476","52","WSL5202628","20","20","04/13/2020","04/13/2020","09/30/2026","","",""
"400","4005","BIG STORM PINELLAS LLC","DD","CD","12707 49TH STREET NORTH","SUITE 500","","CLEARWATER","FL","33762","62","BIG STORM BREWING CO","12707 49TH STREET NORTH","SUITE 500","","CLEARWATER","FL","33762","62","WSL6210466","20","20","04/20/2020","05/18/2020","09/30/2026","","",""
"400","4005","ENGLISH BROWN WINERY LLC","AMW","","8390  NW 29TH STREET","","","SUNRISE","FL","33322","16","ENGLISH BROWN WINERY LLC","928 N FEDERAL HWY","","","HOLLYWOOD","FL","33020","16","WSL1617014","45","20","05/08/2020","10/21/2025","09/30/2025","","",""
"400","4005","SHADY DISTILLERY LLC","DD","CD","115 NW 6TH STREET","SUITE C","","FORT LAUDERDALE","FL","33311","16","SHADY DISTILLERY LLC","616 NW 2ND AVE","","","FORT LAUDERDALE","FL","33311","16","WSL1617013","20","20","05/05/2020","11/05/2021","09/30/2026","","",""
"400","4005","MR WINE LLC","MEXP","","1200 BRICKELL AVENUE","SUITE 1960","","MIAMI","FL","33131","23","MR WINE & SPIRITS","7270 NW 12TH STREET","SUITE 555","","MIAMI","FL","33126","23","WSL2326180","20","20","04/21/2020","05/31/2025","03/31/2026","","",""
"400","4005","CRAFTYS LLC","CMB","","311 NORTH SAFFORD AVE","","","TARPON SPRINGS","FL","34689","62","BRIGHTER DAYS BREWING CO","311 NORTH SAFFORD AVE","","","TARPON SPRINGS","FL","34689","62","WSL6210468","20","20","05/07/2020","05/12/2020","09/30/2026","","",""
"400","4005","OFFSHORE EXPORT, LLC","MEXP","","18901 WEST DIXIE HWY 6307-12","","","MIAMI","FL","33163","23","OFFSHORE EXPORT, LLC","230 N DIXIE HWY","#22","","HOLLYWOOD","FL","33020","16","WSL1617012","20","20","05/04/2020","05/21/2024","03/31/2026","","",""
"400","4005","GS IMPORT, EXPORT AND DISTRIBUTION LLC","IMPR","","1109 WEST AIRPORT","","","SANFORD","FL","32801","69","PARAMANA USA IMPORT, EXPORT AND DISTRIBUTION LLC","1109 WEST AIRPORT BLVD","","","SANDFORD","FL","32773","69","WSL6903123","45","20","05/29/2020","10/21/2025","09/30/2025","","",""
"400","4005","MARKER 48 BREWING LLC","AMW","","12147  CORTEZ BLVD","","","BROOKSVILLE","FL","34613","37","MARKER 48 BREWING","12147 CORTEZ BOULEVARD","","","SPRING HILL","FL","34613","37","WSL3701233","20","20","04/29/2020","07/22/2020","09/30/2026","","",""
"400","4005","COASTAL KARMA BREWING LLC","CMB","","798 10TH ST","","","LAKE PARK","FL","33403","60","COASTAL KARMA BREWING","798 10TH ST","","","LAKE PARK","FL","33403","60","WSL6013074","20","20","04/30/2020","10/23/2025","09/30/2026","","",""
"400","4005","GRAND CENTRAL BREWHOUSE, LLC","CMB","","2813  SUNSET WAY","","","ST. PETE BEACH","FL","33706","62","GRAND CENTRAL BREWHOUSE","2340 CENTRAL AVE","","","ST. PETERSBURG","FL","33712","62","WSL6210469","20","20","05/12/2020","07/28/2020","09/30/2026","","",""
"400","4005","GRAND CENTRAL BREWHOUSE, LLC","AMW","","2813 SUNSET WAY","","","ST. PETE BEACH","FL","33706","62","GRAND CENTRAL BREWHOUSE","2340 CENTRAL AVE","","","ST. PETERSBURG","FL","33712","62","WSL6210470","20","20","05/12/2020","07/28/2020","09/30/2026","","",""
"400","4005","AMERICAN CREAM BASE LLC","IMPR","","3680 EVANS AVE","","","FORT MYERS","FL","33901","46","AMERICAN CREAM BASE LLC","5664 YARDARM CT","","","CAPE CORAL","FL","33914","46","WSL4605204","45","20","06/16/2020","10/21/2025","09/30/2025","","",""
"400","4005","ONCE UPON A VINE LLC","AMW","","375 SILAS COURT","","","SPRING HILL","FL","34609","37","ONCE UPON A VINE LLC","13185 SPRING HILL DR","","","SPRING HILL","FL","34609","37","WSL3701234","20","20","05/22/2020","06/15/2020","09/30/2026","","",""
"400","4005","DRINK THE RENT, LLC","IMPR","","201 SE 2ND AVE, 2614","","","MIAMI","FL","33131","23","DRINK THE RENT LLC","201 SE 2ND AVE   2614","","","MIAMI","FL","33131","23","WSL2326185","20","20","06/03/2020","06/03/2020","09/30/2026","","",""
"400","4005","SOUTHERN CHARM WINE & SPIRITS LLC","BSA","","5309  BEACH DR","","","PANAMA CITY","FL","32408","13","SOUTHERN CHARM WINE & SPIRITS","5309 BEACH DR","","","PANAMA CITY","FL","32408","13","WSL1303428","45","20","07/24/2020","10/21/2025","09/30/2025","","",""
"400","4005","ST MICHAELS BREWING COMPANY INC","CMB","","2199 HIGHWAY 87S","","","NAVARRE","FL","32566","67","ST MICHAELS BREWING COMPANY","2199 HIGHWAY 87S","","","NAVARRE","FL","32566","67","WSL6701026","20","20","07/15/2020","07/15/2020","09/30/2026","","",""
"400","4005","VICTOR GEORGE SPIRITS, LLC","KLD","","1126 S FEDERAL HWY #308","","","FORT LAUDERDALE","FL","33316","16","VICTOR GEORGE SPIRITS LLC","514 NE 33RD ST","","","OAKLAND PARK","FL","33334","16","WSL1617016","20","20","05/20/2020","04/30/2025","03/31/2026","","",""
"400","4005","WORLD BRANDS U.S. LLC","KLD","","13477 NW 19TH LN","","","MIAMI","FL","33182","23","WORLD BRANDS U.S. LLC","13477 NW 19TH LN","","","MIAMI","FL","33182","23","WSL2326187","20","20","06/11/2020","06/29/2022","03/31/2026","","",""
"400","4005","SJR PROJECTS LLC","CMB","","31662 TANSY BND","","","WESLEY CHAPEL","FL","33545","61","DOUBLE BRANCH BREWING AND BITES","5956 WESLEY GROVE BLVD","","","WESLEY CHAPEL","FL","33544","61","WSL6103069","45","20","06/22/2020","10/21/2025","09/30/2025","","",""
"400","4005","EGGHEAD TOO, LLC","IMPR","","33 MEADOW BROOKE LANE","","","ORMOND BEACH","FL","32174","60","ARE CONCEPTS","33 MEADOW BROOKE LANE","","","ORMOND BEACH","FL","32174","28","WSL2800704","20","20","06/16/2020","06/16/2020","09/30/2026","","",""
"400","4005","MILLAN MULTISERVICE & LIQUOR INC","DD","CD","2590 27TH AVE NE (SHOP)","","","NAPLES","FL","34120","21","MILLAN DISTILLERY","2590 27TH AVE NE","SHOP","","NAPLES","FL","34120","21","WSL2103788","20","20","07/17/2020","03/18/2025","09/30/2026","","",""
"400","4005","SENADUANA FREIGHT FORWARDERS","MEXP","","46th ST 7778 NW ","","","DORAL","FL","33166","23","SENADUANA","46th ST 7778 NW","","","DORAL","FL","33166","23","WSL2326186","20","20","06/11/2020","05/31/2025","03/31/2026","","",""
"400","4005","NICH LLC","MEXP","","6716 NE 4TH AVE","","","MIAMI","FL","33138","23","NICH LLC","6716 NE 4TH AVENUE","","","MIAMI","FL","33138","23","WSL2326189","20","20","06/30/2020","06/30/2020","03/31/2026","","",""
"400","4005","ARMAND DE BRIGNAC HOLDINGS, LLC","IMPR","","540 W 26TH ST ","","","NEWYORK","NY","10001","732","ARMAND DE BRIGNAC","ONE LAKE MORTON DRIVE","SUITE 203","","LAKELAND","FL","33801","63","WSL6305054","20","20","06/24/2020","03/08/2023","09/30/2026","","",""
"400","4005","COQUINA COAST BREWING COMPANY INC","CMB","","318 MOODY BLVD","","","PALM COAST","FL","32136","28","COQUINA COAST BREWING COMPANY","318 MOODY BLVD","","","FLAGLER BEACH","FL","32137","28","WSL2800705","20","20","07/13/2020","06/25/2024","09/30/2026","","",""
"400","4005","CERBERUS CRAFT DISTILLERY LLC","DD","CD","8635 W HILLSBOROUGH AVE #196","#196","","TAMPA","FL","33615","39","CERBERUS CRAFT DISTILLERY/DARK DOOR SPIRITS","6091 JOHNS RD","SUITE 8-B","","TAMPA","FL","33634","39","WSL3909349","20","20","07/08/2020","08/26/2020","09/30/2026","","",""
"400","4005","JNL IMPORTS","MEXP","","5728   BURLINGTON AVE N","","","ST PETERSBURG","FL","33710","62","MIOVINI","5728 BURLING 1ST AVE SOUTH","UNIT B","","SAINT PETERSBURG","FL","33710","62","WSL6210471","45","20","07/09/2020","10/21/2025","09/30/2025","","",""
"400","4005","4TH AGE BREWING LLC","CMB","","12207 NE 13TH COURT","","","NORTH MIAMI","FL","33161","23","LOST CITY BREWING COMPANY","12207 NE 13TH COURT","","","NORTH MIAMI","FL","33161","23","WSL2326193","20","20","07/16/2020","07/24/2020","09/30/2026","","",""
"400","4005","RTM IMPORTS LLC","IMPR","","2905 ELDER HILL ROAD","","","DRIFTWOOD","TX","78619","744","RTM IMPORTS","7901 4TH ST N","STE 300","","ST. PETERSBURG","FL","33702","62","WSL6210472","20","20","07/22/2020","07/27/2020","09/30/2026","","",""
"400","4005","CUATRO AMIGOS LLC","JDBW","","2570 GAYTON CENTRE DR","","","RICHMOND","VA","23238","747","SAWM IMPORTS","1495 RAIL HEAD BLVD","#10","","NAPLES","FL","34110","21","WSL2103797","20","20","08/18/2020","04/05/2021","03/31/2026","","",""
"400","4005","NOW BRANDS FLORIDA LLC","MEXP","","1591 ROBWOOD TER","","","NORTH PORT","FL","34288","68","NOW BRANDS","1591 ROBWOOD TERR","","","NORTH PORT","FL","34288","68","WSL6803637","20","20","07/31/2020","05/31/2025","03/31/2026","","",""
"400","4005","INTERNATIONAL TRADE ONE CORP","IMPR","","10482 NW 31ST TERRACE","SUITE 2C","","DORAL","FL","33172","23","INTERNATIONAL TRADE ONE CORP","10482 NW 31ST TERRACE SUITE 2C","","","DORAL BRANCH","FL","33172","23","WSL2326198","20","20","09/08/2020","09/08/2020","09/30/2026","","",""
"400","4005","CENTRAL CARGO LLC","JDBW","","2005 MURCOTT UNIT B","","","SAINT CLOUD","FL","34771","59","PREMIUM WORLD WINES","2005 MURCOTT DRIVE","UNIT B","","ST. CLOUD","FL","34771","59","WSL5901328","20","21","10/30/2020","08/05/2025","09/30/2026","","",""
"400","4005","WOVEN WATER BREWING COMPANY, LLC","CMB","","456 W. COLUMBUS DRIVE","","","TAMPA","FL","33602","39","WOVEN WATER BREWING COMPANY, LLC","456 W. COLUMBUS DRIVE","","","TAMPA","FL","33602","39","WSL3909350","45","20","08/17/2020","10/21/2025","09/30/2025","","",""
"400","4005","REGAL PRODUCTS INTERNATIONAL INC","MEXP","","2201 N 40TH AVE.","","","HOLLYWOOD","FL","33021","16","REGAL PRODUCTS INTERNATIONAL INC","1906 N 31ST AVE","","","HOLLYWOOD","FL","33021","16","WSL1617022","20","20","09/09/2020","05/31/2025","03/31/2026","","",""
"400","4005","BUSHWACKER SPIRITS LLC","MEXP","","3135 SOUTHGATE CIRCLE","","","SARASOTA","FL","34239","68","BUSHWACKER SPIRITS LLC","3135 SOUTHGATE CIR","","","SARASOTA","FL","34239","68","WSL6803638","20","20","08/26/2020","09/01/2020","03/31/2026","","",""
"400","4005","BUSHWACKER SPIRITS LLC","IMPR","","3135 SOUTHGATE CIRCLE","","","SARASOTA","FL","34239","68","BUSHWACKER SPIRITS LLC","3135 SOUTHGATE CIR","","","SARASOTA","FL","34239","68","WSL6803639","20","20","08/28/2020","09/02/2020","09/30/2026","","",""
"400","4005","APOLLO EXPORT WAREHOUSE LLC","MEXP","","6950 NW 77TH CT","","","MIAMI","FL","33166","23","APOLLO GROUP","8503 NW 80TH ST","","","MIAMI","FL","33166","23","WSL2326196","20","20","08/27/2020","09/09/2020","03/31/2026","","",""
"400","4005","BREW BUS BREWING INC","CMB","","4005 W SPRUCE ST","","","TAMPA","FL","33607","39","FLORIDA AVENUE BREWING","2029 ARROWGRASS DRIVE","","","WESLEY CHAPEL","FL","33544","61","WSL6103071","20","20","09/21/2020","11/05/2020","09/30/2026","","",""
"400","4005","GEORGIAN WINES AND SPIRITS LLC","IMPR","","1120   LINDEN STREET","","","HOLLYWOOD","FL","33019","16","GEORGIAN WINES AND SPIRITS","3303 PORT ROYALE DR S","#711","","FORT LAUDERDALE","FL","33308","16","WSL1617021","20","20","08/27/2020","07/22/2025","09/30/2026","","",""
"400","4005","HYDERHEAD BREWERY INC","CMB","","1492  ROBINWOOD DR","","","DELAND","FL","32720","74","HYDERHEAD BREWERY INC","142 WEST GEORGIA AVE","","","DELAND","FL","32720","74","WSL7405810","20","20","09/08/2020","09/18/2020","09/30/2026","","",""
"400","4005","MAGNANIMOUS BREWING COMPANY LLC","CMB","","1420 N FLORIDA AVE","","","TAMPA","FL","33602","39","MAGNANIMOUS BREWING COMPANY","1420 N FLORIDA AVENUE","","","TAMPA","FL","33602","39","WSL3909352","20","20","09/16/2020","10/24/2025","09/30/2026","","",""
"400","4005","MONOPOLIO FLORIDA LLC","JDBW","","8550 NW 56TH STREET","","","MIAMI","FL","33166","23","MONOPOLIO FLORIDA","8550 NW 56 ST","","","DORAL","FL","33166","23","WSL2326200","20","20","09/21/2020","07/30/2025","03/31/2026","","",""
"400","4005","DIRECT WINE & SPIRITS, LLC","KLD","","5950 RAVENSWOOD RD","","","DANIA BEACH","FL","33312","16","DIRECT WINE & SPIRITS, LLC","5950 RAVENSWOOD RD","","","DANIA BEACH","FL","33312","16","WSL1617024","20","20","11/19/2020","06/27/2022","03/31/2026","","",""
"400","4005","MOTORWORKS BREWING LLC","CMB","","1014 9TH STREET WEST","","","BRADENTON","FL","34205","51","MOTORWORKS BREWING","131 N ORANGE AVENUE","SUITE 106","","ORLANDO","FL","32801","58","WSL5808852","20","20","09/09/2020","11/20/2020","09/30/2026","","",""
"400","4005","MACKOUL DISTRIBUTORS INC","KLD","","13350 INTERNATIONAL PARKWAY","SUITE 105","","JACKSONVILLE","FL","32218","26","MACKOUL DISTRIBUTORS INC","13350 INTERNATIONAL PARKWAY","SUITE 105","","JACKSONVILLE","FL","32218","26","WSL2608239","45","20","12/03/2020","10/21/2025","09/30/2025","","",""
"400","4005","C. VILLANUEVA COMPANY LLC","IMPR","","530 N DAKOTA  AVE ",""," ","LAKE ALFRED","FL","33850","63","QUALITY BREWERS","2250  NW 96TH AVE ","","SUITE 208","DORAL ","FL","33172","23","WSL2326216","20","20","11/23/2020","11/23/2020","09/30/2026","","",""
"400","4005","FPOUSA LLC","MEXP","","12973 SW 112TH #302","","","MIAMI","FL","33186","23","FPOUSA LLC","10446 SW 127 PL","","","MIAMI","FL","33186","23","WSL2326205","20","20","10/27/2020","05/01/2025","03/31/2026","","",""
"400","4005","DRY WROUGHT LLC","AMW","","1995 NE 31ST AVE","","","GAINESVILLE","FL","32609","11","DRY WROUGHT LLC","1995 NE 31ST AVE","","","GAINESVILLE","FL","32609","11","WSL1102357","20","20","12/02/2020","12/02/2020","09/30/2026","","",""
"400","4005","ARAS TRADING INCORPORATED","MEXP","","5419 NW  72RD AVENUE","","","MIAMI","FL","33166","23","ARAS TRADING INCORPORATED","5439 NW 72ND AVENUE","","","MIAMI","FL","33166","23","WSL2326202","20","20","09/28/2020","05/23/2025","03/31/2026","","",""
"400","4005","BREW HUB, LLC","DD","CD","17209 CHESTERFIELD AIRPORT ROAD","","","ST. LOUIS","MO","63005","725","BREW HUB, LLC","3900 S FRONTAGE ROAD","","","LAKELAND","FL","33815","63","WSL6305055","20","20","05/05/2021","05/05/2021","09/30/2026","","",""
"400","4005","INTERNATIONAL DIPLOMATIC SUPPLIES INC","MEXP","","2882 NW 72ND AVENUE","","","MIAMI","FL","33122","23","IDS US","2801 NW 74TH AVENUE","SUITE 213","","MIAMI","FL","33122-1443","23","WSL2326211","20","20","11/02/2020","05/14/2025","03/31/2026","","",""
"400","4005","DEPANA LLC","BSA","","601 Nw 80th  103","","","MARGATE","FL","33063","16","DEPANA","601 NW 80TH AVE","BUILDING 66","APT 103","MARGATE","FL","33063","16","WSL1617025","45","20","11/19/2020","10/21/2025","09/30/2025","","",""
"400","4005","BISCAYNE BAY BREWING COMPANY LLC","BSA","","100 NE 1ST, THIRD FLOOR","","","MIAMI","FL","33132","23","BISCAYNE BAY BREWING COMPANY","100 NE 1ST AVENUE","","","MIAMI","FL","33132","23","WSL2326212","45","20","11/05/2020","10/21/2025","09/30/2025","","",""
"400","4005","BUENAVIDA IMPORTS LLC","MEXP","","7435 WEST","20 AVE","","HIALEAH","FL","33014","23","BUENAVIDA IMPORTS LLC","3508 NW 114 AVE STE 205","","","DORAL","FL","33178","23","WSL2326210","20","20","10/30/2020","05/31/2022","03/31/2026","","",""
"400","4005","V&O TRADING LLC","MEXP","","2332 GALIANO ST BLDG 2ND FLOOR","","","CORAL GABLES","FL","33134","23","V&O TRADING LLC","2332 GALIANO STREET  2ND FLOOR","","","CORAL GABLES","FL","33134","23","WSL2326214","20","20","11/20/2020","05/31/2025","03/31/2026","","",""
"400","4005","CRAFT SPIRITS OF SOUTH FLORIDA LLC","MEXP","","814 PONCE DE LEON BLVD SUITE 310","","","CORAL GABLES","FL","33134","23","CRAFT SPIRITS OF SOUTH FLORIDA LLC","3630 NW 76 ST.","","","MIAMI","FL","33147","23","WSL2326221","20","20","12/14/2020","05/31/2025","03/31/2026","","",""
"400","4005","VINUMPORT DUTY FREE SALES INC","MEXP","","71 EAST PALISADE AVENUE","SUITE 1","","ENGLEWOOD","NJ","07631","730","VINUMPORT DUTY FREE SALES INC","2455 E SUNRISE BLVD","#801","","FORT LAUDERDALE","FL","33304","16","WSL1617026","20","20","12/01/2020","05/31/2025","03/31/2026","","",""
"400","4005","STATE OF CRAFT DISTRIBUTORS LLC","JDBW","","2937 SW 27TH AVENUE","SUITE 101","","MIAMI","FL","33133","23","STATE OF CRAFT DISTRIBUTORS","2688 SW 36TH ST","","","HOLLYWOOD","FL","33312","16","WSL1617032","20","20","02/17/2021","05/21/2024","03/31/2026","","",""
"400","4005","VON PAYNE SPIRITS LLC","BSA","","2112 SUNNYDALE BLVD UNIT C","","","CLEARWATER","FL","33765","62","VON PAYNE SPIRITS","2112 SUNNYDALE BLVD UNIT C","","","CLEARWATER","FL","33765","62","WSL6210478","20","20","11/25/2020","05/10/2021","09/30/2026","","",""
"400","4005","KEYS' MEADS, LLC","DD","CD","99411 OVERSEAS HWY, UNIT 6","","","KEY LARGO","FL","33037","54","KEYS' MEADS LLC","99411 OVERSEAS HWY, UNIT 6","","","KEY LARGO","FL","33037","54","WSL5402729","20","20","01/08/2021","03/09/2021","09/30/2026","","",""
"400","4005","WATERWAY IMPORTS LLC","IMPR","","2924 EAGLE ESTATES CIR N","","","CLEARWATER","FL","33761","62","WATERWAY IMPORTS LLC","197 N WATERWAY DR","","","PORT CHARLOTTE","FL","33952","18","WSL1801371","20","20","02/18/2021","06/10/2022","09/30/2026","","",""
"400","4005","VOSA SPIRITS LLC","BSA","","606 W 57TH STREET","","","NEW YORK","NY","10019","732","VOSA SPIRITS","1666 KENNEDY CAUSEWAY","SUITE 703","","NORTH BAY VILLAGE","FL","33141","23","WSL2326222","45","20","12/16/2020","10/21/2025","09/30/2025","","",""
"400","4005","LABELLE BREWING COMPANY LLC","CMB","","P O  BOX 1710","","","LABELLE","FL","33975","36","LABELLE BREWING COMPANY","540 1ST AVE","#200 - 500","","LABELLE","FL","33935","36","WSL3600616","20","20","12/16/2020","02/03/2021","09/30/2026","","",""
"400","4005","LINCOLN'S BEARD LLC","CMB","","15220 SW 72ND STREET","","","MIAMI","FL","33193","23","LINCOLN'S BEARD","7360 SW 41ST STREET","","","MD MIAMI","FL","33155","23","WSL2325947","20","20","01/20/2021","01/20/2021","09/30/2026","","",""
"400","4005","SCHENK WINES USA INC","IMPR","","108 VILLAGE SQUARE ","SUITE 306 ","","SOMERS","NY","10589","732","SCHENK WINES USA","ONE ALHAMBRA PLAZZA, PH","","","CORAL GABLES","FL","33134","23","WSL2311651","20","20","12/30/2020","01/08/2024","09/30/2026","","",""
"400","4005","CMOTA, LLC","MEXP","","555 N.E. 185 STREET","SUITE 107","","MIAMI","FL","33179","23","CMOTA, LLC","650 N.E. 185TH STREET","","","MIAMI GARDENS","FL","33179","23","WSL2326223","20","20","12/17/2020","05/31/2022","03/31/2026","","",""
"400","4005","F&F FINE WINES INTERNATIONAL INC","IMPR","","501 BRICKELL KEY DRIVE","STE 504","","MIAMI","FL","33131","23","ETHICA WINES","501 BRICKELL KEY DRIVE","STE 502 & 504","","MIAMI","FL","33131","23","WSL2326228","20","20","01/06/2021","01/15/2021","09/30/2026","","",""
"400","4005","EXPERT EXPORTERS SOLUTIONS INC","MEXP","","55 SW 9TH STREET","UNIT 4008","","MIAMI","FL","33130","23","EXPERT EXPORTERS SOLUTIONS INC","55 SW 9TH  ST","UNIT 4008","","MIAMI","FL","33130","23","WSL2326227","20","20","12/30/2020","05/31/2025","03/31/2026","","",""
"400","4005","CRACKER HOUSE WINERY LLC","AMW","","PO BOX 985","","","OLD TOWN","FL","32680","25","CRACKER HOUSE WINERY","522 SE 897TH STREET","","","OLD TOWN","FL","32680","25","WSL2500350","45","20","01/14/2021","10/21/2025","09/30/2025","","",""
"400","4005","SOUTHERN LIGHTS BREWING LLC","CMB","","2075 SUNNYDALE BLVD UNIT F","","","CLEARWATER","FL","33765","62","SOUTHERN LIGHTS BREWING COMPANY","2075 SUNNYDALE BLVD UNIT F","","","CLEARWATER","FL","33765","62","WSL6210479","45","20","12/29/2020","10/21/2025","09/30/2025","","",""
"400","4005","305 PREMIUM SELECTIONS CORP","IMPR","","7041 NW  114 CT","","","DORAL","FL","33178","23","305 PREMIUM SELECTIONS CORP","4491 NW 36 ST., SUITE B","","","MIAMI SPRINGS","FL","33166","23","WSL2326231","45","20","01/26/2021","10/21/2025","09/30/2025","","",""
"400","4005","HAMILTON HESTON LLC","CMB","","4497 STATE HIGHWAY 20 WEST","","","FREEPORT","FL","32439","76","HORSE POWER PAVILION","4657 STATE HIGHWAY 20 W","","","FREEPORT","FL","32439","76","WSL7601054","20","20","03/02/2021","05/01/2021","09/30/2026","","",""
"400","4005","ALLOCATED WINE & SPIRITS LLC","KLD","","1068 BUSINESS LN SUITE 1","","","NAPLES","FL","34110","21","ALLOCATED WINE & SPIRITS LLC","2711 PARK WINDSOR DR","#1","","FORT MYERS","FL","33901","46","WSL4600112","20","20","03/18/2021","05/03/2024","03/31/2026","","",""
"400","4005","TORGAR GROUP LLC","MEXP","","9600 SW 122 COURT","","","MIAMI","FL","33186","23","TORGAR GROUP LLC","9600 SW 122 CT","","","MIAMI","FL","33186","23","WSL2326232","20","20","01/28/2021","05/31/2025","03/31/2026","","",""
"400","4005","BOOM BOOM SOLUTIONS LLC","IMPR","","2440 NW 108 ST","","","MIAMI","FL","33167","23","BOOM BOOM SOLUTIONS LLC","2440 NW 108 ST","","","MIAMI","FL","33167","23","WSL2326239","45","20","03/22/2021","10/21/2025","09/30/2025","","",""
"400","4005","ALTO REAL VINEDOS LLC","BSA","","836 W DESOTO ST","ST 2B","","CLERMONT","FL","34711","45","ALTO REAL VINEDOS LLC","836 W DESOTO ST","ST 2B","","CLERMONT","FL","34711","45","WSL4502173","20","20","02/01/2021","02/17/2021","09/30/2026","","",""
"400","4005","BLUE LION TRADING LLC","JDBW","","3500 NW 114TH AVENUE","","","DORAL","FL","33178","23","BLUE LION TRADING LLC","8320 NW 14 ST","","","MIAMI","FL","33126","23","WSL2326236","20","20","03/03/2021","04/13/2021","03/31/2026","","",""
"400","4005","WINEMAKERS IMPORT INC","JDBW","","1460 NW 1ST COURT","","","BOCA RATON","FL","33432","60","WINEMAKERS IMPORT INC","1460 NW 1ST COURT","","","BOCA RATON","FL","33432","60","WSL6013080","20","20","02/03/2021","04/02/2021","03/31/2026","","",""
"400","4005","IALCA USA INC","IMPR","","5510 NW 10 AVE","","","MIAMI","FL","33127","23","IALCA USA INC","5510 NW 10 AVE","","","MIAMI","FL","33127","23","WSL2326355","45","20","05/13/2022","10/21/2025","09/30/2025","","",""
"400","4005","TURN 2 BREWING COMPANY INC","CMB","","4496 TANGLEWOOD DR.","","","SEBRING","FL","33872","38","TURN 2 BREWING COMPANY INC","4496 TANGLEWOOD DR.","","","SEBRING","FL","33872","38","WSL3801164","45","20","04/27/2021","10/21/2025","09/30/2025","","",""
"400","4005","HANI HONEY COMPANY LLC","AMW","","5219 SE EBBTIDE AVENUE","","","STUART","FL","34997","53","HANI HONEY COMPANY","724 S COLORADO AVENUE","","","STUART","FL","34994","53","WSL5302063","45","20","06/18/2021","10/21/2025","09/30/2025","","",""
"400","4005","DOMAINE GAYDA IMPORTS LLC","IMPR","","9234 SW 136 STREET CIRCLE","","","MIAMI","FL","33176","23","DOMAINE GAYDA IMPORTS LLC","9234 SW 136 STREET CIRCLE","","","MIAMI","FL","33176","23","WSL2326233","45","20","02/25/2021","10/21/2025","09/30/2025","","",""
"400","4005","LAGUNITAS BREWING COMPANY","CMB","","1280  N MCDOWELL BLVD","","","PETALUMA","CA","94954","705","CERVECERIA LA TROPICAL","42 NE 25TH STREET","","","MIAMI","FL","33127","23","WSL2326238","20","20","03/09/2021","04/19/2021","09/30/2026","","",""
"400","4005","ST. AUGUSTINE DISTILLERY COMPANY, LLC","DD","CD","112 RIBERIA STREET","","","SAINT AUGUSTINE","FL","32084","65","ST. AUGUSTINE DISTILLERY COMPANY","112 RIBERIA STREET","","","SAINT AUGUSTINE","FL","32084","65","WSL6501477","20","20","05/07/2021","05/07/2021","09/30/2026","","",""
"400","4005","ARDOA INC","IMPR","","3658 SANTAREN CT","","","NAPLES","FL","34119","21","ARDOA INC","3658 SANTAREN CT","","","NAPLES","FL","34119","21","WSL2103792","45","20","04/05/2021","10/21/2025","09/30/2025","","",""
"400","4005","BREWERS BANE LLC","AMW","","28544 BAYHEAD RD","","","DADE CITY","FL","33523","61","DADE CITY BREWHOUSE","14323 7TH ST","","","DADE CITY","FL","33523","61","WSL6103073","20","20","03/04/2021","06/14/2021","09/30/2026","","",""
"400","4005","BREWERS BANE LLC","CMB","","28544 BAYHEAD RD","","","DADE CITY","FL","33523","61","DADE CITY BREWHOUSE","14323 7TH ST","","","DADE CITY","FL","33523","61","WSL6103072","20","20","03/04/2021","06/14/2021","09/30/2026","","",""
"400","4005","INTERNATIONAL TRADE ONE CORP","MEXP","","10482 NW  31ST TERRACE","SUITE 2C","","DORAL","FL","33172","23","INTERNATIONAL TRADE ONE CORP","10482 NW  31ST TERRACE","SUITE 2C","","DORAL","FL","33172","23","WSL2326235","20","20","03/02/2021","03/02/2021","03/31/2026","","",""
"400","4005","BOTTEGA SIRVINO LLC","JDBW","","313 PLANTATION CIR","","","PONTE VEDRA BEACH","FL","32082","65","BOTTEGA SIRVINO LLC","8558 WESTSIDE INDUSTRIAL DR","UNIT 114","","JACKSONVILLE","FL","32219","26","WSL2001064","20","20","04/22/2021","04/22/2021","09/30/2026","","",""
"400","4005","SIMPLY MAZYCK 10 INC","IMPR","","5901 NW 151ST STREET STE 210","","","MIAMI LAKES","FL","33014","23","SIMPLY MAZYCK 10 INC","5901 NW 151ST STREET STE 210","","","MIAMI LAKES","FL","33014","23","WSL2326241","45","20","03/25/2021","10/21/2025","09/30/2025","","",""
"400","4005","CV TUSCANY WINE IMPORTS, LLC","JDBW","","9225 ULMERTON ROAD","SUITE T","","LARGO","FL","33771","62","ALVIN'S IMPORT","9225 ULMERTON ROAD","SUITE T","","LARGO","FL","33771","62","WSL6210483","20","20","04/23/2021","08/19/2021","09/30/2026","","",""
"400","4005","SHOJO BEER COMPANY, LLC","BSA","","9153  SW 142 PL","","","MIAMI","FL","33186","23","SHOJO BEER CO","9153  SW 142 PL","","","MIAMI","FL","33186","23","WSL2326244","45","20","03/29/2021","10/21/2025","09/30/2025","","",""
"400","4005","MEZCAL HUB LLC","MEXP","","748 MUIRFIELD CIRCLE","","","ATLANTIS","FL","33462","60","MEZCAL HUB","748 MUIRFIELD CIRCLE","","","ATLANTIS","FL","33462","60","WSL6013085","20","20","05/05/2021","05/31/2025","03/31/2026","","",""
"400","4005","ODD PELICAN BEER COMPANY LLC","CMB","","355 BULLDOG ROAD","#103","","FREEPORT","FL","32439","76","ODD PELICAN BEER COMPANY","355 BULLDOG ROAD","#103","","FREEPORT","FL","32439","76","WSL7601055","45","20","04/14/2021","10/21/2025","09/30/2025","","",""
"400","4005","DF ROSATI LLC","JDBW","","1372 N GOLDENROD RD UNIT 13","","","ORLANDO","FL","32807","58","DF ROSATI","1372 N GOLDENROD RD UNIT 13","","","ORLANDO","FL","32807","58","WSL5808858","20","20","03/26/2021","04/15/2021","09/30/2026","","",""
"400","4005","PRISION BREWING CO LLC","CMB","","16400 NW 15TH AVENUE","","","MIAMI","FL","33169","23","PRISON PALS BREWING CO","8302 NW 14 ST","","","DORAL","FL","33126","23","WSL2326245","20","20","03/29/2021","11/07/2022","09/30/2026","","",""
"400","4005","EVERGLADES DISTILLERS INC","DD","CD","160 AIRPARK BLVD","# 104","","IMMOKALEE","FL","34142","21","EVERGLADES DISTILLERS LLC","160 AIRPARK BLVD","#4 & 5","","IMMOKALEE","FL","34142","21","WSL2103794","20","20","04/23/2021","04/29/2021","09/30/2026","","",""
"400","4005","PRESTIGIOUS DISTRIBUTORS LLC","KLD","","3400 NW 74TH AVENUE STE 1","","","MIAMI","FL","33122","23","PRESTIGIOUS DISTRIBUTORS LLC","3400 NW 74TH AVENUE, SUITE 1","","","MD MIAMI","FL","33122","23","WSL2326246","20","20","03/29/2021","02/04/2022","03/31/2026","","",""
"400","4005","SEED IMPORTS LLC","IMPR","","311 PALM BLVD","","","WESTON","FL","33326","16","SEED IMPORTS","3319 W 99TH PL","","","HIALEAH","FL","33018","23","WSL2326257","20","20","04/16/2021","05/19/2021","09/30/2026","","",""
"400","4005","PARADISE CRAFT DISTRIBUTORS LLC","KLD","","6848 INDUSTRIAL AVE","","","PORT RICHEY","FL","34668","61","PARADISE CRAFT DISTRIBUTORS LLC","6811 INDUSTRIAL AVE","","","PORT RICHEY","FL","34668","61","WSL6103075","45","20","03/23/2021","10/21/2025","09/30/2025","","",""
"400","4005","INNOVINO INTERNATIONAL INC","JDBW","","7707 N UNIVERSITY DR STE 108","","","TAMARAC","FL","33321","16","INNOVINO INTERNATIONAL INC","2302 HENDERSON WAY","","","PLANT CITY","FL","33563","39","WSL3909365","20","20","04/13/2021","06/09/2021","09/30/2026","","",""
"400","4005","ARGENTINIAN BEVERAGE DISTRIBUTOR LLC","KLD","","1470 NW 78  DORAL , FL","","","MIAMI DADE","FL","33126","23","ARGENTINIAN BEVERAGE DISTRIBUTOR","1470 NW 78 AVENUE","","","DORAL","FL","33126","23","WSL2326254","20","20","04/06/2021","05/19/2021","03/31/2026","","",""
"400","4005","EXPORTIFY INC","MEXP","","444 BRICKELL AVENUE","","","MIAMI","FL","33131","23","EXPORTIFY INC","444 BRICKELL AVENUE","","","MIAMI","FL","33131","23","WSL2326247","20","20","03/30/2021","05/31/2025","03/31/2026","","",""
"400","4005","BREW BIER LLC","CMB","","28120 HUNTERS RIDGE BLVD","SUITE 1","","BONITA SPRINGS","FL","34135","46","RIPTIDE BREWING COMPANY'S BONITA SPRINGS BREWHOUSE","28120 HUNTERS RIDGE BLVD","#1 - 3","","BONITA SPRINGS","FL","34135","46","WSL4605173","45","20","06/23/2021","10/21/2025","09/30/2025","","",""
"400","4005","THREE HANDS MEAD & WINE LLC","AMW","","7508 KINARD RD","","","PLANT CITY","FL","33565","39","THREE HANDS MEAD COMPANY","111 S EVERS ST","","","PLANT CITY","FL","33565","39","WSL3909366","20","20","04/19/2021","07/09/2024","09/30/2026","","",""
"400","4005","ANGELS CUT, LLC","BSA","","13758 NW 20TH STREET","","","PEMBROKE PINES","FL","33028","16","ANGELS CUT, LLC","13758 NW 20TH ST","","","PEMBROKE PINES","FL","33028","16","WSL1617036","20","20","05/11/2021","09/11/2021","09/30/2026","","",""
"400","4005","GATLIN HALL BREWING LLC","CMB","","8000 KEY WEST DOVE ST","","","WINTER GARDEN","FL","34787","58","RUNABOUT BREWING","4721 S ORANGE AVE","","","ORLANDO","FL","32806","58","WSL5808859","20","20","04/26/2021","06/02/2021","09/30/2026","","",""
"400","4005","ME TRADE LLC","MEXP","","66 W FLAGLER ST STE 900","","","MIAMI","FL","33130","23","ME TRADE LLC","66 W FLAGLER ST STE 900","","","MIAMI","FL","33130","23","WSL2326255","20","20","04/12/2021","05/31/2025","03/31/2026","","",""
"400","4005","ELEVATED WINE AND SPIRITS, INC.","KLD","","1459  TALLEVAST ROAD","","","SARASOTA","FL","34243","51","ELEVATED WINE AND SPIRITS, INC.","1459 TALLEVAST RD","","","SARASOTA","FL","34243","51","WSL5102565","20","20","06/02/2021","09/05/2024","03/31/2026","","",""
"400","4005","FLORIDA RUM COMPANY, LLC","AMW","","4001 N 29TH AVENUE","","","HOLLYWOOD","FL","33020","16","ZIAMI DISTILLERY","4001 N 29TH AVE","","","HOLLYWOOD","FL","33020","16","WSL1617034","20","20","05/04/2021","09/13/2021","09/30/2026","","",""
"400","4005","DWYER ASSOCIATED SERVICES INC","JDBW","","4853 PEMBROKE ROAD","","","HOLLYWOOD","FL","33020","16","DBAMN (DISTRIBUTION BY ANY MEANS NECESSARY)","4853 PEMBROKE RD","","","HOLLYWOOD","FL","33020","16","WSL1617033","20","20","04/20/2021","07/13/2021","03/31/2026","","",""
"400","4005","GATLIN HALL BREWING LLC","AMW","","8000 KEY WEST DOVE ST","","","WINTER GARDEN","FL","34787","58","RUNABOUT BREWING","4721 S ORANGE AVE","","","ORLANDO","FL","32806","58","WSL5808860","20","20","04/29/2021","07/14/2021","09/30/2026","","",""
"400","4005","SAN FERMIN FL, LLC","KLD","","9 PECKHAM HILL RD","","","SHERBORN","MA","01770","721","SAN FERMIN FL, LLC","13449 NW 42 AVE., SUITE RF-8","","","OPA-LOCKA","FL","33054","23","WSL2326258","20","20","04/23/2021","07/10/2023","03/31/2026","","",""
"400","4005","SUNICE BEVERAGES LLC","BSA","","9 BARROW ST #6F","","","NEW YORK","NY","10014","732","SUNICE BEVERAGES","407 WEKIVA SPRINGS RD","STE 241","","LONGWOOD","FL","32779","69","WSL6903127","20","20","05/04/2021","02/26/2025","09/30/2026","","",""
"400","4005","ATTACHE WINE AND SPIRITS LLC","IMPR","","7955 NW 12 STREET STE 416","","","MIAMI","FL","33122","23","ATTACHE WINE AND SPIRITS","2301 NW 87 AVE SUITE 403","","","DORAL BRANCH","FL","33172","23","WSL2326259","45","20","04/27/2021","10/21/2025","09/30/2025","","",""
"400","4005","INK FACTORY BREWING LLC","CMB","","PO BOX 51266","","","JACKSONVILLE BEACH","FL","32240","26","INK FACTORY BREWING","602 SHETTER AVENUE","","","JACKSONVILLE BEACH","FL","32250","26","WSL2608241","20","20","05/06/2021","05/25/2021","09/30/2026","","",""
"400","4005","CIVIC BREWING COMPANY LLC","CMB","","106 MUNICIPAL AVENUE","","","SOPCHOPPY","FL","32358","75","CIVIC BREWING COMPANY","106 MUNICIPAL AVENUE","","","SOPCHOPPY","FL","32358","75","WSL7500412","20","20","05/20/2021","05/20/2021","09/30/2026","","",""
"400","4005","DENIM DISTRIBUTION LLC","BSA","","4600 SW 67TH AVENUE APT 212","","","MIAMI","FL","33155","23","DENIM DISTRIBUTION","4600 SW 67TH AVENUE # 212","","","MIAMI","FL","33155","23","WSL2326260","45","20","04/29/2021","10/21/2025","09/30/2025","","",""
"400","4005","MANZANOS WINES USA LLC","IMPR","","851 NE 1ST AVENUE","4601","","MIAMI","FL","33132","23","MANZANOS WINES USA LLC","851 NE 1ST AVENUE, 3412","","","MIAMI","FL","33132","23","WSL2326377","20","20","05/27/2021","10/27/2025","09/30/2026","","",""
"400","4005","A1A DISTRIBUTORS INC","MEXP","","5419 NW 74TH AVE","","","MIAMI","FL","33166","23","A1A DISTRIBUTORS INC","5419 NW 74TH AVE","","","MIAMI","FL","33166","23","WSL2326262","20","20","05/03/2021","05/31/2025","03/31/2026","","",""
"400","4005","DEES BROTHERS BREWERY LLC","CMB","","210 MAGNOLIA AVENUE","","","SANFORD","FL","32771","69","DEES BROTHERS BREWERY","210 MAGNOLIA AVENUE","","","SANFORD","FL","32771","69","WSL6903128","20","20","05/07/2021","06/01/2021","09/30/2026","","",""
"400","4005","F&W COMPANY LLC","MEXP","","1392 S NARCOOSSEE RD","","","SAINT CLOUD","FL","34771","59","F&W COMPANY LLC","1529 SOFTSHELL ST","","SAINT CLOUD","SAINT CLOUD","FL","34771","59","WSL5902252","45","20","05/03/2021","10/21/2025","09/30/2025","","",""
"400","4005","NEXT POINT LLC","KLD","","10300 NW 19TH STREET, SUITE 111","","","DORAL","FL","33172","23","NEXT POINT LLC","10300 NW 19TH STREET, SUITE 111","","","DORAL","FL","33172","23","WSL2326285","20","20","08/02/2021","08/02/2021","03/31/2026","","",""
"400","4005","STRINGS SPORTS BREWERY INC","CMB","","1850 N MAIN ST","","","JACKSONVILLE","FL","32206","26","STRINGS SPORTS BREWERY","1850 N MAIN ST","","","JACKSONVILLE","FL","32206","26","WSL2608242","20","20","06/10/2021","04/27/2022","09/30/2026","","",""
"400","4005","VIERU BEVERAGE LLC","DD","CD","190 CHAMPIONS VUE LOOP","APT 302","","DAVENPORT","FL","33897","63","VIERU BEVERAGE LLC","5675 NEW TAMPA HWY UNIT 7","","","LAKELAND","FL","33815","63","WSL6305056","45","20","06/14/2021","10/21/2025","09/30/2025","","",""
"400","4005","BFD SALES AND SERVICE, LLC","JDBW","","1997 NE 31ST STREET","","","GAINESVILLE","FL","32609","11","BFD SALES AND SERVICE, LLC","1997 NE 31ST AVE","","","GAINESVILLE","FL","32609","11","WSL1102358","45","20","05/11/2021","10/21/2025","09/30/2025","","",""
"400","4005","STORMHAUS BREWING LLC","CMB","","108 SEGOVIA WAY","","","JUPITER","FL","33458","60","STORMHOUSE BREWING","1201 US HWY 1","SUITE 15","","NORTH PALM BEACH","FL","33408","60","WSL6013086","20","20","05/14/2021","11/16/2021","09/30/2026","","",""
"400","4005","ROCKPIT BREWING LLC","AMW","","10 WEST ILLIANA ST","","","ORLANDO","FL","32806","58","ROCKPIT BREWING","10 WEST ILLIANA STREET","","","ORLANDO","FL","32806","58","WSL5808862","20","20","05/14/2021","06/28/2021","09/30/2026","","",""
"400","4005","SHOTPAQ LLC","CMB","","1712 NORTHGATE BLVD","","","SARASOTA","FL","34234","68","REDI-2-DRINQ SHOTPAQ AND REDI-2-DRINQ BEVSHOT","1712 NORTHGATE BLVD","","","SARASOTA","FL","34234","68","WSL6803643","20","20","05/28/2021","08/09/2021","09/30/2026","","",""
"400","4005","SHARK TOOTH DISTILLERY LLC","BSA","","2602 FIRETREE LN","","","VENICE","FL","34292","68","SHARK TOOTH DISTILLERY","2399 CARAWAY DR","","","VENICE","FL","34292","68","WSL6803644","45","20","08/02/2021","10/21/2025","09/30/2025","","",""
"400","4005","BLUE SPRINGS BREWING LLC","CMB","","1070 S VOLUSIA AVE","","","ORANGE CITY","FL","32763","74","RIVERWALK PIZZA & BREW PUB","1070 S VOLUSIA AVE","","","ORANGE CITY","FL","32763","74","WSL7405811","20","20","06/23/2021","07/15/2021","09/30/2026","","",""
"400","4005","REVENGE RUM LLC","DD","CD","415 SOUTHERN BLVD","","","WEST PALM BEACH","FL","33405","60","REVENGE RUM","415 SOUTHERN BLVD","","","WEST PALM BEACH","FL","33405","60","WSL6013087","45","20","06/17/2021","10/21/2025","09/30/2025","","",""
"400","4005","THREE DOVES ENTERPRISES INC","JDBW","","4250 COUNTY ROAD 675 E","","","BRADENTON","FL","34211","51","FIORELLI WINERY","4250 CR 675 E","","","BRADENTON","FL","34211","51","WSL5102527","20","20","06/24/2021","04/28/2025","03/31/2026","","",""
"400","4005","THREE DOVES ENTERPRISES INC","AMW","","4250 COUNTY ROAD 675 E","","","BRADENTON","FL","34211","51","FIORELLI WINERY","4250 CR 675 E","","","BRADENTON","FL","34211","51","WSL5102198","20","20","06/24/2021","06/24/2021","09/30/2026","","",""
"400","4005","LIBER AMERICA INC.","IMPR","","1221 BRICKELL AVENUE","SUITE 1160","","MIAMI","FL","33131","23","LIBER AMERICA INC","1221 BRICKELL AVENUE","","","MIAMI","FL","33131","23","WSL2326332","20","20","02/03/2022","02/03/2022","09/30/2026","","",""
"400","4005","BACARDI USA INC","IMPR","","401 EAST JACKSON STREET","ATTN: VICKI M. THOMAS","SUITE 2700","TAMPA","FL","33602","39","BACARDI USA INC","3011 PONCE DE LEON BLVD","SUITE 900","","CORAL GABLES","FL","33134","23","WSL2326267","20","20","05/24/2021","06/15/2021","09/30/2026","","",""
"400","4005","KING SPIRITS LLC","IMPR","","150 TURNER BLVD","","","ST PETERS ","MO","63376","725","KING SPIRITS","5020 GLADES ROAD","SUITE 200","","FORT PIERCE","FL","34981","66","WSL6602327","45","20","06/17/2021","10/21/2025","09/30/2025","","",""
"400","4005","SUNCOAST BEVERAGE SALES LLC","KLD","","4480 DR MARTIN LUTHER KING JR BLVD","","","FT MYERS","FL","33905","46","SUNCOAST BEVERAGE SALES LLC","4480 DR MARTIN LUTHER KING JR BLVD","","","FORT MYERS","FL","33905","46","WSL4605228","20","20","07/12/2021","07/12/2021","03/31/2026","","",""
"400","4005","DOC BROWN ENTERPRISES INC","MEXP","","6231 PGA BLVD. ","SUITE 104-403","","PALM BEACH GARDENS","FL","33418","60","DOC BROWN REALLY BAD RUM","768 MUIRFIELD CIR","","","LAKE WORTH","FL","33462","60","WSL6013088","20","20","06/23/2021","07/02/2021","03/31/2026","","",""
"400","4005","NBT IMPORTS LLC","MEXP","","1834 BRICKELL AVENUE","44","","MIAMI","FL","33129","23","VILLA RIVIERA","690 SW 1ST COURT # 2312","","","MIAMI","FL","33130","23","WSL2326276","20","20","06/18/2021","05/31/2025","03/31/2026","","",""
"400","4005","ASPIRUS SERVICES LLC","MEXP","","336 N BIRCH ROAD","APT 16 E ","","FORT LAUDERDALE","FL","33304","16","ASPIRUS SERVICES LLC","1815 W. OKEECHOBEE ROAD #4","","","HIALEAH","FL","33010","23","WSL2326269","20","20","06/03/2021","05/31/2025","03/31/2026","","",""
"400","4005","FIRST FLIGHT BREWING LLC","BSA","","7378 RESEARCH DRIVE","","","ALMONT","MI","48003","722","FIRST FLIGHT BREWING","407 WEKIVA SPRINGS RD, STE 241","","","LONGWOOD","FL","32751","69","WSL6903129","20","20","06/10/2021","06/18/2021","09/30/2026","","",""
"400","4005","H & F BLUEBERRY FARM, INC.","JDBW","","P.O.  BOX 764","","","DAVENPORT","FL","33836","63","TRUE BLUE WINERY","604 PINK APARTMENT ROAD","","","DAVENPORT","FL","33837","63","WSL6305059","20","20","10/07/2021","08/19/2024","03/31/2026","","",""
"400","4005","GOLDEN AGE INNOVATIONS LLC","IMPR","","6168 SANDLER CHASE TRAIL","","","JACKSONVILLE","FL","32222","26","GOLDEN AGE INNOVATIONS","6168  SANDLER CHASE TRAIL","","","JACKSONVILLE","FL","32222","26","WSL2608244","20","20","06/15/2021","06/15/2021","09/30/2026","","",""
"400","4005","GOLDEN AGE INNOVATIONS LLC","MEXP","","6168 SANDLER CHASE TRAIL","","","JACKSONVILLE","FL","32222","26","GOLDEN AGE INNOVATIONS","6168 SANDLER CHASE TRAIL","","","JACKSONVILLE","FL","32222","26","WSL2608243","20","20","06/15/2021","06/15/2021","09/30/2026","","",""
"400","4005","BEACH BASKET LLC","MEXP","","500 500 WESTOVER DR","STE 6262","","SANFORD","NC","27330","733","N/A","7901 4TH ST N","STE 300","","ST PETERSBURG","FL","33702","62","WSL6210484","45","20","06/16/2021","10/21/2025","09/30/2025","","",""
"400","4005","IAN SMITH","MEXP","","659 WALDO ST SE","","","ATLANTA","GA","30312","710","WINESMITH COMPANY INC","8935 NW 27TH STREET","","","DORAL","FL","33156","23","WSL2326275","20","20","06/15/2021","05/31/2025","03/31/2026","","",""
"400","4005","MANCH & CO INC","IMPR","","1957 SALT MYRTLE LANE","","","FLEMING ISLAND","FL","32003","20","MANCH & CO INC","1957 SALT MYRTLE LANE","","","FLEMING ISLAND","FL","32003","20","WSL2001065","45","20","08/20/2021","10/21/2025","09/30/2025","","",""
"400","4005","COBALT BRANDS LLC","IMPR","","2455 E SUNRISE BLVD","SUITE 801","","FORT LAUDERDALE","FL","33304","16","COBALT BRANDS LLC","2455 E SUNRISE BLVD","#801","","FORT LAUDERDALE","FL","33304","16","WSL1617043","45","20","07/13/2021","10/21/2025","09/30/2025","","",""
"400","4005","RUDE BWOY SPIRITS LLC","IMPR","","2502 RUSTIC OAKS DR","","","LUTZ","FL","33559","39","RUDE BWOY SPIRITS","1717 E BUSCH BLVD","","","TAMPA","FL","33612","39","WSL3909368","45","20","07/02/2021","10/21/2025","09/30/2025","","",""
"400","4005","OYSTER CITY TALLAHASSEE, LLC.","CMB","","603 WEST GAINES STREET","SUITE 7","","TALLAHASSEE","FL","32304","47","OYSTER CITY BREWING COMPANY","603 WEST GAINES STREET","SUITE 7","TALLAHASSEE","TALLAHASSEE","FL","32304","47","WSL4703255","20","20","07/22/2021","04/18/2025","09/30/2026","","",""
"400","4005","INTERNATIONAL WINE COMPANY LLC","JDBW","","P.O. BOX 360742","","","MELBOURNE","FL","32936","15","INTERNATIONAL WINE COMPANY","3110 SKYWAY CIRCLE, SUITE 100","","","MELBOURNE","FL","32934","15","WSL1505437","20","20","07/14/2021","02/12/2024","03/31/2026","","",""
"400","4005","OLOGY BREWING COMPANY LLC","DD","CD","118 E 6TH AVE","","","TALLAHASSEE","FL","32303","47","OLOGY BREWING COMPANY LLC","118 E. 6TH AVE","","","TALLAHASSEE","FL","32303","47","WSL4703254","20","20","07/09/2021","07/12/2021","09/30/2026","","",""
"400","4005","PYRAMID GLOBAL IMPORTS AND DISTRIBUTORS INC","JDBW","","1317 EDGEWATER DRIVE","UNIT 6668","","ORLANDO","FL","32804","58","PYRAMID GLOBAL IMPORTS AND DISTRIBUTORS INC","5592 L.B. MCLEOD ROAD, UNIT 019","","","ORLANDO","FL","32811","58","WSL5808863","45","20","08/06/2021","10/21/2025","09/30/2025","","",""
"400","4005","DUNES BREWING LLC","CMB","","118 S PALMETTO","","","DAYTONA BEACH","FL","32114","74","DUNES BREWING","59 DUNLAWTON AVENUE, UNIT 102","","","PORT ORANGE","FL","32127","74","WSL7405812","20","20","08/09/2021","08/09/2021","09/30/2026","","",""
"400","4005","TROPICAL WINERY LLC","AMW","","2678 US 27 S","","","LAKE PLACID","FL","33852","38","TROPICAL WINERY LLC","2678 US HWY 27 S","","","LAKE PLACID","FL","33852","38","WSL3801165","20","20","08/11/2021","08/11/2021","09/30/2026","","",""
"400","4005","CORK CAPITAL LLC","KLD","","1475 PINE AVE","","","ORLANDO","FL","32824","58","CORK CAPITAL","1475 PINE AVENUE A- 1","","","ORLANDO","FL","32824","58","WSL5808896","20","20","07/20/2021","10/06/2021","09/30/2026","","",""
"400","4005","ALBA DISTRIBUTORS OF FLORIDA, INC.","JDBW","","5750 NW 32ND COURT","","","MIAMI","FL","33142","23","ALBA DISTRIBUTORS OF FLORIDA, INC.","5100 E HANNA AVE","","","TAMPA","FL","33610","39","WSL3909369","20","20","09/01/2021","02/23/2022","09/30/2026","","",""
"400","4005","3 DAUGHTERS BREWING LLC","DD","CD","222 22ND ST S","","","ST. PETERSBURG","FL","33712","62","3 DAUGHTERS BREWING","222 22ND ST. S BLDG #2","","","ST. PETERSBURG","FL","33712","62","WSL6210486","20","20","07/27/2021","10/04/2021","09/30/2026","","",""
"400","4005","EXPORTUS GROUP CORP.","KLD","","9999 NW 89 AVE, BAY 16-17","","","MEDLEY","FL","33178","23","WWW.COLOMBIANLIQUORS.COM","9999 NW 89 AVE., BAY 16-17","","","MEDLEY","FL","33178","23","WSL2326282","20","20","07/28/2021","07/28/2021","03/31/2026","","",""
"400","4005","KREA MARKETING STUDIO INC","MEXP","","1310 SW 74TH COURT","","","MIAMI","FL","33144","23","VIVA CASA","1310 SW 74TH CT","","","MIAMI","FL","33144","23","WSL2326280","20","20","07/21/2021","05/31/2025","03/31/2026","","",""
"400","4005","TRAPICAL WINE USA LLC","KLD","","12460 SW 96TH STREET","","","MIAMI","FL","33186","23","TRAPICAL WINE USA LLC","12210 SW 131 ST AVENUE","","","MIAMI","FL","33186","23","WSL2326294","20","20","08/19/2021","08/19/2021","03/31/2026","","",""
"400","4005","REAL CHOOCH LLC THE","IMPR","","12253 COLONY PRESERVE DRIVE","","","BOYNTON BEACH","FL","33436","60","REAL CHOOCH THE","499 EAST PALMETTO PARK ROAD","SUITE 228","","BOCA RATON","FL","33432","60","WSL6013093","20","20","09/09/2021","11/24/2021","09/30/2026","","",""
"400","4005","VINO VERITAS IMPORTS INC","JDBW","","3300 BARCLAY AVENUE","#404","","SPRING HILL","FL","34609","37","CELLAR2SELLERS","3300 BARCLAY AVENUE","#404","","SPRING HILL","FL","34609","37","WSL3701238","45","20","08/10/2021","10/21/2025","09/30/2025","","",""
"400","4005","OM CENTER LLC","IMPR","","7618 NE 4 CT NE 4 CT","","","MIAMI","FL","33138","23","OM CENTER LLC","7610 NE 4 CT","","","MIAMI","FL","33138","23","WSL2326288","20","20","08/05/2021","08/06/2021","09/30/2026","","",""
"400","4005","ALGA BEER COMPANY LLC","CMB","","2435 N 12TH AVE","","","PENSACOLA","FL","32503","27","ALGA BEER COMPANY","1151 E SCOTT ST","","","PENSACOLA","FL","32503","27","WSL2703790","20","20","08/04/2021","12/01/2021","09/30/2026","","",""
"400","4005","PROVICENTER USA LLC","KLD","","1080 BRICKELL AVENUE APT 3104","","","MIAMI","FL","33131","23","PROVICENTER USA LLC","2063 NW 79TH AVE","","","DORAL","FL","33122","23","WSL2326306","20","20","09/27/2021","09/27/2021","03/31/2026","","",""
"400","4005","GIN RUNNERS LLC","IMPR","","333 SE 2 AVE  SUITE 3200","","","MIAMI","FL","33131","23","GIN RUNNERS LLC","1340 S DIXIE HWY","SUITE 140","","CORAL GABLES","FL","33146","23","WSL2326293","20","20","08/19/2021","10/15/2021","09/30/2026","","",""
"400","4005","HOME STATE BREWING CO","CMB","","8016 CALABRIA COURT","","","ORLANDO","FL","32836","58","HOME STATE BREWING CO.","16016 NEW INDEPENDENCE PKWY #100","","","WINTER GARDEN","FL","34787","58","WSL5808869","20","20","01/25/2022","04/24/2022","09/30/2026","","",""
"400","4005","MAPFURIRE H LLC","JDBW","","8220  PATTERSON WOODS DRIVE ","APARTMENT 4205","","ORLANDO ","FL","32821","58","GREAT AMERICAN DISTRIBUTORS","3135 E HWY 92","UNIT 6","","LAKELAND","FL","33801","63","WSL6305057","20","20","08/23/2021","12/15/2021","03/31/2026","","",""
"400","4005","SOVEREIGN DISTRIBUTORS LLC","KLD","","11230 NW 122ND STREET UNIT 400","","","MEDLEY","FL","33178","23","NOBLE BEVERAGES","11230 NW 122ND STREET UNIT 400","","","MEDLEY","FL","33178","23","WSL2326292","20","20","08/18/2021","09/01/2021","03/31/2026","","",""
"400","4005","BLACK BEARD DISTILLERY LLC","DD","CD","10103 CLUBHOUSE DRIVE","","","BRADENTON","FL","34202","51","VENICE CRAFT DISTILLERY","617 CYPRESS AVE","#B","","VENICE","FL","34285","68","WSL6803645","20","20","10/27/2021","10/28/2021","09/30/2026","","",""
"400","4005","GRANT GROUP LLC","KLD","","4485 FURLING LANE","","","DESTIN","FL","32541","56","PRESTIGE WORLDWIDE DISTRUBTORS","4485 FURLING LANE","","","DESTIN","FL","32541","56","WSL5602619","20","20","01/12/2022","01/12/2022","09/30/2026","","",""
"400","4005","7 IMPORT & EXPORT LLC","MEXP","","1835 NW 112TH AVENUE STE 162","","","MIAMI","FL","33172","23","7 IMPORT & EXPORT","1835 NW 112TH AVE, STE 162","","","MIAMI","FL","33172","23","WSL2326297","20","20","08/25/2021","05/31/2025","03/31/2026","","",""
"400","4005","CAROLINA MOON DISTILLERY, LLC","IMPR","","4 EIGHTH STREET ","","","AUGUSTA","GA","30901","710","SECOND CITY DISTILLERY","7901 4TH ST NORTH","STE 300","","ST. PETERSBURG","FL","33702","62","WSL6210495","45","20","04/06/2022","10/21/2025","09/30/2025","","",""
"400","4005","BOWIGENS BEER COMPANY AVALON LLC","AMW","","1014 SR 436","","","CASSELBERRY","FL","32707","69","BOWIGENS BEER COMPANY","3801 AVALON PARK EAST BLVD","SUITE 120","","ORLANDO","FL","32828","58","WSL5808865","20","20","09/24/2021","10/21/2025","09/30/2026","","",""
"400","4005","VITAVINUM IMPORTS LLC","IMPR","","4100 NE 2ND AVE STE 202","","","MIAMI","FL","33137","23","VITAVINUM IMPORTS LLC","4100 NE 2ND AVENUE, SUITE 202","","","MIAMI","FL","33137","23","WSL2326299","20","20","09/07/2021","10/21/2021","09/30/2026","","",""
"400","4005","REGINA WADDELL","BSA","","54 HUDSON DRIVE","","","FREEPORT","FL","32439","76","REGINA WADDELL","54 HUDSON DRIVE","","","FREEPORT","FL","32439","76","WSL7601056","20","20","10/11/2021","10/28/2023","09/30/2026","","",""
"400","4005","GOOD STUFF BEVERAGE LLC","KLD","","4312 HAMLIN WAY","","","WIMAUMA","FL","33598","39","GOOD STUFF BEVERAGE LLC","4901 E ADAMO DRIVE","ROOM E 008","","TAMPA","FL","33605","39","WSL3909370","45","20","09/15/2021","10/21/2025","09/30/2025","","",""
"400","4005","NORTH MIAMI BREWING COMPANY INC","CMB","","12355 NE 13 AVE #105 &AMP; 108","","","NORTH MIAMI","FL","33161","23","EPOCA BREWING","12355 NE 13 AVE #105 & 108","","","NORTH MIAMI","FL","33161","23","WSL2326302","45","20","09/17/2021","10/21/2025","09/30/2025","","",""
"400","4005","BODEGAS IMPORTS, LLC","IMPR","","210 SEAVIEW DR  207","","","KEY BISCAYNE","FL","33149","23","BODEGAS IMPORTS, LLC","210 SEA VIEW DR., 507","","","KEY BISCAYNE","FL","33149","23","WSL2326301","45","20","09/13/2021","10/21/2025","09/30/2025","","",""
"400","4005","BREW THEORY LLC","CMB","","400 PITTMAN STREET","SUITE A","","ORLANDO","FL","32801","58","BREW THEORY / FLORIDA CRAFT BREWERY","2650 JEWETT LANE","","","SANFORD","FL","32771","69","WSL6903125","45","20","01/26/2022","10/21/2025","09/30/2025","","",""
"400","4005","HONEST MAKERS LLC","JDBW","","316 8TH AVENUE E","","","PALMETTO","FL","34221","51","HONEST MAKERS LLC","2100 US 301 N","#1055","","PALMETTO","FL","34221","51","WSL5102574","20","20","09/17/2021","05/16/2025","03/31/2026","","",""
"400","4005","OLOGY BREWING COMPANY LLC","DD","CD","118 E 6TH AVE","","","TALLAHASSEE","FL","32303","47","OLOGY DISTILLING","2910 KERRY FORREST PAERKWAY","UNIT A-9","","TALLAHASSEE","FL","32309","47","WSL4703257","20","20","05/04/2022","05/04/2022","09/30/2026","","",""
"400","4005","10 STACK BEVERAGE LLC","JDBW","","18359 LINGERLON AVE","","","PORT CHARLOTTE","FL","33948","18","10 STACK BEVERAGE LLC","1544 MARKET CIR","#6","","PORT CHARLOTTE","FL","33948","18","WSL1801372","20","20","10/06/2021","10/06/2021","03/31/2026","","",""
"400","4005","ITS CRAFT LIFE BREWING COMPANY","CMB","","6810 TOWER DRIVE","","","HUDSON","FL","34667","61","CRAFT LIFE BREWING","6810 TOWER DRIVE","","","HUDSON","FL","34667","61","WSL6103076","20","20","09/24/2021","02/24/2022","09/30/2026","","",""
"400","4005","SUGAR SAND BREWERY LLC","CMB","","PO BOX 948","","","LAKE PLACID","FL","33862","38","SUGAR SAND BREWERY","301 CIRCLE PARK DR STE 3012","","","SEBRING","FL","33870","38","WSL3801166","20","20","10/04/2021","01/04/2022","09/30/2026","","",""
"400","4005","21GC DISTRIBUTOR LLC","JDBW","","7537 WEST 24TH AVENUE SUITE 200","","","HIALEAH","FL","33016","23","21GC DISTRIBUTOR","7537 WEST 24TH AVENUE, SUITE 200","","","HIALEAH","FL","33016","23","WSL2326304","20","20","09/22/2021","11/13/2021","03/31/2026","","",""
"400","4005","GLOBAL MARINE TRADING INC","MEXP","","12790 SW 93 PLACE","","","MIAMI","FL","33176","23","GLOBAL EXPORT","12790 SW 93RD PLACE","","","MIAMI","FL","33176","23","WSL2326305","20","20","09/23/2021","05/21/2024","03/31/2026","","",""
"400","4005","BRITTANY IMPORTS CORPORATION","IMPR","","290 NW 165TH STREET PH-1","","","MIAMI","FL","33169","23","BRITTANY IMPORTS","290 NW 165TH STREET PH-1","","","MIAMI","FL","33169","23","WSL2326308","45","20","09/29/2021","10/21/2025","09/30/2025","","",""
"400","4005","ANGRY CHAIR BREWING LLC","CMB","","4101 N FLORIDA AVE","","","TAMPA","FL","33604","39","ANGRY CHAIR BREWING","4101 N FLORIDA AVE","","","TAMPA","FL","33604","39","WSL3909228","45","20","02/01/2022","10/21/2025","09/30/2025","","",""
"400","4005","CEREMONY LLC","CMB","","10441 PACKINGHOUSE LANE","","","BONITA SPRINGS","FL","34135","46","CEREMONY BREWING","10441 PACKINGHOUSE LN","","","BONITA SPRINGS","FL","34135","46","WSL4605208","20","20","11/12/2021","11/12/2021","09/30/2026","","",""
"400","4005","BARTOW ETHANOL OF FLORIDA LC","DD","","1705 EAST MANN ROAD","","","BARTOW","FL","33830","63","BARTOW ETHANOL OF FLORIDA","1705 EAST MANN ROAD","","","BARTOW","FL","33830","63","WSL6305060","45","20","10/26/2021","10/21/2025","09/30/2025","","",""
"400","4005","VERTICAL BREWING COMPANY","CMB","","351 N RONALD REAGAN  BLVD","SUITE 1055","","LONGWOOD","FL","32750","69","ALESTONE BREWING COMPANY","351 N RONALD REAGAN BLVD","SUITE 1055","","LONGWOOD","FL","32750","69","WSL6903130","45","20","01/03/2022","10/21/2025","09/30/2025","","",""
"400","4005","BJL SOURCES INC","AMW","","8145 VIRGINIA LANE","","","MILTON","FL","32583","67","YE OLDE BROTHERS BREWERY","4460 HWY 87 S","","","NAVARRE","FL","32566","67","WSL6701027","20","20","11/15/2021","11/15/2021","09/30/2026","","",""
"400","4005","CONSORTIUM WINE AND SPIRITS DISTRIBUTOR, LLC","KLD","","5042 W SILVER SPRINGS BLVD # 106","","","OCALA","FL","34482","52","CONSORTIUM WINE AND SPIRITS","5042 W SILVER SPRINGS BLVD #106","","","OCALA","FL","34482","52","WSL5202629","20","21","10/11/2021","08/05/2025","09/30/2026","","",""
"400","4005","7TH SKY VENTURES LLC","MEXP","","601 S HARBOUR ISLAND BLVD","SUITE 109","","TAMPA","FL","33602","39","7TH SKY","3810 LINK RD","","","LITHIA","FL","33547","39","WSL3909399","45","20","10/15/2021","10/21/2025","09/30/2025","","",""
"400","4005","SOVEREIGN DISTRIBUTORS LLC","MEXP","","11230 NW 122ND STREET UNIT 400","","","MEDLEY","FL","33178","23","SOVEREIGN DISTRIBUTORS LLC","11230 NW 122ND STREET, UNIT 400","","","MEDLEY","FL","33178","23","WSL2326310","20","20","10/04/2021","10/08/2021","03/31/2026","","",""
"400","4005","IN THE LOOP BREWING INC","CMB","","3338 LAND O LAKES BLVD","","","LAND O' LAKES","FL","34639","61","IN THE LOOP BREWING INC","3338 LAND O' LAKES BLVD","","","LAND O' LAKES","FL","34639","61","WSL6103079","45","20","04/13/2022","10/21/2025","09/30/2025","","",""
"400","4005","ARGENTINE SPECIALTIES LLC","JDBW","","14 PALAFOX PL","","","PENSACOLA","FL","32502","27","ARGENTINE SPECIALTIES LLC","3620 NORTH M STREET","","","PENSACOLA","FL","32505","27","WSL2703791","20","20","11/12/2021","11/12/2021","09/30/2026","","",""
"400","4005","SUGAR SAND DISTILLERY LLC","DD","CD","POBOX 948","","","LAKE PLACID","FL","33862","38","SUGAR SAND DISTILLERY","301 CIRCLE PARK DR STE 3011","","","SEBRING","FL","33870","38","WSL3801167","20","20","10/25/2021","01/24/2022","09/30/2026","","",""
"400","4005","HOPSIZED BREWING COMPANY LLC","CMB","","12601 LONSDALE TERRACE","","","FORT MYERS","FL","33913","46","HOPSIZED BREWING COMPANY","9201 COCKLESHELL CT","#13 - 14","","BONITA SPRINGS","FL","34135","46","WSL4605207","20","20","10/21/2021","12/21/2021","09/30/2026","","",""
"400","4005","BLUE CATERPILLAR LLC","MEXP","","1800 SW 1ST AVE","SUITE 502","","MIAMI","FL","33129","23","BLUE CATERPILLAR","1800  SW 1ST AVE","SUITE 507","","MIAMI","FL","33129","23","WSL2326324","20","20","12/13/2021","05/02/2025","03/31/2026","","",""
"400","4005","DEVONSHIRE INVESTMENT LLC","MEXP","","720 NW 93RD TERRACE","","","PEMBROKE PINES","FL","33024","16","GRAND CENTRAL LIQUORS","720 NW 93RD TERR","","","PEMBROKE PINES","FL","33024","16","WSL1617051","20","20","10/18/2021","05/31/2025","03/31/2026","","",""
"400","4005","GL BREWING LWR LLC","CMB","","3411  RIVERWOODS DRIVE","","","PARRISH","FL","34219","51","GOOD LIQUID BREWING COMPANY","1570 LAKEFRONT DR","#100","","SARASOTA","FL","34240","68","WSL6803647","20","20","11/23/2021","11/23/2021","09/30/2026","","",""
"400","4005","HARD AF SELTZER LLC","BSA","","9221 HIGHWAY 290 W","","","AUSTIN","TX","78736","","HARD AF SELTZER","17888 67TH COURT NORTH","","","LOXAHATCHEE","FL","33470","60","WSL6013098","20","20","02/11/2022","03/28/2022","09/30/2026","","",""
"400","4005","JR BEER COMPANY LLC","KLD","","6923 NARCOOSSEE RD","SUITE #627","","ORLANDO","FL","32822","58","JR BEER & SPIRITS","6923 NARCOOSSEE RD","SUITE # 627","","ORLANDO","FL","32822","58","WSL5808866","20","20","10/26/2021","02/14/2022","09/30/2026","","",""
"400","4005","VINO GHVINO 21 LLC","JDBW","","3904 W SWANN AVE","","","TAMPA","FL","33609","39","VINO GHVINO 21","1717 S 50TH STREET","","","TAMPA","FL","33619","39","WSL3909373","20","20","12/01/2021","08/30/2024","09/30/2026","","",""
"400","4005","BLUE CATERPILLAR LLC","MEXP","","1800 SW 1ST AVE","SUITE 502","MIAMI","MIAMI","FL","33129","23","BLUE CATERPILLAR","1800 SW 1ST AVE","SUITE 507","","MIAMI","FL","33129","23","WSL2326313","20","20","10/19/2021","05/31/2025","03/31/2026","","",""
"400","4005","B C TRADING WORLDWIDE INC","MEXP","","8910 NW 98TH AVENUE","","","DORAL","FL","33178","23","B C TRADING WORLDWIDE INC","8275 NW 66 STREET","","","DORAL","FL","33166","23","WSL2326315","20","20","10/19/2021","05/31/2025","03/31/2026","","",""
"400","4005","POUR DECISIONS LLC","IMPR","","2645 EXECUTIVE PARK DRIVE","SUITE #122","","WESTON","FL","33331","16","POUR DECISIONS LLC","2645 EXECUTIVE PARK DR","#122","","WESTON","FL","33331","16","WSL1617052","45","20","11/04/2021","10/21/2025","09/30/2025","","",""
"400","4005","CHEZ & BRUG LLC","IMPR","","17031 SW 51 COURT","","","MIRAMAR","FL","33027","16","CHEZ & BRUG LLC","17031 SW 51ST CT","","","MIRAMAR","FL","33027","16","WSL1617053","45","20","11/05/2021","10/21/2025","09/30/2025","","",""
"400","4005","ALBA DISTRIBUTORS OF FLORIDA, INC.","MEXP","","5750 NW 32ND COURT","","","MIAMI","FL","33142","23","ALBA DISTRIBUTORS OF FLORIDA, INC.","5750 NW 32ND COURT","","","MIAMI","FL","33142","23","WSL2326316","20","20","10/26/2021","12/08/2021","03/31/2026","","",""
"400","4005","30A DISTILLING CO LLC","DD","CD","605 N COUNTY HIGHWAY 393","BUILDING 15-B","","SANTA ROSA BEACH","FL","32459","76","30A DISTILLING CO","15-B CLARA LANE","","","SANTA ROSA BEACH","FL","32459","76","WSL7601057","20","20","10/26/2021","12/08/2021","09/30/2026","","",""
"400","4005","AF MARKETING SERVICES INC","BSA","","571 ANCHOR PT","","","DELRAY BEACH","FL","33444-1772","60","AF MARKETING SERVICES INC","571 ANCHOR PT","","","DELRAY BEACH","FL","33444-1772","60","WSL6013097","45","20","01/24/2022","10/21/2025","09/30/2025","","",""
"400","4005","BYGRAPES CORP","IMPR","","1079 NE 204TH TER","","","MIAMI","FL","33179","23","BYGRAPES CORP","1079 NE 204TH TER","","","MIAMI","FL","33179","23","WSL2326321","20","20","12/02/2021","10/24/2025","09/30/2026","","",""
"400","4005","BREAK AWAY INTERNATIONAL SOLUTIONS LLC","KLD","","7618 MATOAKA ROAD","","","SARASOTA","FL","34243","51","IN-QUEST WINE & SPIRITS","7618 MATOAKA RD","","","SARASOTA","FL","34243","51","WSL5102552","20","20","01/28/2022","01/28/2022","03/31/2026","","",""
"400","4005","JONES STEPHEN DOUGLAS","MEXP","","4 ROSSETTER CIRCLE","","","INDIALANTIC","FL","32903","15","JONES STEPHEN DOUGLAS","4 ROSSETTER CIRCLE","","","INDIALANTIC","FL","32903","15","WSL1505438","20","20","12/10/2021","05/31/2025","03/31/2026","","",""
"400","4005","SOLERA IMPORTS LLC","JDBW","","7787 NW 56TH STREET","","","DORAL","FL","33166","23","SOLERA IMPORTS LLC","7787 NW 56TH STREET","","","DORAL","FL","33166","23","WSL2326318","20","20","11/15/2021","08/16/2024","03/31/2026","","",""
"400","4005","JACK MORGAN GROUP LLC","KLD","","8179-81881 NW 74 AVE","","","MEDLEY","FL","33166","23","JACK MORGAN GROUP","8179-8181 NW 74 AVE","","","MEDLEY","FL","33166","23","WSL2326319","20","20","11/16/2021","05/30/2025","03/31/2026","","",""
"400","4005","CITADEL BEVERAGES LLC","MEXP","","3553 PINE LAKE COURT","","","DELRAY BEACH","FL","33445","60","CITADEL BEVERAGES LLC","3553 PINE LAKE COURT","","","DELRAY BEACH","FL","33445","60","WSL6013096","20","20","11/22/2021","05/31/2025","03/31/2026","","",""
"400","4005","QUEIROLO WINES & SPIRITS LLC","IMPR","","3508 NW 114 AVE SUITE 209","","","MIAMI","FL","33178","23","QUEIROLO WINES & SPIRITS LLC","3508 NW 114 AVE SUITE 108","","","MIAMI","FL","33178","23","WSL2326322","20","20","12/07/2021","12/13/2023","09/30/2026","","",""
"400","4005","FLORIDA RUM COMPANY, LLC","DD","CD","4001 N 29TH AVE.","","","HOLLYWOOD","FL","33020","16","ZIAMI DISTILLERY","4001 N 29TH AVE","","","HOLLYWOOD","FL","33020","16","WSL1617055","20","20","12/06/2021","05/03/2022","09/30/2026","","",""
"400","4005","CLAUDE & ROSE IMPORTING CO LLC","KLD","","5619 28TH AVENUE SOUTH","","","GULFPORT","FL","33707","62","CLAUDE & ROSE IMPORTING CO LLC","4745 126TH AVENUE NORTH","UNIT 41 & 42","","CLEARWATER","FL","33762","62","WSL6210494","45","20","04/01/2022","10/21/2025","09/30/2025","","",""
"400","4005","FIRST MAGNITUDE BREWING COMPANY LLC","AMW","","1220 SE VEITCH ST","","","GAINESVILLE","FL","32601","11","FIRST MAGNITUDE BREWING CO","1220 SE VEITCH ST","","","GAINESVILLE","FL","32601","11","WSL1102361","20","20","02/08/2022","07/02/2022","09/30/2026","","",""
"400","4005","RCL HOLDINGS LLC","JDBW","","8558 WESTSIDE INDUSTRIAL DRIVE","","","JACKSONVILLE","FL","32219","26","A LA CARTE (ALC) BEVERAGE GROUP","8558 WESTSIDE INDUSTRIAL DRIVE","","","JACKSONVILLE","FL","32219","26","WSL2608275","20","20","01/24/2022","12/21/2023","09/30/2026","","",""
"400","4005","JACK MORGAN GROUP LLC","MEXP","","8179-81881 NW 74 AVE","","","MEDLEY","FL","33166","23","JACK MORGAN GROUP","8177 NW 74  AVENUE","","","MEDLEY","FL","33166","23","WSL2326327","20","20","12/29/2021","12/29/2021","03/31/2026","","",""
"400","4005","PARK STREET EXPRESS FL, LLC","KLD","","1000 BRICKELL AVE","SUITE 215","","MIAMI","FL","33131","23","PARK STREET EXPRESS FL, LLC","10310 NORTHWEST 121 ST WAY","SUITE# 600","","MEDLEY","FL","33178","23","WSL2326328","20","20","01/10/2022","04/01/2022","03/31/2026","","",""
"400","4005","RED HORSE DISTILLERY LLC","DD","CD","11000 METRO PARKWAY","UNIT 23","","FORT MYERS","FL","33966","46","RED HORSE DISTILLERY","11000 METRO PKWY","#23","","FORT MYERS","FL","33966","46","WSL4605209","20","20","01/24/2022","05/18/2022","09/30/2026","","",""
"400","4005","WINECO CORP","IMPR","","9931 NW 87TH TERR","","","DORAL","FL","33178","23","VOILA USA","9931 NW 87TH TERR","","","DORAL","FL","33178","23","WSL2326325","45","20","12/16/2021","10/21/2025","09/30/2025","","",""
"400","4005","BSD RETAIL, LLC","KLD","","8401 CRAWFORD AVE","STE 103","","SKOKIE","IL","60076","713","SATLA SPIRITS","1380 NW 65TH AVE","#I","","PLANTATION","FL","33313","16","WSL1617059","20","20","12/29/2021","08/26/2022","03/31/2026","","",""
"400","4005","ARILIO1 INC","MEXP","","3874 LYONS ROAD #311","","","COCONUT CREEK","FL","33073","16","ARILIO1 INC","3874 LYONS RD","#311","","COCONUT CREEK","FL","33073","16","WSL1617058","20","20","12/28/2021","05/31/2025","03/31/2026","","",""
"400","4005","MIA BREWING CO INC","AMW","","10400 NW 33RD ST","#150","","MIAMI","FL","33172","23","M.I.A. BEER COMPANY","10400 NW 33RD STREET SUITE 150","","","DORAL BRANCH","FL","33172","23","WSL2326104","45","20","02/07/2022","10/21/2025","09/30/2025","","",""
"400","4005","MIA BREWING CO, INC.","DD","CD","10400 NW 33RD STREET, SUITE 150","","","DORAL","FL","33172","23","M.I.A. BEER COMPANY","10400 NW 33RD STREET, SUITE 150","","","DORAL","FL","33172","23","WSL2326329","45","20","01/12/2022","10/21/2025","09/30/2025","","",""
"400","4005","MASSIMO COFFEE & TEA MACHINE SERVICES LLC","JDBW","","1241 TALLEVAST ROAD","","","SARASOTA","FL","34243","51","WINE MAKERS IMPORT","1144 TALLEVAST RD","#108","","SARASOTA","FL","34243","51","WSL5102575","20","20","02/17/2022","04/05/2022","03/31/2026","","",""
"400","4005","MONSTER BREWING COMPANY LLC","DD","CD","1800 PIKE ROAD","","","LONGMONT","CO","80501","706","MONSTER BREWING COMPANY LLC","3924 WEST SPRUCE STREET","","","TAMPA","FL","33607","39","WSL3909387","20","20","12/14/2022","02/09/2023","09/30/2026","","",""
"400","4005","3 DAUGHTERS BREWING OF CLEARWATER BEACH LLC","CMB","","222 22ND ST S","","","ST. PETERSBURG","FL","33712","62","3 DAUGHTERS BREWING OF CLEARWATER BEACH LLC","381 MANDALAY AVE","","","CLEARWATER","FL","33767","62","WSL6210489","20","20","02/15/2022","04/06/2022","09/30/2026","","",""
"400","4005","3 DAUGHTERS BREWING OF CLEARWATER BEACH LLC","AMW","","222 22ND ST S","","","ST. PETERSBURG","FL","33712","62","3 DAUGHTERS BREWING OF CLEARWATER BEACH LLC","381 MANDALAY AVE 3RD FLOOR","","","CLEARWATER","FL","33767","62","WSL6210490","20","20","02/15/2022","06/10/2022","09/30/2026","","",""
"400","4005","FULFILLMENT HUB USA LLC","JDBW","","3450  NW 115TH AVE","","","DORAL","FL","33178","23","FULFILLMENT HUB","11400 NW 34TH ST","","","DORAL","FL","33178","23","WSL2326349","20","20","05/03/2022","12/13/2024","03/31/2026","","",""
"400","4005","ARTIFACT SPIRITS LLC","DD","CD","650 S. CAPEN AVE","","","WINTER PARK","FL","32789","58","FORWARD/SLASH","650 S CAPEN AVE","","","WINTER PARK","FL","32789","58","WSL5808872","20","20","02/17/2022","02/23/2023","09/30/2026","","",""
"400","4005","CRESCENDO WINES INC","IMPR","","819  UNIVERSITY BLVD.","APT 304","","JUPITER","FL","33458","60","CRESCENDO WINES","819  UNIVERSITY BLVD.","APT 304","","JUPITER","FL","33458","60","WSL6013099","45","20","02/22/2022","10/21/2025","09/30/2025","","",""
"400","4005","BREW BUS BREWING INC","DD","CD","4005 W SPRUCE ST","","","TAMPA","FL","33607","39","FLORIDA AVENUE BREWING","2029 ARROWGRASS DR","","","WESLEY CHAPEL","FL","33544","61","WSL6103078","20","20","03/10/2022","04/06/2022","09/30/2026","","",""
"400","4005","SS INTERNATIONAL DISTRIBUTORS LLC","JDBW","","6936 DELLA DR","34","","ORLANDO","FL","32819","58","SS INTERNATIONAL DISTRIBUTORS LLC","5592 LB MCLEOD RD","UNIT 898","","ORLANDO","FL","32811","58","WSL5808871","20","20","02/17/2022","04/23/2022","09/30/2026","","",""
"400","4005","L&W IMPORTS LLC","KLD","","10470 NW 26 STREET","SUITE A","","DORAL","FL","33172","23","L&W IMPORTS LLC","10470 NW 26TH STREET, SUITE A","","","DORAL","FL","33172","23","WSL2326340","20","20","04/05/2022","05/05/2022","09/30/2026","","",""
"400","4005","VERTICAL SPIRITS LLC","KLD","","305 MADISON AVE STE 1358","","","NEW YORK","NY","10165","732","VERTICAL SPIRITS","11701 BELCHER RD STE 122","","","LARGO","FL","33773","62","WSL6210492","45","20","02/25/2022","10/21/2025","09/30/2025","","",""
"400","4005","EDEN ABBEY LLC","CMB","","403 AND 405 S HIGHLAND ST","888 LIBERTY AVENUE","","MOUNT DORA","FL","32757","45","EDEN ABBEY BREWING COMMUNITY","405 S HIGHLAND ST","","","MOUNT DORA","FL","32757","45","WSL4502175","20","20","03/21/2022","05/25/2022","09/30/2026","","",""
"400","4005","RIO 40 USA CORPORATION","KLD","","822 SOUTH NOVA ROAD","SUITE 110","","DAYTONA BEACH","FL","32114","74","RIO 40 USA CORPORATION","822 SOUTH NOVA ROAD","SUITE 110","","DAYTONA BEACH","FL","32114","74","WSL7405813","20","20","03/18/2022","04/23/2024","03/31/2026","","",""
"400","4005","STRAIGHT UP 6 INC.","IMPR","","128 SAN SEBASTIAN AVE.","","","CORAL GABLES","FL","33134","23","STRAIGHT UP 6 INC","2020 N BAYSHORE DR., APT. #1904","","","MIAMI","FL","33137","23","WSL2326350","20","20","05/04/2022","05/04/2022","09/30/2026","","",""
"400","4005","SANTANA DOAK RG LLC","AMW","","1945 E CR 462","","","WILDWOOD","FL","34785","70","WILDWOOD VINEYARD & EVENTS","1945 ECR 462","","","WILDWOOD","FL","34785","70","WSL7000660","20","20","03/03/2022","07/28/2022","09/30/2026","","",""
"400","4005","NATIONWIDE ALCOHOL DISTRIBUTORS INC","KLD","","10503 SAN JOSE BLVD","SUITE 15A","","JACKSONVILLE","FL","32257","26","NATIONWIDE ALCOHOL DISTRIBUTORS INC","10503 SAN JOSE BLVD","SUITE 15A","","JACKSONVILLE","FL","32257","26","WSL2608277","45","20","03/23/2022","10/21/2025","09/30/2025","","",""
"400","4005","NESHA HOLDINGS LLC","CMB","","6325 MCCOY ROAD","","","ORLANDO","FL","32822","58","BREWLANDO","6820 HOFFNER AVE","BLDG 1","","ORLANDO","FL","32822","58","WSL5808829","20","20","04/01/2022","04/01/2022","09/30/2026","","",""
"400","4005","OSWINES TRADE LLC","IMPR","","11402 NW 41ST","SUITE 211 #548","","DORAL","FL","33178","23","OSWINE TRADE","11402 NW 41ST","SUITE 211 #548","","DORAL","FL","33178","23","WSL2326346","20","20","04/27/2022","05/14/2022","09/30/2026","","",""
"400","4005","VS DISTRIBUTING LLC","JDBW","","7182 123RD CIRCLE","","","LARGO","FL","33773","62","VS DISTRIBUTING LLC","7182 123RD CIRCLE","","","LARGO","FL","33773","62","WSL6210498","20","20","08/09/2022","08/11/2022","09/30/2026","","",""
"400","4005","ISLAND COMPANY RUM INC","MEXP","","7750 OKEECHOBEE BLVD #4-213","","","WEST PALM BEACH","FL","33411","60","ISLAND COMPANY RUM","7750 OKEECHOBEE BLVD #4-213","","","WEST PALM BEACH","FL","33411","60","WSL6013100","20","20","04/13/2022","05/31/2025","03/31/2026","","",""
"400","4005","WORLD PREMIUM WINES CORP","IMPR","","175 SW 7 TH ST","SUITE 1402","","MIAMI","FL","33137","23","WORLD PREMIUM WINES CORP","175 SW 7 TH ST","SUITE 1402","","MIAMI","FL","33130","23","WSL2326370","20","20","07/26/2022","07/26/2022","09/30/2026","","",""
"400","4005","SPONGE CITY BREWING, LLC","CMB","","501 S. PINELLAS AVE.","","","TARPON SPRINGS","FL","34689","62","SPONGE CITY BREWING, LLC","501 S. PINELLAS AVE.","","","TARPON SPRINGS","FL","34689","62","WSL6210505","20","20","05/19/2023","05/19/2023","09/30/2026","","",""
"400","4005","PATRICK COLADO`S WINERY CORPORATION","AMW","","10001  SW 40 STREET","","","MIAMI","FL","33165","23","PATRICK COLADO`S WINERY CORPORATION","585 CABBAGE PALM ST S","","","CLEWISTON","FL","33440","36","WSL3600618","20","20","03/23/2022","06/02/2022","09/30/2026","","",""
"400","4005","DISCO WITCH BREWING, LLC","CMB","","464073 SR 200","UNIT 7","","YULEE","FL","32097","55","DISCO WITCH BREWING","464073  SR 200","UNIT 7","","YULEE","FL","32097","55","WSL5500750","45","20","03/29/2022","10/21/2025","09/30/2025","","",""
"400","4005","ISLAMORADA BREWING COMPANY LLC","CMB","","3200 ST LUCIE BLVD","","","FORT PIERCE","FL","34946","66","ISLAMORADA BREWING COMPANY LLC/ISLAMORADA BEVERAGES","3200 ST LUCIE BLVD","","","FORT PIERCE","FL","34946","66","WSL6602315","20","20","05/06/2022","06/07/2024","09/30/2026","","",""
"400","4005","AVORZA VODKA LLC","KLD","","12248 SW 133 CT","","","MD MIAMI","FL","33186","23","AVORZA VODKA","12248 SW 133 CT","","","MD MIAMI","FL","33186","23","WSL2326339","20","20","03/23/2022","06/11/2022","03/31/2026","","",""
"400","4005","ISLAMORADA DISTILLING LLC","DD","CD","3200 ST LUCIE BLVD","","","FORT PIERCE","FL","34946","66","ISLAMORADA DISTILLING, LLC / ISLAMORADA BEVERAGES","82229 OVERSEAS HWY","UNIT 3","","ISLAMORADA","FL","33036","54","WSL5402723","20","20","08/12/2022","08/12/2022","09/30/2026","","",""
"400","4005","BROAD STREET BREWING COMPANY LLC","CMB","","291 JEFFERSON STREET","","","BROOKSVILLE","FL","34601","37","BROAD STREET BREWING COMPANY","291 E JEFFERSON ST","","","BROOKSVILLE","FL","34601","37","WSL3701235","20","20","05/02/2022","05/02/2022","09/30/2026","","",""
"400","4005","FISH FINS LLC","IMPR","","616 FAULKNER STREET","","","NEW SMYRNA BEACH","FL","32168","74","WILD WENCH RUM","616 FAULKNER STREET","","","NEW SMYRNA BEACH","FL","32168","74","WSL7405814","45","20","04/18/2022","10/21/2025","09/30/2025","","",""
"400","4005","ISLAMORADA DISTILLING LLC","DD","CD","3200 ST LUCIE BLVD","","","FORT PIERCE","FL","34946","66","ISLAMORADA DISTLLING LLC/ISLAMORADA BEV/FIVE DRINKS CO/CROOKED P","3250 ST LUCIE BLVD","","","FORT PIERCE","FL","34946","66","WSL6602321","20","20","05/06/2022","05/06/2022","09/30/2026","","",""
"400","4005","EARTHVIEW BRANDS INC","KLD","","7867  NW 15TH STREET ","","","DORAL","FL","33126","23","VINI D' ITALIA","1864 NW 22 ST","","","MIAMI","FL","33142","23","WSL2325373","20","20","05/20/2022","05/20/2022","03/31/2026","","",""
"400","4005","PREMIER BEVERAGE COMPANY LLC","KLD","","9801 PREMIER PARKWAY","","","MIRAMAR","FL","33025","16","PREMIER BEVERAGE CO/AUGUSTAN WINE IMPORTS/BREAKTHRU BEV FL","1555 COMMERCE BLVD","","","MIDWAY","FL","32343","30","WSL3000823","45","20","03/28/2022","10/21/2025","09/30/2025","","",""
"400","4005","BEACH CAMP BREWING COMPANY LLC","CMB","","160 SIOUX LANE","","","FREEPORT","FL","32439","76","BEACH CAMP BREWING GRAYTON","170 EAST COUNTY HWY 30A","","","SANTA ROSA BEACH","FL","32459","76","WSL7601058","20","20","05/06/2022","11/16/2022","09/30/2026","","",""
"400","4005","BEACH CAMP BREWING COMPANY LLC","CMB","","4010 Commons COMMONS DR E","STE 112","","DESTIN","FL","32541","56","BEACH CAMP BREWING DESTIN","541 HARBOR BLVD","","","DESTIN","FL","32541","56","WSL5602620","20","20","07/05/2022","11/16/2022","09/30/2026","","",""
"400","4005","AG-CONGLOMERATE, LLC","IMPR","","7070 NW 65TH TER","","","PARKLAND","FL","33067","16","AG-CONGLOMERATE, LLC","7070 NW 65TH TERR","","","PARKLAND","FL","33067","16","WSL1617085","20","20","01/26/2023","01/26/2023","09/30/2026","","",""
"400","4005","HISTORICALLY HOPPY BREWING COMPANY LLC","CMB","","1636 N. MAIN ST","","","JACKSONVILLE","FL","32206","26","HISTORICALLY HOPPY BREWING COMPANY","1636 N MAIN ST","","","JACKSONVILLE","FL","32206","26","WSL2608214","45","20","04/22/2022","10/21/2025","09/30/2025","","",""
"400","4005","GNARBUCHA INC.","DD","CD","1190 20TH STREET N","","","JACKSONVILLE BEACH","FL","32250","26","GNARBUCHA","1257 MAYPORT RD","","","ATLANTIC BEACH","FL","32233","26","WSL2608252","45","20","06/21/2022","10/21/2025","09/30/2025","","",""
"400","4005","TEPUI FLAVORS LLC","JDBW","","2125 ORINOCO DR","#100","","ORLANDO","FL","32837","58","TEPUI FLAVORS LLC","2125 ORINOCO DR","#100","","ORLANDO","FL","32837","58","WSL5808875","20","20","04/14/2022","06/08/2022","09/30/2026","","",""
"400","4005","COMMON DIALECT BEERWORKS LLC","CMB","","5023 N. FLORIDA AVE","","","TAMPA","FL","33603","39","COMMON DIALECT BEERWORKS LLC","5023 N. FLORIDA AVE","","","TAMPA","FL","33603","39","WSL3909388","45","20","12/29/2022","10/21/2025","09/30/2025","","",""
"400","4005","EBAN TRADING LLC","MEXP","","17454 SW 138TH CT","","","MIAMI","FL","33177","23","EBAN TRADING LLC","17454 SW 138TH CT","","","MIAMI","FL","33177","23","WSL2326351","20","20","05/06/2022","05/31/2025","03/31/2026","","",""
"400","4005","WINDERMERE BREWING COMPANY LLC","CMB","","111 W 5TH AVE","","","WINDERMERE","FL","34786","58","WINDERMERE BREWING COMPANY","111 W 5TH AVE","","","WINDERMERE","FL","34786","58","WSL5808876","20","20","04/18/2022","12/13/2023","09/30/2026","","",""
"400","4005","BREW THEORY LLC","AMW","","2650 JEWETT LANE","","","SANFORD","FL","32771","69","BREW THEORY / FLORIDA CRAFT BREWERY","2650 JEWETT LANE","","","SANFORD","FL","32771","69","WSL6903132","21","20","05/26/2022","05/26/2022","","","",""
"400","4005","BREW THEORY, LLC","DD","CD","2650 JEWETT LANE","","","SANFORD","FL","32771","69","BREW THEORY / FLORIDA CRAFT BREWERY","2650 JEWETT LANE","","","SANFORD","FL","32771","69","WSL6903131","21","20","05/26/2022","05/26/2022","","","",""
"400","4005","DOM PARTNERS LLC","DD","CD","304 S MAGNOLIA AVE","","","OCALA","FL","34471","52","INFINITE DISTILLING CO","304 S MAGNOLIA AVE","","","OCALA","FL","34471","52","WSL5202630","45","20","04/29/2022","10/21/2025","09/30/2025","","",""
"400","4005","UNREFINED BREWING, LLC","CMB","","312  E TARPON AVE ","","","TARPON SPRINGS","FL","34689","62","UNREFINED BREWING","455 BRADY RD UNITS 7 AND 8 ","","","TARPON SPRINGS","FL","34689","62","WSL6210497","45","20","06/06/2022","10/21/2025","09/30/2025","","",""
"400","4005","MAGIL & STAINES INC","MEXP","","2051 NW 112  AVE","SUITE 112","","MIAMI","FL","33172","23","MAGIL & STAINES INC","2051 NW 112 AVE SUITE 112","","","MIAMI","FL","33172","23","WSL2326347","20","20","04/29/2022","05/31/2025","03/31/2026","","",""
"400","4005","CLASSIC WINES FLORIDA LLC","KLD","","8161 NW 67TH ST UNIT 6","","","MIAMI","FL","33166","23","CLASSIC WINES FLORIDA","8161 NW 67TH ST UNIT 6","","","MIAMI","FL","33166","23","WSL2326348","20","20","05/02/2022","02/02/2023","03/31/2026","","",""
"400","4005","SUNCOAST IMPORT LLC","JDBW","","4524  BALTRY CT","","","BRADENTON","FL","34211","51","SUNCOAST IMPORT LLC","7750 LOCKWOOD RIDGE RD","#207","","SARASOTA","FL","34243","51","WSL5102569","20","20","05/04/2022","05/16/2022","03/31/2026","","",""
"400","4005","KACHACA SPIRITS LLC","MEXP","","7975 BISCAYNE POINT CIR","","","MIAMI BEACH","FL","33141","23","KACHACA SPIRITS","7975 BISCAYNE POINT CIR","","","MIAMI BEACH","FL","33141","23","WSL2326354","20","20","05/12/2022","05/31/2025","03/31/2026","","",""
"400","4005","BUENA UVA LLC","MEXP","","8173 NW 74TH AVENUE","","","MEDLEY","FL","33166","23","BUENA UVA","22351 SW 129TH AVENUE","","","MIAMI","FL","33170","23","WSL2326406","21","37","01/24/2023","01/24/2023","","","",""
"400","4005","MYTHK BREWING LLC","BSA","","947 DELFINO PLACE","","","LAKE MARY","FL","32746","69","MYTHK BREWING","947 DELFINO PLACE","","","LAKE MARY","FL","32746","69","WSL6903133","20","20","06/14/2022","06/14/2022","09/30/2026","","",""
"400","4005","DAFT COW BREWERY LLC","CMB","","1959 NW 86TH TERRACE","","","GAINESVILLE","FL","32606","11","DAFT COW BREWERY","13800 TECH CITY CIRCLE UNIT 100","","","ALACHUA","FL","32615","11","WSL1102363","20","20","05/16/2022","06/07/2022","09/30/2026","","",""
"400","4005","PASSION JUICE BAR LLC","DD","CD","15  SW OSCEOLA ST.","","","STUART","FL","34994","53","MUSCLE CRAFT DISTILLERY","15  SW OSCEOLA ST.","","","STUART","FL","34994","53","WSL5302064","20","20","06/20/2022","06/20/2022","09/30/2026","","",""
"400","4005","JC'S CATERING SERVICES LLC","DD","","1951 NW 141 ST., UNIT 38","","","OPA-LOCKA","FL","33054","23","JC'S KREMAS","1951 NW 141ST., UNIT 38","","","OPA-LOCKA","FL","33054","23","WSL2326366","45","20","07/11/2022","10/21/2025","09/30/2025","","",""
"400","4005","GM BORDEAUX LLC","IMPR","","1521 ALTON RD #894","","","MIAMI BEACH","FL","33139","23","GM BORDEAUX","101 NW 20TH STREET","","","MIAMI","FL","33127","23","WSL2326368","20","20","07/12/2022","01/12/2024","09/30/2026","","",""
"400","4005","SUNSET DREAMS WINERY LLC","AMW","","234 OAKFIELD DR","","","BRANDON","FL","33510","39","SUNSET DREAMS MEADERY","234 OAKFIELD DR","","","BRANDON","FL","33510","39","WSL3909377","45","20","07/12/2022","10/21/2025","09/30/2025","","",""
"400","4005","SULUKU LLC","MEXP","","2308 NW 3RD AVENUE, SUITE 3","","","WILTON MANORS","FL","33311","16","US XPORT","2625 COLLINA AVENUE, #506","","","MIAMI BEACH","FL","33140","23","WSL2326358","20","20","05/26/2022","06/29/2022","03/31/2026","","",""
"400","4005","SULUKU LLC","IMPR","","2308 NW 3RD AVENUE","APT 3","2308 NW 3RD ","FORT LAUDERDALE","FL","33311","16","US XPORT","2308 NW 3RD AVE","#3","","WILTON MANORS","FL","33311","16","WSL1617160","20","20","05/26/2022","07/15/2022","09/30/2026","","",""
"400","4005","AVORZA VODKA LLC","MEXP","","12248 SW 133 CT","","","MD MIAMI","FL","33186","23","AVORZA VODKA","12248 SW 133 CT","","","MIAMI","FL","33186","23","WSL2326360","20","20","05/27/2022","05/07/2025","03/31/2026","","",""
"400","4005","JMA IMPORT & EXPORT LLC","IMPR","","5593 NW 72 AVE","","","MIAMI","FL","33166","23","JMA IMPORT & EXPORT LLC","5593  NW 72 AVE","","","MIAMI","FL","33166","23","WSL2326365","20","20","07/05/2022","12/27/2023","09/30/2026","","",""
"400","4005","QUEIROLO WINE & SPIRITS LLC","MEXP","","3508 NW 114 AVE","SUITE 209","","MIAMI","FL","33178","23","QUEIROLO WINE & SPIRITS LLC","3508 NW 114 AVE","SUITE 209","","MIAMI","FL","33178","23","WSL2326404","20","20","01/21/2023","05/31/2025","03/31/2026","","",""
"400","4005","RAMSA GROUP LLC","JDBW","","5593 NW 72 AVE","","","MIAMI","FL","33166","23","RAMSA GROUP LLC","5593 NW 72 AVE","","","MIAMI","FL","33166","23","WSL2326164","20","20","08/10/2022","05/06/2025","03/31/2026","","",""
"400","4005","BUENA UVA LLC","JDBW","","8173 NW 74TH AVENUE","","","MEDLEY","FL","33166","23","BUENA UVA","8173 NW 74TH AVENUE, UNIT B","","","MEDLEY","FL","33166","23","WSL2326362","20","20","06/06/2022","02/07/2023","03/31/2026","","",""
"400","4005","MAW'S MOUNTAIN MOONSHINE, LLC","DD","CD","352 N ALEXANDER ST","","","MOUNT DORA","FL","32757","45","MAW'S MOUNTAIN MOONSHINE / DARK DOOR SPIRITS","352 N ALEXANDER ST","","","MOUNT DORA","FL","32757","45","WSL4502176","20","20","06/07/2022","02/24/2025","09/30/2026","","",""
"400","4005","WINE CIRCUS LLC","MEXP","","3508 NW 114 AVE","","","MIAMI","FL","33178","23","WINE CIRCUS LLC","3508 NW 114 AVE","","","MIAMI","FL","33178","23","WSL2326410","20","20","01/27/2023","05/31/2025","03/31/2026","","",""
"400","4005","JGJ CAPITAL GROUP LLC","CMB","","10605 SORRENTO ROAD","","","PENSACOLA","FL","32507","27","WARRIOR BEER COMPANY","10605 SORRENTO ROAD","","","PENSACOLA","FL","32507","27","WSL2703797","45","20","01/22/2024","10/21/2025","09/30/2025","","",""
"400","4005","SIMPLE SPIRITS COMPANY LLC","IMPR","","1226 PIZARRO STREET","","","CORAL GABLES","FL","33134","23","SIMPLE SPIRITS COMPANY","1226 PIZARRO STREET","","","CORAL GABLES","FL","33134","23","WSL2326363","45","20","06/22/2022","10/21/2025","09/30/2025","","",""
"400","4005","SANTIAGO MASTERBLENDERS LLC","DD","CD","1205 SW37TH AVENUE, THIRD FLOOR","","","MIAMI","FL","33135","23","SANTIAGO MASTERBLENDERS LLC","27200 NW 132ND PKWY","","","OKEECHOBEE","FL","34972","57","WSL5700655","20","20","06/17/2022","02/21/2023","09/30/2026","","",""
"400","4005","RESTAURANT MKTG LLC","JDBW","","100 S ASHLEY DRIVE","SUITE 600","","TAMPA","FL","33602","39","SINNERELLA ENTERPRISE","1033 W. ROBINSON ST","","","ORLANDO","FL","32805","58","WSL5808888","45","20","04/17/2023","10/21/2025","09/30/2025","","",""
"400","4005","BAZY BEVERAGES LLC","BSA","","16740  CARAVAGGIO LOOP","","","MONTVERDE","FL","34756","45","BAZY BEVERAGES","16740 CARAVAGGIO LOOP","","","MONTVERDE","FL","34756","45","WSL4502177","20","20","06/28/2022","09/25/2023","09/30/2026","","",""
"400","4005","LEGACY FAMILY SPIRITS INC","KLD","","7825 ELLIS ROAD","","","WEST MELBOURNE","FL","32904","15","LEGACY XI","7825 ELLIS ROAD","","","WEST MELBOURNE","FL","32904","15","WSL1505443","20","21","02/24/2023","06/27/2024","03/31/2026","","",""
"400","4005","SUN KING BREWING COMPANY, LLC","CMB","","1215 MANGO AVENUE","","","SARASOTA","FL","34237","68","SUN KING BREWERY","1215 MANGO AVE","","","SARASOTA","FL","34237","68","WSL6803650","20","20","07/01/2022","02/14/2023","09/30/2026","","",""
"400","4005","VOLI 305 LLC","KLD","","218 NW 24 STREET","UNIT 310 ","","MIAMI","FL","33127","23","VOLI 305","13449 NW 42 AVE","SUITE RF-32","","OPA-LOCKA","FL","33054","23","WSL2326367","20","20","07/12/2022","12/08/2023","09/30/2026","","",""
"400","4005","NEW YORK BEER PROJECT LLC","CMB","","6933 S TRANSIT ROAD","","","LOCKPORT","NY","14094","732","NEW YORK BEER PROJECT LLC","9230 MILEY DR","","","WINTER GARDEN","FL","34787","58","WSL5808884","20","20","11/07/2022","12/29/2022","09/30/2026","","",""
"400","4005","ALCHEMY OF THE SPIRIT LLC","IMPR","","20 S GRANDE BEACH DR","","","SANTA ROSA BEACH","FL","32459","76","ALCHEMY OF THE SPIRIT LLC","20 S GRANDE BEACH DR","","","SANTA ROSA BEACH","FL","32459","76","WSL7601059","20","20","07/12/2022","08/18/2022","09/30/2026","","",""
"400","4005","SPACE COAST INTERNATIONAL LLC","MEXP","","4810  HEBRON DRIVE","","","MERRITT ISLAND","FL","32953","15","SPACE COAST INTERNATIONAL LLC","4810 HERBON DRIVE","","","MERRITT ISLAND","FL","32953","15","WSL1505442","20","20","09/16/2022","05/31/2025","03/31/2026","","",""
"400","4005","BISLERI DISTILLERS & WINES CORP","IMPR","","7440 NW 107TH CT","","","DORAL","FL","33178","23","BISLERI DISTILLERS & WINES CORP","7440 NW 107TH CT","","","DORAL","FL","33178","23","WSL2326382","20","20","10/10/2022","02/06/2024","09/30/2026","","",""
"400","4005","AYAHUASCA IMPORTS LLC","KLD","","10303 Nw 62ND ST","","","DORAL","FL","33178","23","AYAHUASCA IMPORTS LLC","10303 Nw 62ND ST","","","DORAL ","FL","33178","23","WSL2326374","20","20","08/09/2022","06/04/2025","03/31/2026","","",""
"400","4005","BREWLIHAN MEAD COMPANY LLC","AMW","","9051 NW 19TH ST","","","PEMBROKE PINES","FL","33024","16","BREWLIHAN MEAD COMPANY","3472 NE 5TH AVE","#1","","OAKLAND PARK","FL","33334","16","WSL1617070","20","20","08/02/2022","08/10/2023","09/30/2026","","",""
"400","4005","C2C FOOD & BEVERAGE CORP","BSA","","2436 N FEDERAL HIGHWAY #187","","","LIGHTHOUSE POINT","FL","33064","16","SAVVY PALATE","3180 NE 48TH CT","#309","","LIGHTHOUSE POINT","FL","33064","16","WSL1617071","45","20","08/19/2022","10/21/2025","09/30/2025","","",""
"400","4005","MYRTLE AVENUE BREWING LLC","CMB","","633 MYRTLE AVE N","","","JACKSONVILLE","FL","32204","26","MYRTLE AVENUE BREWING","633 MYRTLE AVENUE NORTH","","","JACKSONVILLE","FL","32204","26","WSL2608256","20","20","11/17/2022","11/17/2022","09/30/2026","","",""
"400","4005","NARCOWICH ALEX","MEXP","","4550 SW 412TH BLVD STE 4","","","GAINESVILLE","FL","32608","11","ET MANAGEMENT - SHIP THAT BOX","4550 SW 412TH BLVD","SUITE 4","","GAINESVILLE","FL","32608","11","WSL1102364","45","20","08/16/2022","10/21/2025","09/30/2025","","",""
"400","4005","GRINDSTONE DISTILLERY LLC","DD","CD","6300 NE 1ST AVENUE","SUITE 200A","","FORT LAUDERDALE","FL","33334","16","GULF STREAM DISTILLERY","1101 NE 13TH ST","","","FORT LAUDERDALE","FL","33304","16","WSL1617072","20","20","09/08/2022","08/09/2023","09/30/2026","","",""
"400","4005","CK FRENCH WINE IMPORTS LLC","JDBW","","1572  WILLIAMSON DRIVE","","","WILDWOOD","FL","32163","70","CK FRENCH WINE IMPORTS LLC","2200 CORAL HILLS RD UNIT 1277","","","APOPKA","FL","32703","58","WSL5808880","20","20","09/08/2022","12/20/2022","09/30/2026","","",""
"400","4005","MOROLI FS LLC","MEXP","","6400 MAIN STREET","APT 203","","MIAMI LAKES","FL","33014","23","MOROLI FS LLC","7856 NW 71 ST","","","MIAMI","FL","33014","23","WSL2326378","20","20","09/16/2022","01/21/2023","03/31/2026","","",""
"400","4005","ATLAS IMPORTS LLC","IMPR","","351 W HUBBARD ST","SUITE 602","","CHICAGO","IL","60654","713","ATLAS IMPORTS LLC","351 W HUBBARD ST","SUITE 602","","CHICAGO","IL","60654","713","WSL7900010","45","20","11/29/2022","10/21/2025","09/30/2025","","",""
"400","4005","SOUND OF COFFEE CORP","DD","CD","278 TALLYRAND AVE","","","JACKSONVILLE","FL","32202","26","SOUND OF SPIRITS","278 TALLEYRAND AVE","","","JACKSONVILLE","FL","32202","26","WSL2608253","20","20","08/11/2022","12/06/2023","09/30/2026","","",""
"400","4005","DUNAMIS PREMIUM SPIRITS LLC","DD","CD","3885 CORREIA DRIVE","","","ZEPHYRHILLS","FL","33542","61","DUNAMIS PREMIUM SPIRITS","3885 CORREIA DRIVE","","","ZEPHYRHILLS","FL","33542","61","WSL6103081","20","20","11/07/2022","11/07/2022","09/30/2026","","",""
"400","4005","PREMBEV DISTRIBUTION OF FL LLC","KLD","","8558 WESTSIDE INDUSTRIAL DRIVE","","","JACKSONVILLE","FL","32219","26","PREMBEV","8558 WESTSIDE INDUSTRIAL DRIVE","","","JACKSONVILLE","FL","32219","26","WSL2608254","45","20","08/11/2022","10/21/2025","09/30/2025","","",""
"400","4005","CHANNELSIDE BREWING COMPANY LLC","CMB","","PO BOX 13277","","","TAMPA","FL","33691","39","CHANNELSIDE BREWING","802 N 12TH ST","SUITE C","","TAMPA","FL","33602","39","WSL3909385","45","20","11/09/2022","10/21/2025","09/30/2025","","",""
"400","4005","PROOF BREWING CO","DD","CD","1320  S MONROE ST","","","TALLAHASSEE","FL","32301","47","CURIOSA COCKTAILS","1320 SOUTH MONROE STREET","","","TALLAHASSEE","FL","32301","47","WSL4703258","20","20","09/15/2022","10/09/2023","09/30/2026","","",""
"400","4005","VALVAL WINE BROKER LLC","IMPR","","1990 MAIN STREET","SUITE 750","","SARASOTA","FL","34236","68","VALVAL WINE IMPORTS","1990 MAIN ST","#750","","SARASOTA","FL","34236","68","WSL6803651","20","20","09/19/2022","09/19/2022","09/30/2026","","",""
"400","4005","BARBARA LIQUOR CORP","KLD","","6045 NW 87TH AVE","","","MIAMI","FL","33166","23","BARBARA LIQUOR","6045 NW 87TH AVE","","","MIAMI","FL","33166","23","WSL2326376","20","20","08/23/2022","07/08/2025","03/31/2026","","",""
"400","4005","PROOF BREWING CO","AMW","","1320  S MONROE ST","","","TALLAHASSEE","FL","32301","47","PROOF BREWING CO","1320 SOUTH MONROE STREET","","","TALLAHASSEE","FL","32301","47","WSL4703259","20","20","09/15/2022","01/19/2024","09/30/2026","","",""
"400","4005","PEE-PA'S GARAGE CRAFT BREWERY LLC","CMB","","6340 49 ST N UNIT A","","","PINELLAS PARK","FL","33781","62","PEE-PA'S GARAGE CRAFT BREWERY LLC","6340 49 ST N","","","PINELLAS PARK","FL","33781","62","WSL6210500","45","20","08/31/2022","10/21/2025","09/30/2025","","",""
"400","4005","AMBROSI IMPORTS LLC","JDBW","","3910 DOMESTIC AVENUE","UNIT 6","","NAPLES","FL","34104","21","AMBROSI IMPORTS","3910 DOMESTIC AVE","#6","","NAPLES","FL","34104","21","WSL2103798","20","20","09/27/2022","10/06/2022","03/31/2026","","",""
"400","4005","ZYMARIUM MEADERY, LLC","AMW","","1121 NORTH MILLS AVE","","","ORLANDO","FL","32803","58","ZYMARIUM MEADERY","1121  NORTH MILLS AVE","","","ORLANDO","FL","32803","58","WSL5808881","20","20","09/23/2022","10/02/2023","09/30/2026","","",""
"400","4005","THAI BASIL OF WEST BAY LLC","CMB","","1700 WEST BAY DR","","","LARGO","FL","33770","62","THAI BASIL RESTAURANT","1700 WEST BAY DR","","","LARGO","FL","33770","62","WSL6210515","45","20","09/28/2023","10/21/2025","09/30/2025","","",""
"400","4005","ACCOMPLICE BEVERAGE COMPANY, INC","CMB","","1012 ALABAMA AVE","","","ST. CLOUD","FL","34769","59","BONE SACK CIDER COMPANY","1623 10TH STREET","SUITE B","","ST. CLOUD","FL","34769","59","WSL5902254","45","20","10/19/2022","10/21/2025","09/30/2025","","",""
"400","4005","PAPAGALO COMPANY LLC","DD","CD","270 ROARING BROOK DR","","","SAINT AUGUSTINE","FL","32084","65","SAILBIRD DISTILLING COMPANY","228 W KING STREET","","","SAINT AUGUSTINE","FL","32084","65","WSL6501490","20","20","09/16/2022","10/11/2023","09/30/2026","","",""
"400","4005","PURPOSE BREWED, LLC","CMB","","22 & 24 OAK AVE","","","PANAMA CITY","FL","32401","13","EL WEIRDO","22 & 24 OAK AVE","","","PANAMA CITY","FL","32401","13","WSL1303432","20","20","09/13/2022","08/09/2023","09/30/2026","","",""
"400","4005","NADA WINE LLC","JDBW","","117 SHORE DRIVE PLACE","","","OLDSMAR","FL","34677","62","NADA WINE LLC","5010 N NEBRASKA AVE","","","TAMPA","FL","33603","39","WSL3909383","45","20","10/05/2022","10/21/2025","09/30/2025","","",""
"400","4005","LAZZARA BREWING COMPANY LLC","CMB","","10407 CARROLL COVE PL","","","TAMPA","FL","33612","39","WULFAVEN BREWING COMPANY","10828 PEREZ DR","","","TAMPA","FL","33618","39","WSL3909380","20","20","09/16/2022","02/16/2023","09/30/2026","","",""
"400","4005","OLOGY BREWING COMPANY LLC","DD","CD","118 E 6TH AVE","","","TALLAHASSEE","FL","32303","47","OLOGY DISTILLING CO","6401 N FLORIDA AVE","","","TAMPA","FL","33604","39","WSL3909382","20","20","09/22/2022","12/13/2024","09/30/2026","","",""
"400","4005","OLOGY BREWING COMPANY LLC","CMB","","118 E 6TH AVE","","","TALLAHASSEE","FL","32303","47","OLOGY BREWING CO","6401 N FLORIDA AVE","","","TAMPA","FL","33604","39","WSL3909381","20","20","09/21/2022","10/04/2023","09/30/2026","","",""
"400","4005","MAKECH ROYALE LLC","IMPR","","945 EAST ALTAMONTE DRIVE","","","ALTAMONTE SPRINGS","FL","32701","69","MAKECH ROYALE LLC","945 EAST ALTAMONTE DRIVE","","","ALTAMONTE SPRINGS","FL","32701","69","WSL6903134","20","20","10/03/2022","11/02/2022","09/30/2026","","",""
"400","4005","KING DAVID WINES LLC","JDBW","","177 GULF ROAD","","","SOUTH DARTMOUTH","MA","02748","721","KING DAVID WINES LLC","2302 HENDERSON WAY","","","PLANT CITY","FL","33563","39","WSL3909384","45","20","10/06/2022","10/21/2025","09/30/2025","","",""
"400","4005","BREWING INNOVATIONS LLC","CMB","","2161 MCGREGOR BLVD","UNIT E","","FORT MYERS","FL","33901","46","COASTAL DAYZ BREWERY","2161 MCGREGOR BLVD","#E","","FORT MYERS","FL","33901","46","WSL4605212","20","20","11/21/2022","12/03/2022","09/30/2026","","",""
"400","4005","CONVENIENT DISTRIBUTOR LLC","BSA","","9999 NW 89 TH AVE ","11 AND 12 ","","MEDLEY","FL","33178","23","CONVENIENT DISTRIBUTOR LLC","9999 NW 89 TH AVE ","BAY 11 AND 12 ","","MEDLEDY","FL","33178","23","WSL2326431","20","20","05/01/2023","01/12/2024","09/30/2026","","",""
"400","4005","TREASURE COAST BREWING & DISTILLING, LLC","CMB","","973 SE FEDERAL HIGHWAY ","","","STUART","FL","34994","53","FRAZIER CREEK BREWING & DISTILLING COMPANY","973 SE FEDERAL HIGHWAY ","","","STUART","FL","34994","53","WSL5302066","20","20","12/12/2022","01/27/2023","09/30/2026","","",""
"400","4005","TREASURE COAST BREWING & DISTILLING, LLC","DD","CD","973 S.E. FEDERAL HIGHWAY","","","STUART","FL","34994","53","FRAZIER CREEK BREWING & DISTILLING COMPANY","973  S.E. FEDERAL HIGHWAY","","","STUART","FL","34994","53","WSL5302065","20","20","12/12/2022","01/27/2023","09/30/2026","","",""
"400","4005","WINE & BEYOND LLC","IMPR","","2020 NE 163 ST ","STE 300 LL ","","NORTH MIAMI BEACH","FL","33162","23","WINE AND BEYOND","6261 NE 19TH AVE","#1103","","FORT LAUDERDALE","FL","33308","16","WSL1617079","20","20","10/31/2022","01/18/2024","09/30/2026","","",""
"400","4005","CAYO HUESO BREWING LLC","CMB","","5635  1ST AVE","","","KEY WEST","FL","33040","54","CAYO HUESO BREWING","5635 1ST AVE","","","KEY WEST","FL","33040","54","WSL5402730","20","20","10/25/2022","12/05/2024","09/30/2026","","",""
"400","4005","LUCKY GRAPEVINE IMPORTS INC","IMPR","","1068  DRAKEFEATHER DR.","","","ORANGE PARK","FL","32065","20","LUCKY GRAPEVINE IMPORTS INC","1068 DRAKEFEATHER DR","","","ORANGE PARK","FL","32065","20","WSL2001066","20","20","12/02/2022","12/02/2022","09/30/2026","","",""
"400","4005","NEWCO WINE IMPORTS LLC","IMPR","","3740  GOODWATER STREET ","","","MOUNT PLEASANT ","SC","29466","741","NEWCO WINE IMPORTS LLC","3740 GOODWATER STREET ","","","MOUNT PLEASANT ","SC","29466","741","WSL7900011","45","20","01/03/2023","10/21/2025","09/30/2025","","",""
"400","4005","UNITED IMPORTS USA LLC","KLD","","13114 WILSHIRE RUN CT","","","ORLANDO","FL","32828","58","UNITED IMPORTS USA","7517 CURRENCY DRIVE","","","ORLANDO","FL","32809","58","WSL5808882","20","20","10/17/2022","10/17/2022","09/30/2026","","",""
"400","4005","ADL DISTRIBUTING CORPORATON","IMPR","","907 S RIVERSIDE DRIVE","","","INDIALANTIC","FL","32903","15","ADL DISTRIBUTING","6811 INDUSTRIAL AVE","","","PORT RICHEY","FL","34668","61","WSL6103082","45","20","01/11/2023","10/21/2025","09/30/2025","","",""
"400","4005","VIJUETTE CORP","MEXP","","4735 E 10TH AVE","","","HIALEAH","FL","33013","23","LANMART LOGISTICS","4735 E 10TH AVE","","","HIALEAH","FL","33013","23","WSL2326380","20","20","10/05/2022","05/31/2025","03/31/2026","","",""
"400","4005","PRIDA IMPORT & EXPORT LLC","JDBW","","10219 NW 62ND STREET","UNIT 10","","DORAL","FL","33178","23","PRIDA IMPORT & EXPORT LLC","10219 NW 62ND STREET","","","DORAL","FL","33178","23","WSL2326383","20","20","10/21/2022","02/09/2023","03/31/2026","","",""
"400","4005","STACOLE CO INC(THE)","KLD","","4800 COX ROAD SUITE 300","C/O THE WINEBOW GROUP","COMPLIANCE","GLEN ALLEN","VA","23060","747","WINEBOW","901 W LANDSTREET ROAD","","","ORLANDO","FL","32824","58","WSL5808883","20","20","11/01/2022","12/22/2022","09/30/2026","","",""
"400","4005","REDSKIN DISTRIBUTION CO. LLC","KLD","","927 DREPSEN HOOK DR","","","ORLANDO","FL","32825","58","REDSKIN DISTRIBUTION CO.","197 DRENNEN RD STE 405","","","ORLANDO","FL","32806","58","WSL5808885","45","20","11/09/2022","10/21/2025","09/30/2025","","",""
"400","4005","VERO BEACH DISTILLING LLC","DD","CD","3308 AVIATION BLVD","","","VERO BEACH","FL","32960","41","INDIAN RIVER DISTILLERY","3308 AVIATION BLVD","","","VERO BEACH","FL","32960","41","WSL4101615","20","20","01/19/2023","01/19/2023","09/30/2026","","",""
"400","4005","PERENNIAL HOSPITALITY GROUP LLC","CMB","","1645 TCHOUPITOULAS ST","","","NEW ORLEANS","LA","70130","718","PERFECT PLAIN BREWING COMPANY","50 E. GARDEN STREET","","","PENSACOLA","FL","32502","27","WSL2703776","20","20","01/03/2024","01/03/2024","09/30/2026","","",""
"400","4005","LAS AMERICAS TRAVEL, CARGO AND COURIER, LLC","MEXP","","7921 NW  68TH STREET","","","MIAMI","FL","33166","23","LAS AMERICAS TCC","7921 NW 68TH STREET","","","MIAMI","FL","33166","23","WSL2326409","20","20","01/26/2023","05/31/2025","03/31/2026","","",""
"400","4005","DRINK LOCAL BREWING CORP","CMB","","314 TIMBERWALK TRL","","","JUPITER","FL","33458","60","OCEAN REPUBLIC BREWING","1630 SE FEDERAL HWY","","","STUART","FL","34994","53","WSL5302060","20","20","12/06/2022","12/06/2022","09/30/2026","","",""
"400","4005","GLOBAL DISTRIBUTORS INTERNATIONAL INC","IMPR","","9911 SW 142 AVE","SUITE G","","MIAMI","FL","33186","23","GLOBAL DISTRIBUTORS INTERNATIONAL INC","9911 SW 142 AVE","SUITE G","","MIAMI","FL","33186","23","WSL2326385","45","20","11/04/2022","10/21/2025","09/30/2025","","",""
"400","4005","AION EXPRESS LLC","MEXP","","13205 SW 137TH AVE","","UNIT 110","MIAMI","FL","33186","23","AION EXPRESS LLC","8245 NW 36 ST","","","DORAL","FL","33166","23","WSL2326392","20","20","11/21/2022","05/31/2025","03/31/2026","","",""
"400","4005","VOLI 305 LLC","MEXP","","6255 BIRD ROAD","","","MIAMI","FL","33155","23","VOLI 305 VODKA","6255  BIRD ROAD","","","MIAMI","FL","33155","23","WSL2326386","20","20","11/04/2022","05/31/2025","03/31/2026","","",""
"400","4005","CAYO HUESO DISTRIBUTING LLC","JDBW","","5630 MALONEY AVE","REAR","","KEY WEST","FL","33040","54","CAYO HUESO DISTRIBUTING","5630 MALONEY AVE","REAR","","KEY WEST","FL","33040","54","WSL5402731","20","20","01/19/2023","07/11/2025","03/31/2026","","",""
"400","4005","TROPICAL DISTILLERY LLC","DD","CD","2141 NW 10TH AVENUE","","","MIAMI","FL","33127","23","TROPICAL DISTILLERS","2141 NW 10 AVENUE","","","MIAMI","FL","33127","23","WSL2326388","20","20","11/08/2022","03/13/2023","09/30/2026","","",""
"400","4005","STAR DISTRIBUTING CO LLC","JDBW","","707 WESTCHESTER AVENUE","SUITE 207","","WHITE PLAINS","NY","10604","732","STAR DISTRIBUTING CO LLC","3150 SADDLE CREEK","BLDG 16 STE A","","LAKELAND","FL","33801","63","WSL6305063","20","20","05/24/2023","05/28/2025","03/31/2026","","",""
"400","4005","GL DISTILLERY LWR, LLC","DD","CD","3411  RIVER WOODS DRIVE","","","PARRISH","FL","34219","51","GOOD LIQUID DISTILLING CO","1561 LAKEFRONT DR","#102 & 103","","SARASOTA","FL","34240","68","WSL6803653","20","20","01/27/2023","12/08/2023","09/30/2026","","",""
"400","4005","PERENNIAL HOSPITALITY GROUP LLC","CMB","","1645 TCHOUPITOULAS ST","","","NEW ORLEANS","LA","70130","718","PERFECT PLAIN BREWING COMPANY","501 S PALAFOX ST STE 5","","","PENSACOLA","FL","32502","27","WSL2703788","45","20","12/18/2023","10/21/2025","09/30/2025","","",""
"400","4005","PALITOS CHINOS LLC","IMPR","","16919 N BAY ROAD, SUITE 915","","","SUNNY ISLES BEACH","FL","33160","23","PALITOS CHINOS LLC","16919 N BAY ROAD, SUITE 915","","","SUNNY ISLES BEACH","FL","33160","23","WSL2326395","45","20","12/09/2022","10/21/2025","09/30/2025","","",""
"400","4005","NORTH WEST COMPANY (INTERNATIONAL) INC.","MEXP","","5901 BROKEN SOUND PARKWAY NW","SUITE 500","","BOCA RATON","FL","33487-2791","60","COST-U-LESS","3423 MCINTOSH RD","","","FORT LAUDERDALE","FL","33316","16","WSL1617082","20","20","12/27/2022","12/28/2022","03/31/2026","","",""
"400","4005","TEQUILA SCENARIO LLC","IMPR","","661 MAPLEWOOD DRIVE","SUITE 10","","JUPITER","FL","33458","60","TEQUILA SCENARIO LLC","1080 E INDIANTOWN RD","STE 103-B","","JUPITER","FL","33477","60","WSL6013105","45","20","12/16/2022","10/21/2025","09/30/2025","","",""
"400","4005","S&S GLOBAL TRADERS LLC","JDBW","","13046 RACETRACK RD","#153","","TAMPA","FL","33626","39","S&S GLOBAL TRADERS LLC","6564 44TH ST N SUITE 804","","","PINELLAS PARK","FL","33781","62","WSL6210502","45","20","01/27/2023","10/21/2025","09/30/2025","","",""
"400","4005","UNCLE DUM-DUMS SWAMP JUICE LLC","DD","CD","447310 US HWY 301","","","CALLAHAN","FL","32011","55","UNCLE DUM-DUMS SWAMP JUICE LLC","555026 US HWY 1","","","HILLIARD","FL","32046","55","WSL5500751","45","20","12/05/2022","10/21/2025","09/30/2025","","",""
"400","4005","FOOD & BEV ENTERPRISES LLC","JDBW","","235 SW 32ND AVE","","","MIAMI","FL","33135","23","FOOD & BEV ENTERPRISES LLC","11700 NW 102ND RD., SUITES 1 & 2","","","MEDLEY","FL","33178","23","WSL2326393","20","20","12/05/2022","12/28/2022","03/31/2026","","",""
"400","4005","LUCKY GRAPEVINE IMPORTS INC","JDBW","","1068  DRAKEFEATHER DR","","","ORANGE PARK","FL","32065","20","LUCKY GRAPEVINE IMPORTS INC","1068 DRAKEFEATHER DR","","","ORANGE PARK","FL","32065","20","WSL2001067","20","20","03/15/2023","03/15/2023","09/30/2026","","",""
"400","4005","INTRACOASTAL BREWING COMPANY LLC","AMW","","PO BOX 360599","","","MELBOURNE","FL","32936","15","INTRACOASTAL BREWING COMPANY","642 AND 652 W EAU GALLIE BLVD","","","MELBOURNE","FL","32935","15","WSL1505446","20","20","09/27/2023","09/27/2023","09/30/2026","","",""
"400","4005","GEMA GUARANI LLC","KLD","","7280 SW 89TH ST","UNIT D601","","MIAMI","FL","33156","23","GEMA GUARANI LLC","12215 SW 132ND CT. #8","","","MIAMI","FL","33186","23","WSL2326411","20","20","01/27/2023","06/06/2023","09/30/2026","","",""
"400","4005","MAGIC 13 BREWING COMPANY LLC","CMB","","340 NE 61ST STREET","","","MIAMI","FL","33137","23","MAGIC 13 BREWING COMPANY LLC","340 NE 61ST STREET","","","MIAMI","FL","33137","23","WSL2326399","45","20","12/21/2022","10/21/2025","09/30/2025","","",""
"400","4005","TORAL WINES & SPIRITS LLC","IMPR","","420 SW 7TH ST., SUITE 1009","","","MIAMI","FL","33131","23","TWS","420 SW 7TH ST., SUITE 1009","","","MIAMI","FL","33131","23","WSL2326396","45","20","12/14/2022","10/21/2025","09/30/2025","","",""
"400","4005","BEECH KOMBUCHA LLC","AMW","","3100 FREEMONT TER S","","","ST. PETERSBURG","FL","33712","62","BEECH KOMBUCHA LLC","3100 FREEMONT TERRACE S","","","ST. PETERSBURG","FL","33712","62","WSL6210509","20","20","08/02/2023","01/24/2024","09/30/2026","","",""
"400","4005","FLYING BLUE IMPORTS, LLC","IMPR","","1370 TRANCAS STREET","#119","","NAPA","CA","94558","","FLYING BLUE IMPORTS, LLC","2256 FIRST ST","#129","","FORT MYERS","FL","33901","46","WSL4605214","20","20","02/21/2023","02/22/2023","09/30/2026","","",""
"400","4005","FLORIDA HAPPY HOURS WINE DISTRIBUTORS LLC","JDBW","","17341 SILVER CREEK COURT","","","CLERMONT","FL","34714","45","FLORIDA HAPPY HOURS WINE DISTRIBUTORS","1248 GEORGE JENKINS BLVD","","","LAKELAND","FL","33815","63","WSL6305062","20","20","03/17/2023","04/26/2025","03/31/2026","","",""
"400","4005","NORTHERN VINE & SPIRITS LLC","JDBW","","2825 N UNIVERSITY DR","STE 420","","CORAL SPRINGS","FL","33065","16","NORTHERN VINE & SPIRITS LLC","3950 W HILLSBORO BLVD","#1401","","COCONUT CREEK","FL","33073","16","WSL1617087","20","20","02/07/2023","06/02/2023","03/31/2026","","",""
"400","4005","3 HORSES DISTILLERY LLC","DD","CD","2230 LOST PINE TRAIL","","","BROOKSVILLE","FL","34604","37","3H DISTILLERY","2230 LOST PINE TRAIL","","","BROOKSVILLE","FL","34604","37","WSL3701236","20","20","02/21/2023","04/17/2023","09/30/2026","","",""
"400","4005","QUEIROLO WINE AND SPIRITS LLC","MEXP","","3508 NW  114 AVE","SUITE 107","","MIAMI","FL","33178","23","QUEIROLO WINE AND SPIRITS","3508 NW 114 AVE., SUITE 107","","","MIAMI","FL","33178","23","WSL2326408","20","20","01/25/2023","05/31/2025","03/31/2026","","",""
"400","4005","DEVIANT LIBATION LLC","DD","CD","3800 N NEBRASKA AVE","","","TAMPA","FL","33603","39","DEVIANT LIBATION","3800 N NEBRASKA AVE","","","TAMPA","FL","33603","39","WSL3909390","20","20","01/20/2023","03/03/2023","09/30/2026","","",""
"400","4005","DEVIANT LIBATION LLC","AMW","","3800 N NEBRASKA AVE","","","TAMPA","FL","33603","39","DEVIANT LIBATION","3800 N NEBRASKA AVE","","","TAMPA","FL","33603","39","WSL3909391","45","20","01/20/2023","10/21/2025","09/30/2025","","",""
"400","4005","LDV USA LLC","IMPR","","22351 SW 129TH AVE","","","MIAMI","FL","33170","23","LDV USA","22351 SW 129TH AVE","","","MIAMI","FL","33170","23","WSL2319473","20","20","01/09/2023","02/17/2023","09/30/2026","","",""
"400","4005","DEVIANT LIBATION LLC","CMB","","3800 N NEBRASKA AVE","","","TAMPA","FL","33603","39","DEVIANT LIBATION","3800 N NEBRASKA AVE","","","TAMPA","FL","33603","39","WSL3909389","20","20","01/20/2023","03/03/2023","09/30/2026","","",""
"400","4005","SAN MARCUS IMPORT EXPORT LLC","MEXP","","7560 LOCHNESS DR","","","MIAMI LAKES","FL","33014","23","SAN MARCUS IMPORT EXPORT LLC","10950 NW 138 ST","#3","","HIALEAH GARDENS","FL","33018","23","WSL2326484","20","20","09/29/2023","05/31/2025","03/31/2026","","",""
"400","4005","MUSIC SPIRITS LLC","IMPR","","12026 HAWTHORN LAKE DRIVE","UNIT 202","","FORT MYERS","FL","33913","46","MUSIC SPIRITS LLC","12026 HAWTHORN LAKE DRIVE","UNIT 202","","FORT MYERS","FL","33913","46","WSL4605215","45","20","02/28/2023","10/21/2025","09/30/2025","","",""
"400","4005","GARY'S BREW INC","CMB","","3403 GULF BEACH HWY","","","PENSACOLA","FL","32507","27","GARY'S BREWERY & BIERGARTEN","3403 GULF BEACH HWY","BLDG #2","","PENSACOLA","FL","32507","27","WSL2703794","20","20","05/26/2023","05/26/2023","09/30/2026","","",""
"400","4005","VIP HARD SELTZER INC","BSA","","111 N ORANGE AVE, SUITE 800","","","ORLANDO","FL","32801","58","VIP HARD SELTZER, INC","111 N ORANGE AVE","STE 800","","ORLANDO","FL","32801","58","WSL5808889","20","20","04/21/2023","05/13/2023","09/30/2026","","",""
"400","4005","CROWNABLE LLC","KLD","","720 KING STREET","","","JACKSONVILLE","FL","32204","26","CROWNABLE LLC","720 KING STREET","","","JACKSONVILLE","FL","32204","26","WSL2608260","20","20","01/24/2023","06/10/2024","09/30/2026","","",""
"400","4005","AUSTRAL WINES LLC","IMPR","","3060 BOLES FARM LANE","","","DULUTH","GA","30096","710","AUSTRAL WINES LLC","8550 W. FLAGLER STREET STE102","","","MIAMI","FL","33144","23","WSL2326429","20","20","04/27/2023","04/27/2023","09/30/2026","","",""
"400","4005","WG CLUB, LLC","MEXP","","12000 BISCAYNE BLVD","STE 220","","MIAMI","FL","33181","23","WG CLUB, LLC","12000  BISCAYNE BLVD","STE 220","","MIAMI","FL","33181","23","WSL2326417","20","20","02/21/2023","05/02/2025","03/31/2026","","",""
"400","4005","WG CLUB, LLC","IMPR","","12000 BISCAYNE BLVD STE 220","","","MIAMI","FL","33181","23","WG CLUB, LLC","12000 BISCAYNE BLVD STE 220","","","MIAMI","FL","33181","23","WSL2326442","20","20","06/05/2023","05/15/2025","09/30/2026","","",""
"400","4005","ROCKPIT BREWING LLC","DD","CD","10 WEST ILLIANA ST","","","ORLANDO","FL","32806","58","ROCKPIT BREWING","10 WEST ILLIANA ST","","","ORLANDO","FL","32806","58","WSL5808886","20","20","02/22/2023","11/08/2023","09/30/2026","","",""
"400","4005","HALLAM GOLD ASPEN INVESTMENTS LLC","KLD","","PO BOX 84","","","SAN ANTONIO","FL","33576","61","HALLAM GOLD ASPEN INVESTMENTS","12114 KNOTTY PINE LOOP","","","SAN ANTONIO","FL","33576","61","WSL6103077","20","20","05/12/2023","05/12/2023","09/30/2026","","",""
"400","4005","MAILERAYNE LLC","IMPR","","1212 N 39TH STREET","SUITE B","","TAMPA","FL","33605","39","MAILERAYNE IMPORTS","1212 N 39TH STREET","SUITE B","","TAMPA","FL","33605","39","WSL3909393","45","20","03/14/2023","10/21/2025","09/30/2025","","",""
"400","4005","WM SOUTH POINT, LLC","IMPR","","8058 NW 105TH AVENUE","","","DORAL","FL","33178","23","WM SOUTH POINT LLC","8058 NW  105TH AVENUE","","","DORAL","FL","33178","23","WSL2326428","45","20","04/23/2023","10/21/2025","09/30/2025","","",""
"400","4005","WIENER DOG BREWERY LLC","CMB","","300 NE 75 ST","UNIT 101","","MIAMI","FL","33138","23","WIENER DOG BREWERY LLC","300 NE 75 ST","UNIT 101","","MIAMI","FL","33138","23","WSL2326416","45","20","02/16/2023","10/21/2025","09/30/2025","","",""
"400","4005","FLAMINGO BAY BREWING COMPANY LLC","CMB","","7626  PARTRIDGE ST CIR","","","BRADENTON","FL","34202","51","FLAMINGO BAY BREWING CO","1910 14TH ST W","","","BRADENTON","FL","34205","51","WSL5102572","45","20","04/05/2023","10/21/2025","09/30/2025","","",""
"400","4005","SESH BREWING COMPANY LLC","CMB","","2221 4TH ST NORTH","","","ST. PETERSBURG","FL","33704","62","SESH BREWING","2221 4TH ST NORTH","","","ST. PETERSBURG","FL","33704","62","WSL6210503","20","20","03/21/2023","04/22/2023","09/30/2026","","",""
"400","4005","CENTRAL BEER IMPORT & EXPORT, INC","MEXP","","1400  NW","121TH STREET SUITE 100 ","","MIAMI","FL","33182","23","CENTRAL BEER IMPORT & EXPORT, INC","11701 NW","100TH ROAD","","MEDLEY","FL","33178","23","WSL2326422","20","20","04/08/2023","05/04/2025","03/31/2026","","",""
"400","4005","CAVA SELECTIONS INC","IMPR","","222 LAKEVIEW AVENUE","SUITE 800, #WPBLAK705","","WEST PALM BEACH","FL","33401","60","SYMPOSIUM WINES","222 LAKEVIEW AVENUE","SUITE 800, #WPBLAK705","","WEST PALM BEACH","FL","33401","60","WSL6013109","20","20","03/29/2023","07/25/2023","09/30/2026","","",""
"400","4005","IMPERIAL IMPORTERS LLC","IMPR","","PO BOX 611188","","","ROSEMARY BEACH","FL","32461","76","IMPERIAL IMPORTERS LLC","605 NORTH COUNTY HWY 393","UNIT 11A","","SANTA ROSA BEACH","FL","32459","76","WSL7601060","20","20","04/19/2023","05/18/2023","09/30/2026","","",""
"400","4005","SETTAL LLC","JDBW","","1427 SW 8TH PLACE","","","CAPE CORAL","FL","33991","46","SETTAL LLC","422 SW 2ND TERR","#103","","CAPE CORAL","FL","33991","46","WSL4605217","20","20","03/10/2023","04/29/2025","03/31/2026","","",""
"400","4005","PALM FOLLY HARD SELTZER LLC","CMB","","2668 HWY 98","SUITES 2100, 2101, 2102 ","","SANTA ROSA BEACH","FL","32459","76","PALM FOLLY HARD SELTZER","2602  HWY 98 ","SUITE 2100, 2101, 2102","","SANTA ROSA BEACH","FL","32459","76","WSL7601061","45","20","04/27/2023","10/21/2025","09/30/2025","","",""
"400","4005","PALMERA DISTRIBUTOR LLC","JDBW","","6608 KINGSPOINTE PKWY ","","","ORLANDO","FL","32819","58","PALMERA DISTRIBUTOR LLC","2507 INVESTORS ROW #100","","","ORLANDO","FL","32837","58","WSL5808887","20","20","03/14/2023","06/15/2023","09/30/2026","","",""
"400","4005","CATIROY USA LLC","KLD","","10252 NW 47TH ST","","","SUNRISE","FL","33351","16","CATIROY USA LLC","10252 NW 47TH ST","","","SUNRISE","FL","33351","16","WSL1617164","20","20","04/04/2023","10/01/2025","09/30/2026","","",""
"400","4005","CRAFT SPIRITS TOP INC","IMPR","","8501 NW 56 STREET","","","DORAL","FL","33166","23","CRAFT SPIRITS TOP INC","8501 NW 56 STREET","","","DORAL","FL","33166","23","WSL2326460","45","20","07/28/2023","10/21/2025","09/30/2025","","",""
"400","4005","CRACKER HOUSE WINERY LLC","JDBW","","522 SE 897TH ST","","","OLD TOWN","FL","32680","25","CRACKER HOUSE WINERY","522 SE 897TH ST","","","OLD TOWN","FL","32680","25","WSL2500351","45","20","07/13/2023","10/21/2025","09/30/2025","","",""
"400","4005","BISHOP LUCAS ENTERPRISES LLC","CMB","","21201 SKY VISTA DR","","","LAND O' LAKES","FL","34637","61","THIRSTY BUFFALO BREWING COMPANY","16794  FOCUS LOOP","","","LAND O LAKES","FL","34638","61","WSL6103083","45","20","04/17/2023","10/21/2025","09/30/2025","","",""
"400","4005","WINE STREAM INC","DD","CD","2301 N ALBANY AVE","","","TAMPA","FL","33607","39","WINE STREAM INC","2301 N ALBANY AVENUE","","","TAMPA","FL","33607","39","WSL3909394","20","20","03/24/2023","10/24/2025","09/30/2026","","",""
"400","4005","MARKER 48 BREWING LLC","DD","CD","12147  CORTEZ BLVD","","","BROOKSVILLE","FL","34613","37","MARKER 48 BREWING","12147 CORTEZ BOULEVARD","","","BROOKSVILLE","FL","34613","37","WSL3701237","20","20","04/11/2023","10/18/2023","09/30/2026","","",""
"400","4005","GLOBAL LIQUORS AND MORE LLC","IMPR","","488 NE 18TH STREET, UNIT 1115","","","MIAMI","FL","33132","23","GLOBAL LIQUORS AND MORE","488 NE 18TH STREET, UNIT 1115","","","MIAMI","FL","33132","23","WSL2326418","20","20","03/28/2023","09/04/2024","09/30/2026","","",""
"400","4005","BAVE USA LLC","KLD","","1390 HAMMONDVILLE ROAD","STE C","","POMPANO BEACH","FL","33069","16","BAVE USA LLC","1390 HAMMONDVILLE RD","#C","","POMPANO BEACH","FL","33069","16","WSL1617093","20","20","03/29/2023","05/24/2023","03/31/2026","","",""
"400","4005","CLEAR RIVER MULTI TRADING CORPORATION","IMPR","","8400 NW 36TH STREET, STE 450, #125","","","DORAL","FL","33166","23","CLEAR RIVER MULTI TRADING","8400 NW 36TH STREET, STE 450, #125","","","DORAL","FL","33166","23","WSL2326424","45","20","04/13/2023","10/21/2025","09/30/2025","","",""
"400","4005","STELLAR SPIRITS LLC","IMPR","","8551 PASADENA BLVD PEMBROKE PINES","","","MIAMI","FL","33024","16","STELLAR SPIRITS","6705 NW 36 TH STREET SUITE 425","GATES 29/30/31","","MIAMI","FL","33166","23","WSL2326437","20","20","05/17/2023","05/26/2023","09/30/2026","","",""
"400","4005","21ST AMENDMENT DISTILLERY, LLC","DD","CD","2055 13TH AVENUE","","","VERO BEACH","FL","32960","41","21ST AMENDMENT DISTILLERY LLC","2055 13TH AVENUE","","","VERO BEACH","FL","32960","41","WSL4101616","20","20","04/11/2023","05/01/2023","09/30/2026","","",""
"400","4005","DJSA CORP","MEXP","","3785 NW 82 AVE","STE. 117","","DORAL","FL","33166","23","DJSA CORP","7713 NW 46 STREET","","","DORAL","FL","33166","23","WSL2326419","20","20","04/03/2023","05/31/2025","03/31/2026","","",""
"400","4005","YAMAS TRADING LLC","MEXP","","117 NW 42ND AVENUE., APT 1403","","","MIAMI","FL","33126","23","YAMAS TRADING LLC","117 NW 42ND AVENUE, APT 1403","","","MIAMI","FL","33126","23","WSL2326421","20","20","04/07/2023","05/31/2025","03/31/2026","","",""
"400","4005","O SQUARED HOSPITALITY LLC","MEXP","","903 NW 97TH AVE, APT 107","","","MIAMI","FL","33172","23","O SQUARED HOSPITALITY LLC","7252 NW 70TH STREET","","","MIAMI","FL","33166","23","WSL2326427","20","20","04/21/2023","05/31/2025","03/31/2026","","",""
"400","4005","WOLF BRANCH BREWING LLC","CMB","","32501 WOLF BRANCH LN","","","SORRENTO","FL","32776","45","WOLF BRANCH BREWING CO","707 W MAIN ST","","","LEESBURG","FL","34748","45","WSL4502178","20","20","04/20/2023","06/21/2023","09/30/2026","","",""
"400","4005","COSTA DISTILLING COMPANY LLC","BSA","","609 W 36 STREET","","","HIALEAH","FL","33012","23","COSTAL DISTILLING COMPANY LLC","609 W 36 STREET","","","HIALEAH","FL","33012","23","WSL2326425","45","20","04/18/2023","10/21/2025","09/30/2025","","",""
"400","4005","SACKS DYNAMIC OPERATIONS LLC","MEXP","","1239 OCEAN SHORE BLVD - SUITE 2E5","","","ORMOND BEACH","FL","32176","74","SACKS DYNAMIC OPERATIONS LLC","1239 OCEAN SHORE BLVD","APT 2E5","","ORMOND BEACH","FL","32176","74","WSL7405817","20","20","05/24/2023","05/26/2023","03/31/2026","","",""
"400","4005","VIRTUE IMPORTERS CORP","KLD","","14350 NW 56TH CT., UNIT 109","","","OPA-LOCKA","FL","33054","23","VIRTUE IMPORTERS CORP","14350 NW 56TH CT., UNIT 109","","","OPA-LOCKA","FL","33054","23","WSL2326444","20","20","06/09/2023","06/09/2023","03/31/2026","","",""
"400","4005","ANGELS CUT LLC","MEXP","","13758 NW 20TH STREET","","","PEMBROKE PINES","FL","33028","16","ANGELS CUT","13758 NW 20TH ST","","","PEMBROKE PINES","FL","33028","16","WSL1617095","20","20","04/12/2023","04/15/2023","03/31/2026","","",""
"400","4005","GWEST LLC","IMPR","","3785 NW 82ND AVE","","","DORAL","FL","33166","23","GWEST LLC","3785 NW 82ND AVE","","","DORAL","FL","33166","23","WSL2326447","20","20","06/12/2023","06/10/2025","09/30/2026","","",""
"400","4005","IMPERIAL IMPORTERS LLC","JDBW","","PO BOX 611188","","","ROSEMARY BEACH","FL","32461","76","IMPERIAL IMPORTERS LLC","605 NORTH COUNTY HWY 393","UNIT 11A","","SANTA ROSA BEACH","FL","32459","76","WSL7601062","20","20","06/01/2023","06/01/2023","09/30/2026","","",""
"400","4005","MONARCH PATH IMPORTS LLC","IMPR","","398 ROYCE ST","","","PENSACOLA","FL","32503","27","MONARCH PATH IMPORTS","398 ROYCE ST","","","PENSACOLA","FL","32503","27","WSL2703793","20","20","05/17/2023","06/01/2023","09/30/2026","","",""
"400","4005","LEA TRADING LLC","KLD","","10800 NW 21ST STREET #200-210","","","SWEETWATER","FL","33172","23","LEA TRADING LLC","10800 NW 21ST STREET, #200- 210","","","SWEETWATER","FL","33172","23","WSL2326426","20","20","04/19/2023","07/25/2023","03/31/2026","","",""
"400","4005","BEACHFLY BREWING COMPANY LLC","CMB","","516  JOLLY ROGER DRIVE","","","SATELLITE BEACH","FL","32937","15","BEACHFLY BREWING COMPANY","513 BARTON BLVD","","","ROCKLEDGE","FL","32955","15","WSL1505444","20","20","04/20/2023","07/18/2023","09/30/2026","","",""
"400","4005","RISTAN GROUP INC","IMPR","","ONE ALHAMBRA PLAZA, FLOOR PH","","","CORAL GABLES","FL","33134","23","RISTAN","ONE ALHAMBRA PLAZA, FLOOR PH","","","CORAL GABLES","FL","33134","23","WSL2326434","20","20","05/04/2023","10/15/2024","09/30/2026","","",""
"400","4005","LANTERN BEVERAGES LLC","IMPR","","45 ROCKEFELLER PLAZA","20TH FLOOR","","NEW YORK","NY","10111","732","LANTERN BEVERAGES","1343 MAIN ST","# 411","","SARASOTA","FL","34236","68","WSL6803655","45","20","05/04/2023","10/21/2025","09/30/2025","","",""
"400","4005","BREW BUS BREWING INC","CMB","","4005 W SPRUCE ST","","","TAMPA","FL","33603","39","FLORIDA AVENUE BREWING","4315 N FLORIDA AVENUE","","","TAMPA","FL","33603","39","WSL3909395","20","20","04/25/2023","10/09/2023","09/30/2026","","",""
"400","4005","MADUKA DIKE","MEXP","","14820  SCOTTBURGH GLEN DR","","","WIMAUMA","FL","33598","39","OQP WINE & SPIRIT","14820 SCOTTBURGH GLEN DR","","","WIMAUMA","FL","33598","39","WSL3909397","45","20","05/30/2023","10/21/2025","09/30/2025","","",""
"400","4005","G&I SPIRIT GROUP USA IMPORTATION LLC","IMPR","","4600 140TH AVE N SUITE 180","","","CLEARWATER","FL","33762","62","G&I SPIRIT GROUP USA IMPORTATION","4600 140TH AVE N SUITE 180","","","CLEARWATER","FL","33762","62","WSL6210511","20","20","08/23/2023","08/23/2023","09/30/2026","","",""
"400","4005","CREWS WINE LLC","IMPR","","7252 SW 55TH AVE","","","MIAMI","FL","33143","23","CREWS WINE","7252 SW 55TH AVE","","","MIAMI","FL","33143","23","WSL2326430","20","20","05/01/2023","05/11/2023","09/30/2026","","",""
"400","4005","DESTIN BREWERY LLC","AMW","","505 MOUNTAIN DR","UNIT N","","DESTIN","FL","32541","56","DESTIN BREWERY","505 MOUNTAIN DR","UNIT N","","DESTIN","FL","32541","56","WSL5602622","20","20","07/11/2023","05/07/2024","09/30/2026","","",""
"400","4005","TRIUMPH BRANDS INC","IMPR","","245 E 61ST  STREET","","","HIALEAH","FL","33013","23","TRIUMP BRANDS INC","670 E 58TH STREET","","","HIALEAH","FL","33013","23","WSL2326443","20","20","06/07/2023","06/22/2023","09/30/2026","","",""
"400","4005","PREMIUM DRINKS VOF LLC","MEXP","","990 BISCAYNE BLVD., STE 501-16","","","MIAMI","FL","33132","23","PREMIUM DRINKS VOF LLC","990 BISCAYNE BLVD., STE 501-16","","","MIAMI","FL","33132","23","WSL2326432","20","20","05/02/2023","06/01/2024","03/31/2026","","",""
"400","4005","COVE BREWERY LLC","CMB","","980 N FEDERAL HWY","STE 110","","BOCA RATON","FL","33432","60","COVE BREWERY","1500 SE 3RD CT","#100","","DEERFIELD BEACH","FL","33441","16","WSL1617098","20","20","05/24/2023","10/14/2023","09/30/2026","","",""
"400","4005","701 BC LLC","CMB","","339 NW CATFISH WAY","","","MADISON","FL","32340","50","701 BC","667 SW RANGE AVE","","","MADISON","FL","32340","50","WSL5000380","20","20","07/17/2023","07/17/2023","09/30/2026","","",""
"400","4005","INNER COMPASS BREWING COMPANY AT LWR LLC","CMB","","5038 BENITO COURT","","","BRADENTON","FL","34211","51","INNER COMPASS BREWING COMPANY","10316 TECHNOLOGY TERR","","","BRADENTON","FL","34211","51","WSL5102573","20","20","06/28/2023","06/28/2023","09/30/2026","","",""
"400","4005","PLATINUM FITNESS LLC","AMW","","12196 SUSSEX ST","","","FORT MYERS","FL","33913","46","AARON KELLY WINES","9130 CENTERLINKS COMMERCE DR","#3","","FORT MYERS","FL","33912","46","WSL4605218","45","20","06/01/2023","10/21/2025","09/30/2025","","",""
"400","4005","TRUE WORLD FOODS MIAMI LLC","JDBW","","11205 NW 36 AVENUE","","","MIAMI","FL","33167","23","TRUE WORLD FOODS","11205 NW 36 AVENUE","","","MD MIAMI","FL","33167","23","WSL2326436","20","20","05/11/2023","06/30/2023","03/31/2026","","",""
"400","4005","XXBEV LLC","IMPR","","24 A TROLLEY SQUARE","NUM 2194","","WILMINGTON","DE","19806","","XXBEV LLC","10310 NW 121ST","","","MEDLEY","FL","33178","23","WSL2326467","45","20","08/15/2023","10/21/2025","09/30/2025","","",""
"400","4005","BISCAYNE BAY BREWING COMPANY LLC","CMB","","100 NE 1ST, THIRD FLOOR","","","MIAMI","FL","33132","23","BISCAYNE BAY BREWING COMPANY","100 NE 1ST AVENUE","3RD FLOOR","","MIAMI","FL","33132","23","WSL2326440","45","20","05/18/2023","10/21/2025","09/30/2025","","",""
"400","4005","ULTRA RIGHT BEER, LLC","BSA","","3245 PEACHTREE PARKWAY","SUITE D","","SUWANEE","GA","30024","710","ULTRA RIGHT BEER, LLC","2701 N ROCKY POINTE DRIVE","SUITE 400","","TAMPA","FL","33607","39","WSL3909398","20","20","06/12/2023","10/19/2023","09/30/2026","","",""
"400","4005","ILIRIAN WINES COMPANY","JDBW","","5100 SUNBEAM RD STE 8","","","JACKSONVILLE","FL","32257","26","ILIRIAN WINES","5100 SUNBEAM RD STE 8","","","JACKSONVILLE","FL","32257","26","WSL2608262","45","20","05/24/2023","10/21/2025","09/30/2025","","",""
"400","4005","G WINE P LLC","JDBW","","8173 NW 74TH AVE., UNIT A","","","MEDLEY","FL","33166","23","G WINE P","10310 NW 121ST WAY","SUITE 600","","MEDLEY","FL","33178","23","WSL2326446","20","20","06/12/2023","06/29/2023","03/31/2026","","",""
"400","4005","RED EXPORT CORP","KLD","","7102 NW 50TH STREET","","","MIAMI","FL","33166","23","RED EXPORT CORP","7102 NW 50TH STREET","","","MIAMI","FL","33166","23","WSL2326469","20","20","08/20/2023","08/20/2023","09/30/2026","","",""
"400","4005","MILKWEED SPIRITS LLC","DD","CD","257 AMBER ST","UNIT J","","PENSACOLA","FL","32503","27","MILKWEED SPIRITS","257 AMBER ST","UNIT J","","PENSACOLA","FL","32503","27","WSL2703795","20","20","06/13/2023","08/09/2023","09/30/2026","","",""
"400","4005","EMERALD COAST BREWING COMPANY LLC","AMW","","2056 BARRACUDA CT","","","HOLIDAY","FL","34691","61","EMERALD COAST BREWING CO","5731 MAIN STREET","","","NEW PORT RICHEY","FL","34652","61","WSL6103085","20","20","06/12/2023","10/27/2025","09/30/2026","","",""
"400","4005","EMERALD COAST BREWING COMPANY LLC","CMB","","2056 BARRACUDA CT","","","HOLIDAY","FL","34691","61","EMERALD COAST BREWING CO","5731 MAIN STREET","","","NEW PORT RICHEY","FL","34652","61","WSL6103084","20","20","06/12/2023","10/17/2023","09/30/2026","","",""
"400","4005","P & W VENTURES LLC","MEXP","","300 SE 2ND STREET STE 600","","","FORT LAUDERDALE","FL","33301","16","YOU CAN HANDLE IT VODKA","300 SE 2ND ST","#600","","FORT LAUDERDALE","FL","33301","16","WSL1617104","20","20","07/26/2023","05/31/2025","03/31/2026","","",""
"400","4005","SEKSE LLC","JDBW","","13090 SW 248TH ST UNIT 2","","","HOMESTEAD","FL","33032","23","SEKSE","13090 SW 248 ST., UNIT 2","","","HOMESTEAD","FL","33032","23","WSL2326468","20","20","08/19/2023","08/19/2023","03/31/2026","","",""
"400","4005","MILANGA LLC","JDBW","","8213 NW 66 ST","","","MIAMI","FL","33166","23","MILANGA LLC","8213 NW 66 ST","","","MIAMI","FL","33166","23","WSL2326451","20","20","07/06/2023","07/28/2023","03/31/2026","","",""
"400","4005","EDUKOS LLC","MEXP","","449 HALTER DR","","","APOPKA","FL","32712","58","LITTLE BREWING COMPANY","13305 SW 32ND ST","","","MIRAMAR","FL","33027","16","WSL1617100","20","20","07/21/2023","07/21/2023","03/31/2026","","",""
"400","4005","LUXURY SPIRITS INTERNATIONAL LLC","IMPR","","1111 BRICKELL AVE.","10TH FLOOR","","MIAMI","FL","33131","23","LUXURY SPIRITS INTERNATIONAL LLC","777 BRICKELL AVE., STE 592, #92","","","MIAMI","FL","33131","23","WSL2326449","20","20","06/21/2023","06/27/2023","09/30/2026","","",""
"400","4005","EDUKOS LLC","BSA","","449 HALTER DR","","","APOPKA","FL","32712","58","LITTLE FRIENDS BREWING","13305 SW 32ND ST","","","MIRAMAR","FL","33027","16","WSL1617099","20","20","07/20/2023","08/04/2023","09/30/2026","","",""
"400","4005","T & L HOLDINGS LLC","JDBW","","34911 US HIGHWAY 19 N, STE 508"," ","","PALM HARBOR","FL","34684","62","T & L HOLDINGS LLC","12350 SOUTH BELCHER RD","1A","","LARGO","FL","33773","62","WSL6210510","20","20","08/11/2023","12/05/2023","09/30/2026","","",""
"400","4005","ARGENTINO LLC","IMPR","","5459 NW 72ND AVE","","","MIAMI","FL","33166","23","ARGENTINO LLC","5459 NW 72ND AVE","","","MIAMI","FL","33166","23","WSL2326455","45","20","07/13/2023","10/21/2025","09/30/2025","","",""
"400","4005","SOUTHPORT WINES LLC","IMPR","","5 ACORN COURT","","","MARCO ISLAND","FL","34145","21","SOUTHPORT WINES LLC","5 ACORN CT","","","MARCO ISLAND","FL","34145","21","WSL2103803","45","20","07/31/2023","10/21/2025","09/30/2025","","",""
"400","4005","DUPLIN WINE CELLARS INC","AMW","","PO BOX 756","","","ROSE HILL","NC","28458","733","DUPLIN WINERY","10101 PANAMA CITY BEACH PARKWAY","","","PANAMA CITY BEACH","FL","32407","13","WSL1303433","20","20","06/20/2023","08/01/2023","09/30/2026","","",""
"400","4005","WORLD CLASS BEVERAGES LLC","KLD","","7485 16TH STREET NORTH","","","ST. PETERSBURG","FL","33702","62","WORLD CLASS BEVERAGES LLC","4701 49TH STREET NORTH","UNIT D","","ST. PETERSBURG","FL","33709","62","WSL6210506","20","20","06/26/2023","10/16/2023","09/30/2026","","",""
"400","4005","BNR BEVERAGE GROUP INC","KLD","","7320 NW 12TH STREET UNIT 102","","","MIAMI","FL","33126","23","BNR BEVERAGE GROUP INC","7320 NW 12TH STREET UNIT 102","","","MIAMI","FL","33126","23","WSL2326476","20","20","09/06/2023","05/30/2025","03/31/2026","","",""
"400","4005","MIA BEERS, LLC","BSA","","3133  PEACHTREE WAY","","","DAVIE","FL","33328","16","MIA BEERS","3133  PEACHTREE WAY","","","DAVIE","FL","33328","16","WSL1617105","45","20","07/27/2023","10/21/2025","09/30/2025","","",""
"400","4005","HERCULE NET-WORK S.A., LLC","IMPR","","925 NE 209TH STREET","UNIT 206","B-28","MIAMI","FL","33179","23","MAZAKA PRODUCTS","925 NE 209TH STREET","B-28","UNIT 206","MIAMI","FL","33179-1220","23","WSL2326505","45","20","12/05/2023","10/21/2025","09/30/2025","","",""
"400","4005","BEVIBIRRA INC.","MEXP","","158 NE 33RD STREET","","","OAKLAND PARK","FL","33334","16","WINE LOVERS DISTRIBUTOR","158 NE 33RD ST","","","OAKLAND PARK","FL","33334","16","WSL1617106","20","20","07/28/2023","05/31/2025","03/31/2026","","",""
"400","4005","3 BRIDGES BREWING INC","CMB","","1765 S TAMIAMI TRAIL","","","VENICE","FL","34293","68","3 BRIDGES BREWING","1765 TAMIAMI TRL S","","","VENICE","FL","34293","68","WSL6803625","45","20","08/07/2023","10/21/2025","09/30/2025","","",""
"400","4005","9FLAMINGO IMPORTS INC.","IMPR","","5691 DAPHNE DRIVE","","","WEST PALM BEACH","FL","33415","60","9FLAMINGO IMPORTS INC.","5691 DAPHNE DRIVE WEST","","","WEST PALM BEACH","FL","33415","60","WSL6013116","20","20","10/20/2023","10/20/2023","09/30/2026","","",""
"400","4005","TRES51 LLC","MEXP","","703 NW 62ND AVE SUITE 805","","","MIAMI","FL","33126","23","TRES51 LLC","2186 NW 89TH PL","","","MIAMI","FL","33172","23","WSL2326456","20","20","07/13/2023","05/31/2025","03/31/2026","","",""
"400","4005","BACCHUS SELECTION LLC","IMPR","","1113 NORTHEAST 2ND COURT","","","HALLANDALE BEACH","FL","33009","16","BACCHUS SELECTION LLC","1113 NE 2ND CT","","","HALLANDALE BEACH","FL","33009","16","WSL1613010","45","20","10/27/2023","10/21/2025","09/30/2025","","",""
"400","4005","BREWHEADS LLC","CMB","","2001 1ST AVE S","","","ST. PETERSBURG","FL","33712","62","CAGE BREWING","2001 1ST AVE S","","","ST. PETERSBURG","FL","33712","62","WSL6210512","20","20","09/05/2023","12/08/2023","09/30/2026","","",""
"400","4005","NAIARA WINES IMPORTS USA LLC","IMPR","","22351 SW 129TH AVE","","","MIAMI","FL","33170","23","NAIARA WINES IMPORTS","22351 SW 129TH AVE","","","MIAMI","FL","33170","23","WSL2326452","20","20","07/10/2023","11/14/2023","09/30/2026","","",""
"400","4005","MS BEVERAGES AND DISTRIBUTION CORP","KLD","","6843 S CONWAY RD","STE 120","","ORLANDO","FL","32812","58","MS BEVERAGES AND DISTRIBUTION CORP","6843 S CONWAY RD","STE 120","","ORLANDO","FL","32812","58","WSL5808902","20","20","12/19/2023","02/28/2024","09/30/2026","","",""
"400","4005","MAYPORT BREWING COMPANY LLC","CMB","","2158 MAYPORT RD","","","JACKSONVILLE","FL","32233","26","BEDLAM BREWING COMPANY","660 MAYPORT RD","","","JACKSONVILLE","FL","32233","26","WSL2608265","20","20","09/25/2023","03/26/2024","09/30/2026","","",""
"400","4005","ALCHEMY SHOOTERS INC","IMPR","","1137 SALT CREEK DRIVE ","","","PONTE VEDRA BEACH","FL","32082","65","ALCHEMY SHOOTERS, INC.","1137 SALT CREEK DRIVE","","","PONTE VEDRA","FL","32082","65","WSL6501491","45","20","08/09/2023","10/21/2025","09/30/2025","","",""
"400","4005","TWT VINTNERS CONNECTICUT LLC","IMPR","","464 HERITAGE RD","SPC 2","","SOUTHBURY","CT","06488","707","WINE TRUST","464 HERITAGE RD","SPC 2","","SOUTHBURY","CT","06488","707","WSL7900012","20","20","07/27/2023","08/17/2023","09/30/2026","","",""
"400","4005","COPPERTAIL BREWING CO LLC","AMW","","2601 E 2ND AVE","","","TAMPA","FL","33605","39","COPPERTAIL BREWING CO","2601 E 2ND AVE","STE B","","TAMPA","FL","33605","39","WSL3909353","20","20","10/23/2023","10/23/2023","09/30/2026","","",""
"400","4005","ENHARMONIC LLC","CMB","","1956 DELARY AVE","","","JACKSONVILLE","FL","32210","26","GRACE NOTE BREWING","4591 LAKESIDE DR","","","JACKSONVILLE","FL","32210","26","WSL2608263","20","20","08/11/2023","10/13/2023","09/30/2026","","",""
"400","4005","METRO COASTAL LLC","BSA","","4615 OVERLOOK DRIVE NE","","","ST. PETERSBURG","FL","33703","62","METRO COASTAL BEVERAGE","4615 OVERLOOK DRIVE NE","","","ST. PETERSBURG","FL","33703","62","WSL6210508","45","20","07/13/2023","10/21/2025","09/30/2025","","",""
"400","4005","SACKS DYNAMIC OPERATIONS LLC","IMPR","","1239 OCEAN SHORE BLVD APT 2E5","","","ORMOND BEACH","FL","32176","74","SACKS DYNAMIC OPERATIONS LLC","1239 OCEAN SHORE BLVD APT 2E5","","","ORMOND BEACH","FL","32176","74","WSL7405819","20","20","08/04/2023","10/03/2023","09/30/2026","","",""
"400","4005","PATRONAZABATANI LLC","IMPR","","115 MELROSE DR","","","SAFETY HARBOR","FL","34695","62","PATRONAZABATANI LLC","115 MELROSE DR","","","SAFETY HARBOR","FL","34695","62","WSL6210514","20","20","09/20/2023","05/30/2025","09/30/2026","","",""
"400","4005","UNA SPIRITS LLC","BSA","","4141 BARBAROSSA AVE","","","MIAMI","FL","33133","23","UNA SPIRITS LLC","4141 BARBAROSSA AVE","","","MIAMI","FL","33133","23","WSL2326465","20","20","08/14/2023","10/22/2025","09/30/2026","","",""
"400","4005","JAILHOUSE SPIRITS LLC","BSA","","POBOX 3569","","","WOODBRIDGE","CT","05625","707","JAILHOUSE SPIRITS LLC","7825 ELLIS ROAD","(B)","","MELBOURNE","FL","32904","15","WSL1505445","20","20","09/18/2023","09/18/2023","09/30/2026","","",""
"400","4005","CALUSA BREWING COMPANY LLC","CMB","","5701 DEREK AVE","","","SARASOTA","FL","34233","68","CALUSA BREWING COMPANY LLC","5377 MCINTOSH RD","","","SARASOTA","FL","34233","68","WSL6803657","20","20","07/24/2023","08/22/2023","09/30/2026","","",""
"400","4005","JO BUSINESS LLC","MEXP","","400 NW 58TH AVE","","","MIAMI","FL","33126","23","JO BUSINESS LLC","400 NW 58TH AVE","","","MIAMI","FL","33126","23","WSL2326458","20","20","07/25/2023","05/31/2025","03/31/2026","","",""
"400","4005","EEMMCC INC","IMPR","","977 SPRING CIRCLE  #107","","","DEERFIELD BEACH","FL","33441","16","INTUITIVE WINES","977 SPRING CIR","#107","","DEERFIELD BEACH","FL","33441","16","WSL1617102","20","20","07/25/2023","01/12/2024","09/30/2026","","",""
"400","4005","BEVPORT DISTRIBUTION LLC","KLD","","11912 N 112TH ST.","","SCOTTSDALE","SCOTTSDALE","AZ","85259","703","BEVPORT DISTRIBUTION","225  S COUNTY LINE RD","","","PLANT CITY ","FL","33566","39","WSL3909401","45","20","10/17/2023","10/21/2025","09/30/2025","","",""
"400","4005","BODEGAS IMPORTS LLC","MEXP","","210 SEA VIEW DR UNIT 507","","","KEY BISCAYNE","FL","33149","23","BODEGAS IMPORTS LLC","210 SEA VIEW DR UNIT 507","","","KEY BISCAYNE","FL","33149","23","WSL2326461","20","20","08/01/2023","05/31/2025","03/31/2026","","",""
"400","4005","SUNSHINE CELLARS ORLANDO LLC","DD","CD","9300  CONROY WINDERMERE RD","#1862","","WINDERMERE","FL","34786","58","CARIBBEAN MOONSHINE","8200 VINELAND AVENUE","","","ORLANDO","FL","32821","58","WSL5808893","20","20","08/31/2023","11/15/2023","09/30/2026","","",""
"400","4005","PINK SAND SPIRITS CO","IMPR","","7780 SW 120TH PLACE","","","MIAMI","FL","33183","23","PINK SAND SPIRITS CO","2125 BISCAYNE BLVD","UNIT 312","","MIAMI","FL","33137","23","WSL2326462","20","20","08/08/2023","10/25/2025","09/30/2026","","",""
"400","4005","BROKEN PLANK RUM LLC","DD","","239 FIELD END STREET","","","SARASOTA","FL","34240","68","BROKEN PLANK RUM","239 FIELD END ST","","","SARASOTA","FL","34240","68","WSL6803659","20","20","10/06/2023","10/06/2023","09/30/2026","","",""
"400","4005","BRIVIO SELECTION LLC","IMPR","","950 PONCE DE LEON RD","UNIT 205","","BOCA RATON","FL","33432","60","BRIVIO SELECTION","950 PONCE DE LEON RD","UNIT 205","","BOCA RATON","FL","33432","60","WSL6013114","45","20","08/24/2023","10/21/2025","09/30/2025","","",""
"400","4005","LOVE TO ITALY IMPORT FLORIDA LLC","IMPR","","407 LINCOLN ROAD","SUITE 11C ROOM A","","MIAMI BEACH","FL","33139","23","LOVE TO ITALY IMPORT FLORIDA LLC","407 LINCOLN ROAD","#11 C","ROOM A","MIAMI BEACH","FL","33139","23","WSL2326473","20","20","08/28/2023","02/29/2024","09/30/2026","","",""
"400","4005","COMPASS SPIRITS & WINES, INC.","IMPR","","7870 SW 82 COURT","","","MIAMI","FL","33143","23","COMPASS SPIRITS & WINES, INC.","7870 SW 82 COURT","","","MIAMI","FL","33143","23","WSL2326466","20","20","08/15/2023","10/25/2023","09/30/2026","","",""
"400","4005","TWELVE TALONS BEERWORKS LLC","CMB","","4213 YORKSHIRE LANE","","","ORLANDO","FL","32812-2765","58","TWELVE TALONS BEERWORKS","2807 E SOUTH STREET","","","ORLANDO","FL","32803","58","WSL5808892","20","20","08/08/2023","10/09/2023","09/30/2026","","",""
"400","4005","PINK SAND SPIRITS CO","MEXP","","7780 SW 120TH PLACE","","","MIAMI","FL","33183","23","PINK SAND SPIRITS CO","2125 BISCAYNE BLVD., #312","","","MIAMI","FL","33137","23","WSL2326463","20","20","08/08/2023","08/28/2023","03/31/2026","","",""
"400","4005","TWELVE TALONS BEERWORKS LLC","AMW","","4213 YORKSHIRE LANE","","","ORLANDO","FL","32812-2765","58","TWELVE TALONS BEERWORKS","2807 E SOUTH STREET","","","ORLANDO","FL","32803","58","WSL5808891","20","20","08/08/2023","10/09/2023","09/30/2026","","",""
"400","4005","WINE CLUB IMPORTS LLC","IMPR","","810 SALZEDO STREET","APT 34","","MIAMI","FL","33134","23","WINE CLUB IMPORTS","810 SALZEDO STREET","APT 34","","MIAMI","FL","33134","23","WSL2326475","20","20","09/05/2023","09/29/2023","09/30/2026","","",""
"400","4005","SAVEURS LAKAY LLC","DD","CD","13438 NW 38TH CT","","","OPA-LOCKA","FL","33054","23","SAVEURS LAKAY LLC","13438 NW 38TH CT","","","OPA-LOCKA","FL","33054","23","WSL2326508","45","20","01/05/2024","10/21/2025","09/30/2025","","",""
"400","4005","PHERAZ VENTURES LLC","IMPR","","1900 North B 1900 NORTH BAYSHORE DRIVE","APT 2406","","MIAMI","FL","33132","23","PHERAZ VENTURES LLC","2186 NW 89TH PLACE","","","DORAL","FL","33172","23","WSL2326481","45","20","09/21/2023","10/21/2025","09/30/2025","","",""
"400","4005","KACHACA SPIRITS LLC","IMPR","","7975 BISCAYNE POINT CIR","","","MIAMI BEACH","FL","33141","23","KACHACA SPIRITS","11230 NW 122 STREET","SUITE 400","","MIAMI","FL","33178","23","WSL2326474","20","20","08/30/2023","10/22/2025","09/30/2026","","",""
"400","4005","WONJAE LLC","MEXP","","2719 HOLLYWOOD BLVD","UNIT 7222","","HOLLYWOOD","FL","33020","16","WONJAE LLC","5640 DOUGLAS ST","","","HOLLYWOOD","FL","33021","16","WSL1617109","20","20","08/29/2023","05/31/2025","03/31/2026","","",""
"400","4005","MGL IMPORT AND EXPORT INC","JDBW","","11700 NW 102 RD","SUITE #2","","MEDLEY","FL","33178","23","MGL IMPORT AND EXPORT INC","11700 NW 102 RD","SUITE #2","","MEDLEY","FL","33178","23","WSL2326471","20","20","08/25/2023","05/28/2025","03/31/2026","","",""
"400","4005","MAS FOOD SERVICES CO","KLD","","3129 NW 25TH AVENUE","","","POMPANO BEACH","FL","33069","16","MAS FOOD SERVICES CO","3129 NW 25TH AVE","","","POMPANO BEACH","FL","33069","16","WSL1617108","20","20","08/25/2023","04/09/2025","03/31/2026","","",""
"400","4005","STRAITALIAN INC.","IMPR","","1340 NW 133RD STREET","","","MIAMI","FL","33164","23","STRAITALIAN INC.","1340 NW 133RD STREET","","","MIAMI","FL","33164","23","WSL2326502","45","20","11/21/2023","10/21/2025","09/30/2025","","",""
"400","4005","EMBIL LLC","IMPR","","850  NW 42ND AVE","SUITE 203","","MIAMI","FL","33126","23","EMBIL LLC","2000  NW 135TH AVE","","","MIAMI","FL","33182","23","WSL2326500","45","20","11/20/2023","10/21/2025","09/30/2025","","",""
"400","4005","JONTUE' MARCI, LLC","BSA","","9311 NW 36TH PLACE","","","SUNRISE","FL","33351","16","JONTUE' MARCI, LLC","9311 NW 36TH PL","","","SUNRISE","FL","33351","16","WSL1617111","45","20","09/07/2023","10/21/2025","09/30/2025","","",""
"400","4005","SOUTH BEVERAGES, LLC","BSA","","9000 SHERIDAN STREET SUITE 138","","","PEMBROKE PINES","FL","33024","23","SOUTH BEVERAGES","3250 NE 1ST AVE UNIT 609","","","MIAMI","FL","33127","23","WSL2326517","45","20","01/31/2024","10/21/2025","09/30/2025","","",""
"400","4005","DAZED BREWING LLC","CMB","","710 NW 5TH AVENUE","UNIT 1071","","FORT LAUDERDALE","FL","33311","16","UNCOMMON PATH BREWING","710 NW 5TH AVE","#1071","","FORT LAUDERDALE","FL","33311","16","WSL1617110","20","20","09/05/2023","10/15/2024","09/30/2026","","",""
"400","4005","SEELBACH'S SPIRITS LLC","BSA","","1010 E ADAMS ST","STE 107","","JACKSONVILLE","FL","32202","26","SEELBACH'S SPIRITS LLC","1010 E ADAMS ST","STE 107","","JACKSONVILLE","FL","32202","26","WSL2608266","20","20","09/28/2023","02/08/2024","09/30/2026","","",""
"400","4005","XXBEV LLC","MEXP","","24 A TROLLEY SQUARE","SUITE 2194","","WILMINGTON","DE","19806","","XXBEV LLC","10310 NW 121ST","","","MEDLEY","FL","33178","23","WSL2326477","20","20","09/08/2023","10/02/2023","03/31/2026","","",""
"400","4005","TROVATO WINES LLC","IMPR","","2705 N LAKESHORE DR","","","HOLLAND","MI","49424-6026","","TROVATO WINES LLC","1010 WINDERLEY PL","#120","","MAITLAND","FL","32751","58","WSL5808894","20","20","09/19/2023","10/04/2023","09/30/2026","","",""
"400","4005","GIDIO LLC","IMPR","","2075  LAKEWOOD CLUB DRIVE S.","UNIT A","","ST. PETERSBURG","FL","33712","62","GIDIO LLC","2075  LAKEWOOD CLUB DRIVE S.","UNIT A","","ST. PETERSBURG","FL","33712","62","WSL6210513","20","20","09/13/2023","10/30/2023","09/30/2026","","",""
"400","4005","MAJESTIC ROSE DISTRIBUTING LLC","KLD","","745  TILLMAN PLACE","UNIT 104","","PLANT CITY","FL","33566","39","MAJESTIC ROSE DISTRIBUTING LLC","745 TILLMAN PLACE","UNIT 104","","PLANT CITY","FL","33566","39","WSL3909405","20","20","11/17/2023","11/17/2023","09/30/2026","","",""
"400","4005","EAST COAST DISTRIBUTORS LLC","KLD","","6300 NE 1ST AVENUE","SUITE 200","","FORT LAUDERDALE","FL","33334","16","EAST COAST DISTRIBUTORS LLC","1103 NE 13TH ST","#A","","FORT LAUDERDALE","FL","33304","16","WSL1617112","20","20","09/08/2023","11/03/2023","03/31/2026","","",""
"400","4005","PORT 27 BREWING CO., 'LLC'","CMB","","1241 AQULIA LOOP","","","CELEBRATION","FL","34747","59","PORT 27 BREWING CO","30928 US HWY 27 S","","","LAKE HAMILTON","FL","33844","63","WSL6305065","45","20","09/12/2023","10/21/2025","09/30/2025","","",""
"400","4005","DYNASOLVER LLC","MEXP","","1804 GREEN RIDGE ROAD","","","TAMPA","FL","33619","39","DYNASOLVER LLC","1804 GREEN RIDGE ROAD","","","TAMPA","FL","33618","39","WSL3909403","45","20","10/24/2023","10/21/2025","09/30/2025","","",""
"400","4005","JOSHING LLC","BSA","","9100 CONROY WINDERMERE RD ","STE 200-454","","WINDERMERE","FL","34786","58","JOSHING COCKTAILS","9100 CONROY WINDERMERE RD","STE 200-454","","WINDERMERE","FL","34786","58","WSL5808897","20","20","10/09/2023","10/20/2023","09/30/2026","","",""
"400","4005","LRUSSELLGLOBALTRADINGCOMPANY,LLC","MEXP","","1000 Brickel 1000 BRICKELL AVENUE","SUITE #715 PMB 328","","MIAMI","FL","33131","23","MIAMIBAYSPIRITS","1000 Brickel 1000 BRICKELL AVENUE","","SUITE #715 PMB 328","MIAMI","FL","33131","23","WSL2326479","20","20","09/20/2023","05/31/2025","03/31/2026","","",""
"400","4005","PEEL RTD LLC","BSA","","733 EUCLID AVENUE","","","ORLANDO","FL","32801","58","PEELSIP","733  EUCLID AVENUE","","","ORLANDO","FL","32801","58","WSL5808895","20","20","09/28/2023","02/25/2025","09/30/2026","","",""
"400","4005","ALEXANDER MURRAY & CO INC","IMPR","","350 LINCOLN","3RD FLOOR UNIT 336","","MIAMI BEACH","FL","33139","23","ALEXANDER MURRAY & CO","350 LINCOLN ROAD","3RD FLOOR UNIT 336","","MIAMI BEACH","FL","33139","23","WSL2326480","20","20","09/21/2023","11/07/2023","09/30/2026","","",""
"400","4005","WOOD FOOT BEER CO LLC","CMB","","172  BROOKS ST SE","","","FORT WALTON BEACH","FL","32548","56","WOOD FOOT BEER CO","172 BROOKS ST SE","","","FORT WALTON BEACH","FL","32548","56","WSL5602623","20","20","09/25/2023","02/06/2024","09/30/2026","","",""
"400","4005","GEORGIAN WINES AND SPIRITS LLC","JDBW","","1120 LINDEN STREET","","","HOLLYWOOD","FL","33019","16","GEORGIAN WINES AND SPIRITS","1900 NE 17TH AVE","#A","","DANIA BEACH","FL","33004","16","WSL1617118","20","20","11/07/2023","12/02/2023","03/31/2026","","",""
"400","4005","DORAL FOODS INC.","KLD","","990  NW 166TH STREET","UNITS A1-A16","","MIAMI GARDENS","FL","33169","23","DORAL FOOD DISTRIBUTORS","990  NW 166TH STREET","UNITS A1-A16","","MIAMI GARDENS","FL","33169","23","WSL2326483","20","20","09/28/2023","01/24/2024","03/31/2026","","",""
"400","4005","MIT ENTERPRISES, LLC","JDBW","","6900 PHILIPS HIGHWAY","STE 30","","JACKSONVILLE","FL","32216","26","FLORIDA VINO IMPORTS","6900 PHILIPS HIGHWAY","STE 30","","JACKSONVILLE","FL","32216","26","WSL2608267","20","20","10/09/2023","01/08/2024","09/30/2026","","",""
"400","4005","SAVANNAH TRADING LLC","IMPR","","7901 N 4TH ST","SUITE 300","","ST. PETERSBURG","FL","33702","62","SAVANNAH TRADING","8558 WESTSIDE INDUSTRIAL DRIVE","","","JACKSONVILLE","FL","32219","26","WSL2608269","45","20","11/17/2023","10/21/2025","09/30/2025","","",""
"400","4005","MAGIC 13 BREWING COMPANY LLC","DD","CD","340  NE 61ST ST","","","MIAMI","FL","33137","23","MAGIC 13 BREWING COMPANY","340 NE 61ST ST","","","MIAMI","FL","33137","23","WSL2326510","45","20","01/20/2024","10/21/2025","09/30/2025","","",""
"400","4005","CRETACEOUS BEER LLC","BSA","","818 WEST 73RD PLACE","","","HIALEAH","FL","33014","23","CRETACEOUS BEER LLC DBA KING FOX BREWING","818 WEST 73RD PLACE","","","HIALEAH","FL","33014","23","WSL2326491","20","20","10/22/2023","11/01/2023","09/30/2026","","",""
"400","4005","F&M BEVERAGES DISTRIBUTION, LLC","KLD","","5224 NET DR","#101","","TAMPA","FL","33634","39","F&M BEVERAGES DISTRIBUTION","1150 N. 28TH STREET","","","TAMPA","FL","33605","39","WSL3909404","45","20","11/08/2023","10/21/2025","09/30/2025","","",""
"400","4005","FLORIDA DISTRIBUTING COMPANY, L.L.C.","KLD","","3964 SHADER ROAD","","","ORLANDO","FL","32808","58","FLORIDA DISTRIBUTING COMPANY","4995 ENTERPRISE DRIVE","","","KISSIMMEE","FL","34758","59","WSL5902259","20","20","10/23/2023","10/24/2023","09/30/2026","","",""
"400","4005","YANG ENTERPRISES INC","MEXP","","1420 ALAFAYA TRAIL SUITE 200","","","OVIEDO","FL","32765","69","YANG ENTERPRISES INC","1420 ALAFAYA TRAIL","STE 200","","MOUNT DORA","FL","32756","45","WSL4502180","45","20","12/06/2023","10/21/2025","09/30/2025","","",""
"400","4005","WINDOW OF THE WORLD LLC","BSA","","2122 PULSAR WAY","APT 102","","WEST MELBOURNE","FL","32904","15","WINDOW OF THE WORLD LLC","2122 PULSAR WAY","APT 102","","WEST MELBOURNE","FL","32904","15","WSL1505461","20","20","11/20/2023","11/20/2023","09/30/2026","","",""
"400","4005","ALDAY WINES LLC","JDBW","","1566 CORONADO RD","","","WESTON","FL","33327","16","ALDAY WINES","6705 NW 36TH STREET AVE","SUITE 425","","MIAMI","FL","33166","23","WSL2319472","20","20","02/20/2024","05/30/2024","03/31/2026","","",""
"400","4005","750 SELECTIONS LLC","KLD","","13475 ATLANTIC BLVD UNIT 8 STE M763","","","JACKSONVILLE","FL","32225","26","EL JEFE WINE AND SPIRITS","8558 WESTSIDE INDUSTIAL","","","JACKSONVILLE","FL","32219","26","WSL2608268","20","20","10/10/2023","11/01/2023","09/30/2026","","",""
"400","4005","TEQUILA STACK LLC","IMPR","","5966 S. DIXIE HIGHWAY, STE 300 #13","","","MIAMI","FL","33143","23","TEQUILA STACK LLC","5966 S. DIXIE HIGHWAY, STE 300 #13","","","MIAMI","FL","33143","23","WSL2326494","20","20","11/02/2023","11/02/2023","09/30/2026","","",""
"400","4005","AGGREGATION DISTILLING COMPANY LLC","DD","CD","255 SE US HIGHWAY 19","UNIT 4","","CRYSTAL RIVER","FL","34429","19","AGGREGATION DISTILLING","255 SE US HIGHWAY 19","UNIT 4","","CRYSTAL RIVER","FL","34429","19","WSL1901836","20","20","02/09/2024","02/09/2024","09/30/2026","","",""
"400","4005","CARISAM-SAMUEL MEISEL (FL), INC.","MEXP","","10900 NW. 27TH STREET","","","DORAL","FL","33172","23","CARISAM-SAMUEL MEISEL (FL), INC.","11010 NW 30TH STREET, UNIT # 1","","","DORAL","FL","33172","23","WSL2326490","20","20","10/20/2023","05/27/2025","03/31/2026","","",""
"400","4005","ALDAY WINES LLC","MEXP","","6705 NW 36TH STREET AVE","SUITE 425","","MIAMI","FL","33166","23","ALDAY WINES","3627 NW 31ST AVE","#A","","OAKLAND PARK","FL","33309","16","WSL1617116","20","20","10/23/2023","05/31/2025","03/31/2026","","",""
"400","4005","FAMILIA PASCUAL IMPORTS LLC","IMPR","","351 QUINCY CT","","","ROYAL PALM BEACH","FL","33411","60","FAMILIA PASCUAL IMPORTS LLC","351 QUINCY CT","","","ROYAL PALM BEACH","FL","33411","60","WSL6013115","45","20","10/17/2023","10/21/2025","09/30/2025","","",""
"400","4005","AVOBEER USA INC","BSA","","1314 INTERNATIONAL BLVD","","","BROWNSVILLE","TX","78520","744","AVOBEER","407 WEKIVA SPRINGS RD","STE 241","","LONGWOOD","FL","32779","69","WSL6903137","45","20","01/10/2024","10/21/2025","09/30/2025","","",""
"400","4005","ROHJO SOLUTIONS LLC","IMPR","","7345 W.SAND LAKE RD","STE 210 OFC 2995","","ORLANDO","FL","32819","58","ROHJO SOLUTIONS LLC","7345 W.SAND LAKE RD","STE210 OFC 2995","","ORLANDO","FL","32819","58","WSL5808899","20","20","11/30/2023","11/30/2023","09/30/2026","","",""
"400","4005","INTERNATIONAL CRUISE FOOD & HOTEL SUPPLIERS, INC.","MEXP","","9350 NW 108 AVE SUITE 100","","","MEDLEY","FL","33178","23","INTERNATIONAL CRUISE FOOD & HOTEL SUPPLIERS INC","9350 NW 108 AVE., SUITE 100","","","MEDLEY","FL","33178","23","WSL2326492","20","20","10/26/2023","05/31/2025","03/31/2026","","",""
"400","4005","GWS DISTRIBUTORS INC.","IMPR","","12415 SW 136TH AVE","STE 11","","MIAMI","FL","33186","23","GWS DISTRIBUTORS INC","12415 SW 136TH AVE., SUITE 11","","","MIAMI","FL","33186","23","WSL2326489","20","20","10/18/2023","03/06/2025","09/30/2026","","",""
"400","4005","I PLANET LLC","MEXP","","707 PROGRESS WAY","","","SANFORD","FL","32771","69","EASTERN WINE","707 PROGRESS WAY","","","SANFORD","FL","32771","69","WSL6903136","20","20","10/30/2023","10/30/2023","09/30/2026","","",""
"400","4005","AUBURNDALE PLANT HOLDINGS LLC","CMB","","425 RECKER HIGHWAY","","","AUBURNDALE","FL","33823","63","FLORIDA DISTILLERS","425 RECKER HIGHWAY","","","AUBURNDALE","FL","33823","63","WSL6302367","45","20","01/03/2024","10/21/2025","09/30/2025","","",""
"400","4005","ALVARO FRANCISCO ESCALANTE","MEXP","","2918  OAKWOOD SHORES DR","","","RICHWOOD","TX","77515","744","LONE STAR SUPPORT","8345   NW 74TH ST","EXPRESS INTERNATIONAL FREIGHT","","MEDLEY","FL","33166","23","WSL2326495","20","20","11/09/2023","05/31/2025","03/31/2026","","",""
"400","4005","THREE SIXTY FIVE WINES LLC","IMPR","","7684  DORCHESTER RD","","","BOYNTON BEACH","FL","33472","60","THREE SIXTY FIVE WINES","7684  DORCHESTER RD","","","BOYNTON BEACH","FL","33472","60","WSL6013117","20","20","11/28/2023","12/13/2023","09/30/2026","","",""
"400","4005","KANGA FINANCIAL SERVICES LLC","MEXP","","13052 SW 133RD CT 2ND FLOOR","","","MIAMI","FL","33186","23","KANGA FINANCIAL SERVICES LLC","8181 NW SOUTH RIVER DR., LOT A139","","","MEDLEY","FL","33166","23","WSL2326496","20","20","11/14/2023","05/31/2025","03/31/2026","","",""
"400","4005","WAFFLE-SAUCE MEADERY LLC","AMW","","230 E MERRITT ISLAND CAUSEWAY","STE 104","","MERRITT ISLAND","FL","32952","15","WAFFLE-SAUCE MEADERY","230 E MERRITT ISLAND CAUSEWAY","STE 104","","MERRITT ISLAND","FL","32952","15","WSL1505448","20","20","11/16/2023","12/06/2023","09/30/2026","","",""
"400","4005","SR WINE IMPORT LLC","KLD","","12034 MIRAMAR PARKWAY","","","MIRAMAR","FL","33025","16","SR WINE IMPORT LLC","12034 MIRAMAR PKWY","","","MIRAMAR","FL","33025","16","WSL1617119","20","20","11/21/2023","04/01/2024","03/31/2026","","",""
"400","4005","GOLD CREST DIST CORP","DD","","8473 COMPASS POINT AVE","","","ORLANDO","FL","32832","58","GOLD CREST DIST","1150 JETPORT DR","","","ORLANDO","FL","32809","58","WSL5808900","20","20","12/05/2023","12/05/2023","09/30/2026","","",""
"400","4005","REVE BREWING LLC","DD","CD","1261 MAYPORT ROAD","","","ATLANTIC BEACH","FL","32233","26","MAYPORT GARDEN CLUB","1261  MAYPORT ROAD","","","ATLANTIC BEACH","FL","32233","26","WSL2608270","20","20","11/29/2023","08/20/2025","09/30/2026","","",""
"400","4005","A1A CIDER LLC","AMW","","230 S 8TH ST","","","FERNANDINA BEACH","FL","32034","55","A1A CIDERY","230 S 8TH ST","","","FERNANDINA BEACH","FL","32034","55","WSL5500753","20","20","11/09/2023","10/22/2025","09/30/2026","","",""
"400","4005","SAROZW LLC","JDBW","","4418 NW 74 AVE, UNIT 4418","","","MIAMI","FL","33166","23","SAROZW LLC","4418 NW 74TH AVE","UNIT 4418","","MIAMI","FL","33166","23","WSL2326504","20","20","11/29/2023","12/13/2023","03/31/2026","","",""
"400","4005","GRAND MARQUES LLC","KLD","","4811 NW 79TH AVE., UNIT 01","","","DORAL","FL","33166","23","GRAND MARQUES","4811 NW 79TH AVE, UNIT 01","","","DORAL","FL","33166","23","WSL2326511","20","20","01/22/2024","05/19/2025","09/30/2026","","",""
"400","4005","CASALU INC","IMPR","","240 NW 25TH ST","APT 312","","MIAMI","FL","33127","23","CASALU","240 NW 25TH ST., APT 312","","","MIAMI","FL","33127","23","WSL2326507","45","20","12/21/2023","10/21/2025","09/30/2025","","",""
"400","4005","LANERTON LLC","JDBW","","17433 SW 19TH STREET","","","MIRAMAR","FL","33029","16","LANERTON LLC","2507 INVESTORS ROW, SUITE 100","","","ORLANDO","FL","32837","58","WSL5808901","20","20","12/19/2023","12/19/2023","09/30/2026","","",""
"400","4005","VON PAYNE SPIRITS LLC","MEXP","","2112 SUNNYDALE BLVD., UNIT C","","","CLEARWATER","FL","33765","62","VON PAYNE","2112 SUNNYDALE BLVD., UNIT C","","","CLEARWATER","FL","33765","62","WSL6210516","20","20","11/21/2023","03/26/2025","09/30/2026","","",""
"400","4005","RJRIMPORTER&DISTRIBUTOR LLC","IMPR","","3301 N COUNTRY CLUB DR","UNIT 707","","AVENTURA","FL","33180","23","TASTERS","1610 LIBERTY ST","#12","","HOLLYWOOD","FL","33020","16","WSL1617120","20","20","12/07/2023","12/27/2023","09/30/2026","","",""
"400","4005","C3 BEVERAGE LLC","BSA","","2180 WEST FIRST ST","SUITE 550","","FORT MYERS","FL","33901","46","C3 BEVERAGE LLC","2310 FIRST ST","#306","","FORT MYERS","FL","33901","46","WSL4605219","20","20","12/15/2023","12/21/2023","09/30/2026","","",""
"400","4005","BUENAVIDA IMPORTS LLC","JDBW","","7435 WEST","20 AVE","","HIALEAH","FL","33014","23","BUENAVIDA IMPORTS LLC","7435 WEST 20 AVE","","","HIALEAH","FL","33014","23","WSL2326503","20","20","11/28/2023","02/06/2024","03/31/2026","","",""
"400","4005","BEVNOMAD LLC","IMPR","","1256 CAPITAL DR STE 700","UNIT 395","","PEWAUKEE","WI","53072","750","BEVNOMAD","1155 N GULFSTREAM AVE","#1604","","SARASOTA","FL","34236","68","WSL6803669","20","20","12/14/2023","01/08/2024","09/30/2026","","",""
"400","4005","DEL PRADO TRADING LLC","MEXP","","2211 SW 29TH AVE","","","FORT LAUDERDALE","FL","33312-4364","16","DEL PRADO TRADING LLC","2211 SW 29TH AVE","","","FORT LAUDERDALE","FL","33312","16","WSL1617121","20","20","12/15/2023","05/31/2025","03/31/2026","","",""
"400","4005","MALBEC DISTRIBUTION LLC","JDBW","","6303 BLUE LAGOON DRIVE","SUITE 320","","MIAMI","FL","33126","23","MALBEC DISTRIBUTION LLC","6705 NW 36TH STREET","SUITE 425","","MIAMI","FL","33166","23","WSL2326514","20","20","01/27/2024","01/30/2024","03/31/2026","","",""
"400","4005","MAKE IT BETTER SPIRITS CORP","BSA","","5869 PINE TREE DR","","","MIAMI BEACH","FL","33140","23","E11VEN VODKA","5869 PINE TREE DR","","","MIAMI BEACH","FL","33140","23","WSL2326157","20","20","01/23/2024","10/21/2025","09/30/2026","","",""
"400","4005","AMERICAN FREEDOM DISTILLERY, LLC","DD","CD","2232 5TH AVE SOUTH","","","ST. PETERSBURG","FL","33712","62","AMERICAN FREEDOM DISTILLERY, LLC","2232 5TH AVE SOUTH","","","ST. PETERSBURG","FL","33712","62","WSL6210518","45","20","01/16/2024","10/21/2025","09/30/2025","","",""
"400","4005","TREASURE COAST BREWING & DISTILLING, LLC","AMW","","973 SE FEDERAL HIGHWAY ","","","STUART","FL","34994","53","FRAZIER CREEK BREWING & DISTILLING COMPANY","973 SE FEDERAL HIGHWAY","","","STUART","FL","34994","53","WSL5302070","20","20","12/19/2023","12/28/2023","09/30/2026","","",""
"400","4005","KAVA STORAGE LLC","IMPR","","1385 CORAL WAY","SUITE 202","","MIAMI","FL","33145","23","ANDES WINES IMPORTER","11400 NW 34TH ST","","","MIAMI","FL","33178","23","WSL2326512","45","20","01/22/2024","10/21/2025","09/30/2025","","",""
"400","4005","MFP DISTRIBUTING LLC","JDBW","","65805 EDGEWATER DR","","","YULEE","FL","32097","55","MFP DISTRIBUTING","1830 SOUTH 8TH ST.","","","FERNANDINA BEACH","FL","32034","55","WSL5500754","45","20","01/05/2024","10/21/2025","09/30/2025","","",""
"400","4005","TEQUILA FOR YOU FLORIDA LLC","KLD","","2970 W 84TH","SUITE 7","","HIALEAH","FL","33018","23","TEQUILA FOR YOU FLORIDA LLC","2970 W 84TH","SUITE 7","","HIALEAH","FL","33018","23","WSL2326515","20","20","01/29/2024","04/28/2025","03/31/2026","","",""
"400","4005","DCR GLOBAL PURCHASING IMPORT AND EXPORT INC","MEXP","","2241 LAUREL PINE LN","","","ORLANDO","FL","32837","58","DCR GLOBAL PURCHASING IMPORT AND EXPORT INC","2241 LAUREL PINE LN","","","ORLANDO","FL","32837","58","WSL5808904","45","20","01/11/2024","10/21/2025","09/30/2025","","",""
"400","4005","ROM IMPORTS LLC","KLD","","2800 BAYVIEW DR","","","FORT LAUDERDALE","FL","33306","16","ROM IMPORTS LLC","4048 NE 8TH AVE","","","OAKLAND PARK","FL","33334","16","WSL1617125","20","20","01/24/2024","06/17/2025","03/31/2026","","",""
"400","4005","HUMMINGBIRD STUDIOS LLC","BSA","","3810 TRIPLE JUMP STREET","","","VALRICO","FL","33596","39","HUMMINGBIRD STUDIOS LLC","3810 TRIPLE JUMP STREET","","","VALRICO","FL","33596","39","WSL3909407","45","20","12/22/2023","10/21/2025","09/30/2025","","",""
"400","4005","HOMOSASSA DISTILLERY COMPANY LLC","DD","CD","8759 W TRADEWAYS CT","","","HOMOSASSA","FL","34448","19","HOMOSASSA DISTILLERY COMPANY LLC","8759 W TRADEWAYS CT","","","HOMOSASSA","FL","34448","19","WSL1901835","20","20","12/18/2023","03/30/2024","09/30/2026","","",""
"400","4005","FEELGOOD FARMS LLC","AMW","","395 DOYLE RD","","","OSTEEN","FL","32764","74","FEELGOOD FARMS LLC","395 DOYLE RD","","","OSTEEN","FL","32764","74","WSL7405820","20","20","01/16/2024","01/16/2024","09/30/2026","","",""
"400","4005","HARDEN USA LLC","JDBW","","2855 SW BRIGHTON ST","","","PORT ST LUCIE","FL","34953","66","HARDEN USA LLC","550 NW MERCANTILE PLACE","","","PORT ST LUCIE","FL","34986","66","WSL6602330","20","20","12/27/2023","06/12/2024","09/30/2026","","",""
"400","4005","REALLY GRUMPY LLC","CMB","","1703 MEADOW OAK LN","","","TARPON SPRINGS","FL","34689","62","TRUCK & LADDER BREWING COMPANY","2058 BAYSHORE BLVD","UNIT 5","","DUNEDIN","FL","34698","62","WSL6210482","20","20","03/08/2024","03/08/2024","09/30/2026","","",""
"400","4005","FINE FLAVORS LLC","MEXP","","28  W FLAGLER ST","SUITE 300B","","MIAMI","FL","33130","23","FINE FLAVORS","28 W FLAGLER ST","300B","","MIAMI","FL","33130","23","WSL2326509","20","20","01/19/2024","01/22/2024","03/31/2026","","",""
"400","4005","SHOJOS DOJO INC","AMW","","9153 SW 142 PL","","","MIAMI","FL","33186","23","SHOJOS DOJO","4233 SW 75 AVE","","","MIAMI","FL","33155","23","WSL2326206","45","20","04/12/2024","10/21/2025","09/30/2025","","",""
"400","4005","MISTICA MEZCAL SPIRITS, LLC","IMPR","","6808 46TH TERRACE EAST","","BRADENTON","BRADENTON","FL","34203","51","MISTICA MEZCAL SPIRITS, LLC","6808 46TH TERR E","","","BRADENTON","FL","34203","51","WSL5102576","45","20","02/02/2024","10/21/2025","09/30/2025","","",""
"400","4005","ASHLYNN DISTILLERY LLC","IMPR","","10034 SPANISH ISLES BLVD","SUITE C18","","BOCA RATON","FL","33498","60","ASHLYNN DISTILLERY LLC","10034 SPANISH ISLES BLVD","SUITE C18","","BOCA RATON","FL","33498","60","WSL6013118","20","20","01/10/2024","01/29/2025","09/30/2026","","",""
"400","4005","CDS IMPORTS LLC","IMPR","","1525 NW 121ST DRIVE","","","CORAL SPRINGS","FL","33071","16","CDS IMPORTS LLC","1525 NW 121ST DR","","","CORAL SPRINGS","FL","33071","16","WSL1617124","20","20","01/09/2024","02/14/2024","09/30/2026","","",""
"400","4005","GOLD'S LIQUOR LLC","ERB","","8435 AUKARI CT","","","NEW PORT RICHEY","FL","34653","61","GOLD'S LIQUORS","720 WESLEY AVE","","","TARPON SPRINGS","FL","34689","62","WSL6210519","20","20","02/06/2024","02/06/2024","09/30/2026","","",""
"400","4005","BENAMI INTERNATIONAL, LLC","MEXP","","13100 NW 113 AVENUE RD","","","MEDLEY","FL","33178","23","BENAMI","13100 NW 113 AVENUE RD","","","MEDLE","FL","33178","23","WSL2326520","20","20","02/17/2024","05/31/2025","03/31/2026","","",""
"400","4005","ATHENAEUM BREWS LLC","CMB","","14135 7TH STREET","","","DADE CITY","FL","33525","61","ABL","14135 7TH STREET","","","DADE CITY","FL","33525","61","WSL6103087","20","20","02/07/2024","02/07/2024","09/30/2026","","",""
"400","4005","DECANTERS INC","IMPR","","9066 SW 73RD CT., #1602","","","MIAMI","FL","33156","23","DECANTERS INC","9066 SW 73RD CT., #1602","","","MIAMI","FL","33156","23","WSL2326518","20","20","02/16/2024","02/16/2024","09/30/2026","","",""
"400","4005","SUPERIOR FOOD DISTRIBUTORS LLC.","MEXP","","1530 GOLDEN GATE BLVD EAST","","","NAPLES","FL","34120","21","SUPERIOR FOOD DISTRIBUTORS LLC","1530 GOLDEN GATE BLVD E","","","NAPLES","FL","34120","21","WSL2103804","20","20","01/23/2024","05/31/2025","03/31/2026","","",""
"400","4005","1901 ON MAIN LLC","AMW","","1331 COLEMAN AVE","","","CHIPLEY","FL","32428","77","1901 ON MAIN LLC","803 MAIN ST","","","CHIPLEY","FL","32428","77","WSL7700435","20","20","02/27/2024","03/13/2024","09/30/2026","","",""
"400","4005","DIALECT IMPORTS, LLC","JDBW","","1560  GULF BLVD","906","","CLEARWATER","FL","33767","62","DIALECT IMPORTS","9225 ULMERTON ROAD UNIT R","","","LARGO","FL","33771","62","WSL6200252","20","20","03/05/2024","05/21/2024","09/30/2026","","",""
"400","4005","ODD COLONY LLC","CMB","","260 N PALAFOX ST","","","PENSACOLA","FL","32502","27","BURROW","1010 N 12TH AVE","STE 111","","PENSACOLA","FL","32501","27","WSL2703798","20","20","02/05/2024","02/14/2024","09/30/2026","","",""
"400","4005","SUNDIAL COCKTAILS USA LLC","MEXP","","353 W SECOND STREET","UNIT 1","","BOSTON","MA","02127","721","SUNDIAL COCKTAILS","4720 SALISBURY ROAD","","","JACKSONVILLE","FL","32256","26","WSL2608271","20","20","01/30/2024","01/30/2024","09/30/2026","","",""
"400","4005","APOLLO SOUTH COMPANY LLC","KLD","","330 SUNNY ISLES BLVD. UNIT 1106","","","SUNNY ISLES BEACH","FL","33160","23","APOLLO SOUTH COMPANY LLC","9575 NW 174 STREET","BAY C","","MIAMI","FL","33018","23","WSL2326513","20","20","01/26/2024","04/03/2024","03/31/2026","","",""
"400","4005","INVASIVE SPECIES BREWING LLC","DD","CD","726 NE 2ND AVENUE","","","FORT LAUDERDALE","FL","33304","16","INVASIVE SPECIES BREWING & SPIRITS","726 NE 2ND AVE","","","FORT LAUDERDALE","FL","33304","16","WSL1617126","45","20","02/08/2024","10/21/2025","09/30/2025","","",""
"400","4005","RED EXPORT CORP","MEXP","","7102 NW 50TH STREET","","","MIAMI","FL","33166","23","RED EXPORT CORP","7102 NW 50 ST","","","MIAMI","FL","33166","23","WSL2326516","20","20","01/30/2024","05/31/2025","03/31/2026","","",""
"400","4005","ALTA VISTA INTERNATIONAL LLC","IMPR","","3115 SE GRAN PARK WAY","","","STUART","FL","34997","53","ALTA VISTA INTERNATIONAL LLC","3115 SE GRAN PARK WAY","","","STUART","FL","34997","53","WSL5302071","20","20","01/31/2024","01/31/2024","09/30/2026","","",""
"400","4005","ARTISANAL NATION WINE AND SPIRITS LLC","JDBW","","9286 KENSINGTON ROW CT","","","ORLANDO","FL","32827","58","ARTISANAL NATION WINE AND SPIRITS LLC","7834 KINGSPOINTE PKWY","","","ORLANDO","FL","32819","58","WSL5808906","20","21","02/05/2024","08/05/2025","09/30/2026","","",""
"400","4005","MAGNANIMOUS BREWING COMPANY LLC","CMB","","1420 N FLORIDA AVENUE","","","TAMPA","FL","33602","39","MAGNANIMOUS BREWING COMPANY","6809 N NEBRASKA AVE","","","TAMPA","FL","33604","39","WSL3909409","45","20","02/02/2024","10/21/2025","09/30/2025","","",""
"400","4005","BERCKMANS SPIRITS LLC","BSA","","410 ALLENBROOK CT","SUITE 1L","","ROSWELL","GA","30075","710","BERCKMANS SPIRITS LLC","7901 4ST N","","","ST. PETERSBURG","FL","33702","62","WSL6210520","45","20","02/07/2024","10/21/2025","09/30/2025","","",""
"400","4005","PERDOMO & COMPANY INC","MEXP","","10144 CEDAR DUNE DR","","","TAMPA","FL","33624","39","PERDOMO & COMPANY","10144 CEDAR DUNE DR","","","TAMPA","FL","33624","39","WSL3909410","45","20","02/12/2024","10/21/2025","09/30/2025","","",""
"400","4005","PRIMO WINES LLC","IMPR","","15774 NW 24TH STREET","","","PEMBROKE PINES","FL","33208","16","PRIMO WINES LLC","16036 NW 89TH CT","","","MIAMI LAKES","FL","33018","23","WSL2326523","20","20","02/27/2024","05/16/2024","09/30/2026","","",""
"400","4005","UNCLEDONSBEER LLC","JDBW","","28731 SOUTH CARGO COURT","SUITE 4","","BONITA SPRINGS","FL","34135","46","UNCLE DONS LIGHT","28731 S CARGO CT","#4","","BONITA SPRINGS","FL","34135","46","WSL4605221","20","20","02/19/2024","05/01/2024","03/31/2026","","",""
"400","4005","MIA COFFEE DISTRIBUTORS INC","BMWC","","5510 NW 35 CT","","","HIALEAH","FL","33142","23","MIA COFFEE DISTRIBUTOR INC","5510 NW 35TH CT","","","MIAMI","FL","33142","23","WSL2326521","45","20","02/21/2024","10/21/2025","09/30/2025","","",""
"400","4005","SHINANO, INC.","IMPR","","2800 BISCAYNE BLVD","STE 800","","MIAMI","FL","33137","23","SHINANO, INC.","2800 BISCAYNE BLVD","STE 800","","MIAMI","FL","33137","23","WSL2326528","45","20","03/21/2024","10/21/2025","09/30/2025","","",""
"400","4005","PARKER BEER SYSTEMS LLC","BSA","","924 HILLSIDE DRIVE","","","LUTZ","FL","33549","39","PARKER BEER SYSTEMS LLC","924 HILLSIDE DRIVE","","","LUTZ","FL","33549","39","WSL3909411","20","20","02/27/2024","02/27/2024","09/30/2026","","",""
"400","4005","NEXT PHASE DISTRIBUTION LLC","JDBW","","1301 SUNSET WIND LOOP","","","OLDSMAR","FL","34677","62","NEXT PHASE DISTRIBUTION","2420 JULIE LANE, UNIT C","","","HOLIDAY","FL","34690","61","WSL6100062","20","20","02/23/2024","03/28/2024","09/30/2026","","",""
"400","4005","FERMENTED FINERY LLC","IMPR","","1621  BAY ROAD ","PH1","","MIAMI BEACH","FL","33139","23","FERMENTED FINERY LLC","1621  BAY ROAD ","PH1","","MIAMI BEACH","FL","33139","23","WSL2326522","20","20","02/22/2024","02/22/2024","09/30/2026","","",""
"400","4005","NERONE IMPORTS LLC","IMPR","","750  E COCO PLUM CIR, 3","","","PLANTATION","FL","33324","16","NERONE IMPORTS LLC","750 E COCO PLUM CIR","#3","","PLANTATION","FL","33324","16","WSL1617129","20","20","03/20/2024","03/21/2024","09/30/2026","","",""
"400","4005","BLURACK LLC","KLD","","555 AIRLINE DR.","STE #100","","COPPELL","TX","75019","744","GREEN LIGHT DISTRIBUTION","4840 HOFFNER AVENUE","SUITE 200","","ORLANDO","FL","32812","58","WSL5808907","20","20","02/28/2024","06/21/2024","09/30/2026","","",""
"400","4005","DRIED INGREDIENTS LLC","JDBW","","6451 NW 102ND AVENUE","SUITE 14","","DORAL","FL","33178","23","DRIED INGREDIENTS","6451 NW 102ND AVENUE ","SUITE 14","","DORAL","FL","33178","23","WSL2326537","20","20","04/30/2024","04/30/2024","03/31/2026","","",""
"400","4005","TREDIVINI LLC","IMPR","","1550 BRICKELL AVE ","UNIT A205","","MIAMI","FL","33129","23","TREDIVINI LLC","1550 BRICKELL AVE","UNIT A205","","MIAMI","FL","33129","23","WSL2326530","20","20","04/02/2024","05/28/2025","09/30/2026","","",""
"400","4005","BEAUTY GOURMET LLC","DD","CD","6935 15TH STREET EAST","#102","","SARASOTA","FL","34243","51","BEAUTY BOOZE","6935 15TH ST E","#102","","SARASOTA","FL","34243","51","WSL5102578","20","20","03/01/2024","03/26/2024","09/30/2026","","",""
"400","4005","GRAND SCHEME BREWING LLC","CMB","","1201 NW 44TH AVE","","","GAINESVILLE","FL","32609","11","GRAND SCHEME BREWING","619 SOUTH MAIN STREET UNIT1B SOUTH","","","GAINESVILLE","FL","32601","11","WSL1102365","20","20","03/05/2024","10/27/2025","09/30/2026","","",""
"400","4005","LUVINES IMPORTS LLC","IMPR","","815 PILOT ROAD STE B","","","LAS VEGAS","NV","33147","728","LUVINES IMPORTS LLC","5201 BLUE LAGOON DR","STE 891","","MIAMI","FL","33126","23","WSL2326524","20","20","03/08/2024","03/08/2024","09/30/2026","","",""
"400","4005","ZORION BUSINESS CONSULTANTS LLC","IMPR","","4113 W SWANN AVE","","","TAMPA","FL","33609","39","TROPICAL-NECTAR","4113 W SWANN AVE","","","TAMPA","FL","33609","39","WSL3909413","45","20","03/07/2024","10/21/2025","09/30/2025","","",""
"400","4005","ROCKET SPIRITS LLC","KLD","","5090 FAY BLVD","","","COCOA","FL","32927","15","ROCKET SPIRITS LLC","385 WILLIAMS POINT BLVD","UNIT 1 & 2","","COCOA","FL","32927","15","WSL1505450","20","20","03/08/2024","04/12/2024","03/31/2026","","",""
"400","4005","SELECTIONS DE LA VINA LLC","BSA","","1915 BRICKELL AVENUE","#1501","","MIAMI","FL","33129","23","SELECTIONS DE LA VINA","1915 BRICKELL AVENUE #1501","","","MIAMI","FL","33129","23","WSL2326525","45","20","03/11/2024","10/21/2025","09/30/2025","","",""
"400","4005","FORGOTTEN COAST BREWING COMPANY LLC","CMB","","PO BOX 399","","","APALACHICOLA","FL","32329","29","FORGOTTEN COAST BREWING COMPANY","4101  HIGHWAY 98","","","MEXICO BEACH","FL","32456","13","WSL1303436","20","20","05/21/2024","05/21/2024","09/30/2026","","",""
"400","4005","BIG TOP BREWING COMPANY LLC","CMB","","975 CATTLEMAN RD","","","SARASOTA","FL","34232","68","BIG TOP BREWING COMPANY","3045 FRUITVILLE COMMONS BLVD","","","SARASOTA","FL","34240","68","WSL6803662","45","20","04/10/2024","10/21/2025","09/30/2025","","",""
"400","4005","VINOS DEL SUR, LLC","IMPR","","5118  N 56TH ST  SUITE 111","","","TAMPA ","FL","33610","39","VINOS DEL SUR","5118  N 56TH ST SUITE 111","","","TAMPA ","FL","33610","39","WSL3909414","20","20","03/22/2024","04/01/2024","09/30/2026","","",""
"400","4005","VIDYA USA CORPORATION","IMPR","","7  OTIS STONE HUNTER ROAD","","","BUNNELL","FL","32110","28","VIDYA USA CORPORATION","7 OTIS STONE HUNTER ROAD","","","BUNNELL","FL","32110","28","WSL2800706","20","20","03/18/2024","02/25/2025","09/30/2026","","",""
"400","4005","SESH BREWING COMPANY LLC","AMW","","2221 4TH ST NORTH","","","ST. PETERSBURG","FL","33704","62","SESH BREWING","2221 4TH ST NORTH","","","ST. PETERSBURG","FL","33704","62","WSL6210522","45","20","03/15/2024","10/21/2025","09/30/2025","","",""
"400","4005","FLAGLER BEACHFRONT WINERY INC","DD","","611 N OCEANSHORE BLVD","","","FLAGLER BEACH","FL","32136","28","FLAGLER BEACHFRONT WINERY","611 N OCEANSHORE BLVD","","","FLAGLER BEACH","FL","32136","28","WSL2800707","20","20","05/01/2024","05/01/2024","09/30/2026","","",""
"400","4005","BARLEYANDPIE LLC","CMB","","1903 MOORINGS CIRCLE","","","MIDDLEBURG","FL","32068","20","BARLEY AND PIE BREWING COMPANY","1605 COUNTY RD 220","UNIT 145","","FLEMING ISLAND","FL","32003","20","WSL2001068","45","20","03/18/2024","10/21/2025","09/30/2025","","",""
"400","4005","ASSEMBLAGE WINE LLC","AMW","","3461 PARKWAY CENTER ST","","","ORLANDO","FL","32808","58","ASSEMBLAGE WINE","3461 PARKWAY CENTER CT","","","ORLANDO","FL","32808","58","WSL5808908","20","20","03/13/2024","04/02/2024","09/30/2026","","",""
"400","4005","ANALOGUE ARTISANS LLC","CMB","","1313 E 8TH AVE","","","TAMPA","FL","33605","39","SKY PUPPY BREWING","1313 E 8TH AVE","","","TAMPA","FL","33605","39","WSL3909416","20","20","04/29/2024","05/15/2024","09/30/2026","","",""
"400","4005","VENTURA SELECTIONS LLC","IMPR","","2655 S. LE JEUNE RD. STE 810","","","CORAL GABLES","FL","33134","23","VENTURA SELECTIONS","2655 S LE JEUNE RD STE # 810","","","CORAL GABLES","FL","33134","23","WSL2326526","20","20","03/17/2024","03/17/2024","09/30/2026","","",""
"400","4005","AVOBEER USA, INC.","MEXP","","407 WEKIVA SPRINGS RD","SUITE 241","","LONGWOOD","FL","32779","69","AVOBEER","407 WEKIVA SPRINGS RD","SUITE 241","","LONGWOOD","FL","32779","69","WSL6903138","45","20","03/22/2024","10/21/2025","09/30/2025","","",""
"400","4005","DISTRIBUIDORA CARDEL CA INC","IMPR","","8140 NW 74 AVENUE","UNIT 6","","MEDLEY","FL","33166","23","DISTRIBUIDORA CARDEL CA INC","8140 NW 74TH AVENUE","UNIT 6","","MEDLEY","FL","33166","23","WSL2326529","20","20","04/01/2024","04/01/2024","09/30/2026","","",""
"400","4005","MAJUELOS AMERICA CORP","IMPR","","11 ISLAND AVE SUITE 701","","","MIAMI BEACH","FL","33139","23","MAJUELOS AMERICA CORP","11 ISLAND AVE","SUITE 701","","MIAMI BEACH","FL","33139","23","WSL2326527","20","20","03/20/2024","04/09/2024","09/30/2026","","",""
"400","4005","DRUM CIRCLE DISTILLING LLC","MEXP","","2212 INDUSTRIAL BLVD","","","SARASOTA","FL","34234","68","SIESTA KEY RUM","2212  INDUSTRIAL BLVD","","","SARASOTA","FL","34234","68","WSL6803661","20","20","03/22/2024","05/28/2025","03/31/2026","","",""
"400","4005","BREWSAKI LLC","BSA","","7785 TRAVELERS TREE DRIVE","","","BOCA RATON","FL","33433","60","BREWSAKI","7785 TRAVELERS TREE DRIVE","","","BOCA RATON","FL","33433","60","WSL6013119","20","20","03/29/2024","04/03/2024","09/30/2026","","",""
"400","4005","WINE JOURNEYS IMPORTS LLC","IMPR","","6518 3RD AVE S.","","","ST. PETERSBURG","FL","33707","62","WINE JOURNEYS IMPORTS LLC","6518 3RD AVE S.","","","ST. PETERSBURG","FL","33707","62","WSL6210523","20","20","03/26/2024","03/26/2024","09/30/2026","","",""
"400","4005","SALTY BEVERAGE DISTRIBUTION LLC","JDBW","","1414 CR 283 S","SUITE D","","SANTA ROSA BEACH","FL","32459","76","SALTY BEVERAGE DISTRIBUTION","7195 US HWY 98 E","UNIT 2120","","SANTA ROSA BEACH","FL","32459","76","WSL7601063","45","20","03/25/2024","10/21/2025","09/30/2025","","",""
"400","4005","7TH SKY VENTURES LLC","KLD","","601 S HARBOUR ISLAND BLVD","SUITE 109","TAMPA","TAMPA","FL","33602","39","7TH SKY","5806 N 53RD ST","","","TAMPA","FL","33610","39","WSL3909415","45","20","04/05/2024","10/21/2025","09/30/2025","","",""
"400","4005","MONSTER BREWING COMPANY LLC","AMW","","3924 WEST SPRUCE STREET","","","TAMPA","FL","33607","39","CIGAR CITY BREWING","3924 WEST SPRUCE STREET","","","TAMPA","FL","33607","39","WSL3909424","20","20","08/06/2024","08/06/2024","09/30/2026","","",""
"400","4005","PRINCESS WATER LLC","BSA","","270 S WASHINGTON ST","","","BELCHERTOWN","MA","01007","721","PRINCESS WATER LLC","391 BENCHOR ST","","","SEBASTIAN","FL","32958","41","WSL4101619","20","20","04/19/2024","04/19/2024","09/30/2026","","",""
"400","4005","MANGROVE DISTRIBUTING LLC","KLD","","255 SE US HIGHWAY 19","UNIT 1","","CRYSTAL RIVER","FL","34429","19","MANGROVE DISTRIBUTING","255 SE US HIGHWAY 19","UNIT 3","","CRYSTAL RIVER","FL","34429","19","WSL1901838","20","20","06/14/2024","06/14/2024","09/30/2026","","",""
"400","4005","33GC LLC","JDBW","","205 DEER HAVEN DRIVE","","","PONTE VEDRA BEACH","FL","32082","65","33GC, LLC","205 DEER HAVEN DRIVE","","","PONTE VEDRA BEACH","FL","32082","65","WSL6501494","45","20","03/29/2024","10/21/2025","09/30/2025","","",""
"400","4005","AMERICAN GLOBAL EXPORTERS L.L.C.","MEXP","","3000 S OCEAN DR STE 414","","","HOLLYWOOD","FL","33019","16","AMERICAN GLOBAL EXPORTERS","3000 S OCEAN DR","#414","","HOLLYWOOD","FL","33019","16","WSL1617130","20","20","03/29/2024","05/31/2025","03/31/2026","","",""
"400","4005","REFINE PALATE, INC.","IMPR","","2974 BRAVURA LAKE DR","","","SARASOTA","FL","34240","68","REFINE PALATE","2974 BRAVURA LAKE DR","","","SARASOTA","FL","34240","68","WSL6803663","45","20","04/24/2024","10/21/2025","09/30/2025","","",""
"400","4005","STORM DISTILLERY, LLC","DD","CD","1520 W BRANDYWINE ST","","","LECANTO","FL","34461","19","STORM DISTILLERY","105 N APOPKA AVE","","","INVERNESS","FL","34450","19","WSL1901837","20","20","04/09/2024","09/10/2025","09/30/2026","","",""
"400","4005","ISLAMORADA DISTILLING LLC","DD","CD","3200 ST. LUCIE BLVD.","","","FORT PIERCE","FL","34946","66","CROOKED PALM CABANA/ISLAMORADA BEVERAGES","90184 OVERSEAS HWY., UNIT 100A","","","TAVERNIER","FL","33070","54","WSL5402732","20","20","04/09/2024","07/11/2024","09/30/2026","","",""
"400","4005","ALEJANDRO GATO","IMPR","","2100 PONCE DE LEON BLV SUITE 111","","","CORAL GABLES","FL","33134","23","CAPITAL WINE","2100 PONCE DE LEON BLVD","SUITE 111","","CORAL GABLES","FL","33134","23","WSL2326539","20","20","04/30/2024","04/30/2024","09/30/2026","","",""
"400","4005","MANOR HOUSE DISTILLERY LLC","DD","CD","33150 PUCKETT ST","","","DADE CITY","FL","33523","37","GROVE & GRAIN DISTILLERY","33150 PUCKETT ST","","","DADE CITY","FL","33523","37","WSL3701241","45","20","05/17/2024","10/21/2025","09/30/2025","","",""
"400","4005","ACCOMPLICE BEVERAGE COMPANY INC","AMW","","1012 ALABAMA AVE","","","SAINT CLOUD","FL","34769","59","BONE SACH CIDER CO","1623 10TH ST","","","SAINT CLOUD","FL","34769","59","WSL5902260","45","20","04/11/2024","10/21/2025","09/30/2025","","",""
"400","4005","DPS LOGISTICS LLC","MEXP","","3450 NW 115TH AVE","","","MIAMI","FL","33178","23","DPS LOGISTICS LLC","3450 NW 115TH AVE","","","MIAMI","FL","33178","23","WSL2326531","20","20","04/15/2024","05/31/2025","03/31/2026","","",""
"400","4005","DAS KIEBITZ BIER INTL. LLC","BSA","","407 WEKIVA SPRINGS RD STE 241","","","LONGWOOD","FL","32779","69","DAS KIEBITZ BIER INTL","407 WEKIVA SPRINGS RD STE 241","","","LONGWOOD","FL","32779","69","WSL6903140","20","20","04/23/2024","05/08/2024","09/30/2026","","",""
"400","4005","ISLAND ROSE WINES LLC","MEXP","","860 BROADSTONE WAY","#117","","ALTAMONTE SPRINGS","FL","32714","69","ISLAND ROSE WINES","860 BROADSTONE WAY","#117","","ALTAMONTE SPRINGS","FL","32714","69","WSL6903139","45","20","04/18/2024","10/21/2025","09/30/2025","","",""
"400","4005","HIGH ROCK WINERY LLC","AMW","","615 NE 709TH AVE","","","OLD TOWN","FL","32680","25","HIGH ROCK WINERY","240 NE 210 AVENUE","","","CROSS CITY","FL","32628","25","WSL2500352","20","20","04/29/2024","06/06/2024","09/30/2026","","",""
"400","4005","INPROSA CORPORATION","MEXP","","1426 BARTOW DR.","APT 105","","CELEBRATION","FL","34747","59","INPROSA CORPORATION","10100 NW 25 STREET","","","MIAMI","FL","33172","23","WSL2326532","20","20","04/17/2024","05/31/2025","03/31/2026","","",""
"400","4005","DAME DISTRIBUTING LLC","JDBW","","13921 LYNMAR BLVD UNIT B","","","TAMPA","FL","33626","39","DAME DISTRIBUTING","13921 LYNMAR BLVD UNIT B","","","TAMPA","FL","33626","39","WSL3909418","20","20","05/15/2024","05/15/2024","09/30/2026","","",""
"400","4005","SHINANO, INC.","MEXP","","2800 BISCAYNE BLVD","STE 800","","MIAMI","FL","33137","23","SHINANO, INC.","2800 BISCAYNE BLVD","STE 800","","MIAMI","FL","33137","23","WSL2326535","20","20","04/25/2024","04/25/2024","03/31/2026","","",""
"400","4005","IVEINTE SPIRITS LLC","BSA","","15226 79TH TER N","","","WEST PALM BEACH","FL","33418","60","IV20 SPIRITS, LLC","8270 WOODLAND CENTER BLVD","","","TAMPA","FL","33614","39","WSL3909421","45","20","05/29/2024","10/21/2025","09/30/2025","","",""
"400","4005","THOMPSON BRANDS LLC","IMPR","","945 ALLAMANDA DRIVE","","","DELRAY BEACH","FL","33483","60","THOMPSON BRANDS LLC","945 ALLAMANDA DRIVE","","","DELRAY BEACH","FL","33483","60","WSL6013122","20","20","04/25/2024","04/30/2024","09/30/2026","","",""
"400","4005","FERMENTED FINERY DISTRIBUTORS, LLC","KLD","","1621 BAY ROAD ","PH 1","","MIAMI BEACH","FL","33139","23","FERMENTED FINERY DISTRIBUTORS, LLC","1580 W. 38TH PLACE ","UNIT 7 ","","HIALEAH","FL","33012","23","WSL2326541","20","20","05/28/2024","05/28/2024","03/31/2026","","",""
"400","4005","FREYDER GLOBAL, LLC","IMPR","","99 BAY DRIVE","","","KEY WEST","FL","33040","54","FREYDER GLOBAL, LLC","99  BAY DRIVE","","","KEY WEST","FL","33040","54","WSL5402733","20","20","05/29/2024","06/10/2024","09/30/2026","","",""
"400","4005","CARIBBEAN SUNRISE SPIRITS LLC","IMPR","","7160 NW 50TH STREET","","","MIAMI","FL","33166","23","CARIBBEAN SUNRISE SPIRITS","7160 NW 50TH STREET","","","MIAMI","FL","33166","23","WSL2326536","20","20","04/29/2024","10/23/2025","09/30/2026","","",""
"400","4005","4 RIVERS TRADING LLC","IMPR","","12041 CAPTAINS LANDING","","","NORTH PALM BEACH","FL","33408","60","4 RIVERS TRADING LLC","12041 CAPTAINS LANDING","","","NORTH PALM BEACH","FL","33408","60","WSL6013123","20","20","05/06/2024","05/06/2024","09/30/2026","","",""
"400","4005","LINK TRADING INC","IMPR","","5715 MICHAEL CT","","","ROLLING MEADOWS","IL","60008","","LINK TRADING","11301 SATELLITE BLVD","STE 600","","ORLANDO","FL","32837","58","WSL5808909","45","20","05/06/2024","10/21/2025","09/30/2025","","",""
"400","4005","LINK TRADING INC","KLD","","11301 SATELLITE BLVD, STE 600","","","ORLANDO","FL","32837","58","LINK TRADING","11301 SATELLITE BLVD","STE 600","","ORLANDO","FL","32837","58","WSL5808910","20","20","05/14/2024","09/18/2024","09/30/2026","","",""
"400","4005","SCHAFER-REICHART SELECTIONS INC","IMPR","","4500 SALISBURY RD","STE 530","","JACKSONVILLE","FL","32216","26","SCHAFER-REICHART SELECTIONS INC","4500 SALISBURY ROAD","SUITE 530","","JACKSONVILLE","FL","32216","26","WSL2608274","20","20","05/06/2024","05/23/2024","09/30/2026","","",""
"400","4005","SCAVONE CANTINE USA LLC","JDBW","","17614 POLO TRAIL","","","BRADENTON","FL","34211","51","SCAVONE CANTINE USA LLC","1743 INDEPENDENCE BLVD","#5 D","","SARASOTA","FL","34234","68","WSL6803664","20","20","05/29/2024","04/25/2025","03/31/2026","","",""
"400","4005","CELEBRATION BREWING COMPANY LLC","CMB","","1601 FUTURE WAY","","","CELEBRATION","FL","34747","59","CELEBRATION BREWING CO","1601 FUTURE WAY","","","CELEBRATION","FL","34747","59","WSL5902261","20","20","05/14/2024","06/05/2024","09/30/2026","","",""
"400","4005","BEACHSIDE BEVERAGE DISTRIBUTORS LLC","KLD","","37 BAY DR SE","","","FORT WALTON BEACH","FL","32548","56","BEACHSIDE BEVERAGE DISTRIBUTORS","112 HOLLYWOOD BLVD #1005","","","FORT WALTON BEACH","FL","32548","56","WSL5602624","45","20","05/17/2024","10/21/2025","09/30/2025","","",""
"400","4005","F&S RETAIL LLC","MEXP","","4140 W. 104TH STREET","SUITE 8","","HIALEAH","FL","33018","23","F&S","4120 W. 104TH STREET","SUITE 8","","HIALEAH","FL","33018","23","WSL2326540","20","20","05/09/2024","05/31/2025","03/31/2026","","",""
"400","4005","APOSTROPHE BRANDS LLC","BSA","","1301 CALLEN LANE","","","DES PLAINES","IL","60616","713","APOSTROPHE BRANDS","6207 S. WEST SHORE BOULEVARD","","","TAMPA","FL","33616","39","WSL3909417","20","20","05/14/2024","06/03/2024","09/30/2026","","",""
"400","4005","DON AZUL GROUP LLC","IMPR","","19581 THE PLACE BLVD","","","ESTERO","FL","33928","46","DON AZUL GROUP","19581 THE PLACE BLVD","","","ESTERO","FL","33928","46","WSL4605223","20","20","06/03/2024","01/24/2025","09/30/2026","","",""
"400","4005","WISE SPIRITS INC","IMPR","","6305 TURKEY FOOT COURT","","","FRANKLIN","TN","37067","","WISE DISTILLED SPIRITS INC","528a DONELSON PIKE","","","NASHVILLE","TN","37214","743","WSL7900014","20","20","06/03/2024","06/03/2024","09/30/2026","","",""
"400","4005","OCEAN CASK SPIRITS LLC","IMPR","","1310 SW 74TH CT","","","MIAMI","FL","33144","23","OCEAN CASK SPIRITS LLC","1310 SW 74TH CT","","","MIAMI","FL","33144","23","WSL2326544","45","20","06/05/2024","10/21/2025","09/30/2025","","",""
"400","4005","COLTS & FILLIES LLC","CMB","","3899 E COUNTY HWY 30-A","","","SANTA ROSA BEACH","FL","32459","76","STRANGE COLT BREWERY","1103-B EAST JOHNS SIMS PARKWAY","","","NICEVILLE","FL","32578","56","WSL5602618","45","20","02/10/2025","10/21/2025","09/30/2025","","",""
"400","4005","YANEZ UNITED DISTRIBUTORS LLC","IMPR","","12102 SUMMERLAND KEY ST UNIT 304","","","TAMPA","FL","33626","39","YANEZ UNITED DISTRIBUTORS LLC","12102 SUMMERLAND KEY ST UNIT 304","","","TAMPA","FL","33626","39","WSL3909419","20","20","05/17/2024","06/04/2024","09/30/2026","","",""
"400","4005","SOUTHERN ITALY WINE SPECIALISTS LLC","JDBW","","13334 POLO CLUB ROAD","#244","","WELLINGTON","FL","33414","60","SOUTHERN ITALY WINE SPECIALISTS LLC","3132 FORTUNE WAY","SUITE D10","","WELLINGTON","FL","33414","60","WSL6013124","20","20","05/21/2024","07/26/2024","03/31/2026","","",""
"400","4005","GREAT WAVE IMPORTS INC","JDBW","","3080 PADDOCK ROAD","","","WESTON","FL","33331","16","GREAT WAVE IMPORTS","3159 N ANDREWS AVE EXT","","","POMPANO BEACH","FL","33064","16","WSL1617132","20","20","05/23/2024","06/14/2024","03/31/2026","","",""
"400","4005","DOM PARTNERS LLC","CMB","","235 NE WATULA AVE","","","OCALA","FL","34471","52","INFINITE ALE WORKS","235 NE WATULA AVE","","","OCALA","FL","34471","52","WSL5202631","45","20","05/30/2024","10/21/2025","09/30/2025","","",""
"400","4005","LATE START BREWING, LLC","CMB","","1018 E. CASS ST.","","","TAMPA","FL","33602","39","LATE START BREWING","1018 E. CASS ST.","","","TAMPA","FL","33602","39","WSL3909422","20","20","06/25/2024","08/25/2025","09/30/2026","","",""
"400","4005","DOM PARTNERS LLC","DD","CD","PO BOX 1563","","","OCALA","FL","34478","52","INFINITE ALE WORKS","235 NE WAULA AVE","","","OCALA","FL","34471","52","WSL5202632","45","20","06/07/2024","10/21/2025","09/30/2025","","",""
"400","4005","BUFFALO ROCK COMPANY","KLD","","111 OXMOOR ROAD","","","BIRMINGHAM","AL","35209","701","BUFFALO ROCK COMPANY","2377 SHERMAN AVENUE","","","PANAMA CITY","FL","32405","13","WSL1303437","20","20","05/31/2024","06/24/2024","09/30/2026","","",""
"400","4005","CIVIL SOCIETY DISTILLING CO","DD","CD","1200 TOWN CENTER DRIVE","SUITE 101","","JUPITER","FL","33458","60","CIVIL SOCIETY DISTILLING CO","1200 TOWN CENTER DRIVE","SUITE 101","","JUPITER","FL","33458","60","WSL6013125","20","20","05/23/2024","06/15/2024","09/30/2026","","",""
"400","4005","BUFFALO ROCK COMPANY","KLD","","111 OXMOOR ROAD","","","BIRMINGHAM","AL","35209","701","BUFFALO ROCK COMPANY","8801 GROW DRIVE","","","PENSACOLA","FL","32504","27","WSL2703799","20","20","05/23/2024","06/24/2024","09/30/2026","","",""
"400","4005","VINITOR USA CORPORATION","JDBW","","437 MADISON AVENUE","24TH FLOOR","","NEW YORK","NY","10022","732","VINITOR USA CORPORATION","747 NE 3RD AVE #1102","","","FORT LAUDERDALE","FL","33304","16","WSL1617134","20","20","06/11/2024","06/11/2024","03/31/2026","","",""
"400","4005","EWS IMPORTS LLC","MEXP","","2645 EXECUTIVE PARK DRIVE","SUITE 122","","WESTON","FL","33331","16","EWS IMPORTS LLC","2645 EXECUTIVE PARK DR","#122","","WESTON","FL","33331","16","WSL1617133","20","20","05/31/2024","06/03/2024","03/31/2026","","",""
"400","4005","JOYLAND BREWING COMPANY LLC","CMB","","1300 ALDEN ROAD","","","ORLANDO","FL","32803","58","IVANHOE PARK BREWING CO","23 N ORANGE BLOSSOM TRAIL","","","ORLANDO","FL","32805","58","WSL5808864","45","20","06/26/2024","10/21/2025","09/30/2025","","",""
"400","4005","HERITAGE MARKET LLC","AMW","","31400 SW 208 CT","","","HOMESTEAD","FL","32030","23","HERITAGE MARKET LLC","29100 SW 177 AVE","","","HOMESTEAD","FL","33030","23","WSL2326543","20","35","06/03/2024","10/13/2025","09/30/2026","","",""
"400","4005","SOUTHERN FIELDS BREWING, LLC","DD","CD","2328 HIGHWAY 2","","","CAMPBELLTON","FL","32426","42","SOUTHERN FIELDS DISTILLERY","2328 HIGHWAY 2","","","CAMPBELLTON","FL","32426","42","WSL4200877","45","20","03/21/2025","10/21/2025","09/30/2025","","",""
"400","4005","WATERCRAFT BREWING LLC","CMB","","17 AVENUE D","","","APALACHICOLA","FL","32320","29","WATERCRAFT BREWING LLC","17 AVENUE D","","","APALACHICOLA","FL","32320","29","WSL2900489","20","20","06/18/2024","07/29/2024","09/30/2026","","",""
"400","4005","FEROVINUM INC","IMPR","","2332 GALIANO STREET, 2ND FLOOR","OFFICE 123","","CORAL GABLES","FL","33134","23","FEROVINUM INC","2332 GALIANO STREET, 2ND FLOOR","OFFICE 123","","CORAL GABLES","FL","33134","23","WSL2326546","20","20","06/20/2024","06/28/2024","09/30/2026","","",""
"400","4005","SUN LAB BREWING COMPANY LLC","CMB","","803 17TH AVE W","","","BRADENTON","FL","34205","51","SUN LAB BREWING COMPANY","803 17TH AVE W","","","BRADENTON","FL","34205","51","WSL5102567","45","20","06/21/2024","10/21/2025","09/30/2025","","",""
"400","4005","SIP AND SAVOR FLORIDA, LLC","IMPR","","2085 NW 1ST PLACE","","","BOCA RATON","FL","33431","60","SIP AND SAVOR FLORIDA, LLC","2085 NW 1ST PLACE","","","BOCA RATON","FL","33431","60","WSL6013126","45","20","06/19/2024","10/21/2025","09/30/2025","","",""
"400","4005","HALPATTER BREWING, LLC","DD","CD","264 NE HERNANDO AVE","","","LAKE CITY","FL","32055","22","HALPATTER BREWING CO.","264 NE HERNANDO AVE","","","LAKE CITY","FL","33055","22","WSL2200850","45","20","06/19/2024","10/21/2025","09/30/2025","","",""
"400","4005","INDAGRES FLORIDA LLC","IMPR","","7901 4TH ST N","","","ST PETERSBURG","FL","33702","62","INDAGRES FLORIDA LLC","7901 4TH ST N","","","ST PETERSBURG","FL","33702","62","WSL6210525","45","20","06/25/2024","10/21/2025","09/30/2025","","",""
"400","4005","GEOFFREY'S CELLARS INC.","AMW","","1016 FLORIDA AVE. S","","","ROCKLEDGE","FL","32955","15","GEOFFREYS CELLARS","1016 FLORIDA AVE. S","","","ROCKLEDGE","FL","32955","15","WSL1505451","20","20","06/21/2024","07/09/2024","09/30/2026","","",""
"400","4005","VINEATALY LLC","JDBW","","10310 NW 121ST WAY #600","","","MEDLEY","FL","33178","23","VINEATALY","10310 NW 121ST WAY #600","","","MEDLEY","FL","33178","23","WSL2326548","20","20","07/01/2024","11/14/2024","03/31/2026","","",""
"400","4005","SNL CRAFT BEER LLC","MEXP","","5263 SANTA MARIA AVE","","","BOYNTON BEACH","FL","33436","60","SNL CRAFT BEER","5263 SANTA MARIA AVE","","","BOYNTON BEACH","FL","33436","60","WSL6013127","20","20","07/02/2024","05/31/2025","03/31/2026","","",""
"400","4005","KACE DISTRIBUTORS LLC","JDBW","","242 PRADO","","","APALACHICOLA","FL","32320","29","KACE DISTRIBUTORS","425 US-98","","","APALACHICOLA","FL","32320","29","WSL2900490","20","20","07/09/2024","08/15/2024","09/30/2026","","",""
"400","4005","PALOMAR IMPORTS LLC","KLD","","2416 E. 37TH","","","ORLANDO","FL","32824","58","PALOMAR IMPORTS","13645 S. ORANGE AVENUE","SUITE 200","","ORLANDO","FL","32824","58","WSL5808912","20","20","07/03/2024","10/10/2024","09/30/2026","","",""
"400","4005","MONACO ARTISAN LABS LLC","BSA","","1740 SW 67TH AVE","","","PLANTATION","FL","33317","16","MONACO ARTISAN LABS LLC","1740 SW 67TH AVE","","","PLANTATION","FL","33317","16","WSL1617139","45","20","07/30/2024","10/21/2025","09/30/2025","","",""
"400","4005","TRIPLE AAA DISTRIBUTION LLC","MEXP","","800 WEST AVE","PH46","","MIAMI BEACH","FL","33139","23","TRIPLE AAA DISTRIBUTION LLC","1000 5TH STREET, SUITE 412","","","MIAMI BEACH","FL","33139","23","WSL2326550","20","20","07/03/2024","05/31/2025","03/31/2026","","",""
"400","4005","BLUE LAKE DISTRIBUTORS LLC","JDBW","","1515 CRESTVIEW DRIVE","","","MOUNT DORA","FL","32757","45","BLUE LAKE DISTRIBUTORS LLC","31125 INDUSTRY DRIVE","UNIT 22","","TAVARES","FL","32778","45","WSL4502181","20","20","10/03/2024","10/03/2024","09/30/2026","","",""
"400","4005","MASTRY'S BREWING CO. LLC","DD","CD","7701 BLIND PASS RD","","","ST PETE BEACH","FL","33707","62","MASTRY'S BREWING CO.","7701 BLIND PASS RD","","","ST.PETE BEACH","FL","33707","62","WSL6210526","20","20","07/10/2024","10/14/2024","09/30/2026","","",""
"400","4005","ALPHAONE USA LLC","MEXP","","1650  NW 33RD STREET","","","POMPANO BEACH","FL","33064","16","ALPHAONE USA LLC","1650 NW 33RD ST","","","POMPANO BEACH","FL","33064","16","WSL1617136","20","20","07/10/2024","05/22/2025","03/31/2026","","",""
"400","4005","JFC INTERNATIONAL INC.","MEXP","","7101 7101 E. SLAUSON AVE","","","LOS ANGELES","CA","90040","705","JFC INTERNATIONAL INC.","1800 SW 13TH CT","#100","","POMPANO BEACH","FL","33069","16","WSL1617137","20","20","07/15/2024","07/18/2024","03/31/2026","","",""
"400","4005","CVG WHOLESALE INC","MEXP","","735 ARLINGTON AVE N","SUITE 113","","ST. PETERSBURG","FL","33701","62","CVG-WHOLESALES, INC","735 ARLINGTON AVENUE, SUITE 113","","","ST. PETERSBURG","FL","33701","62","WSL6210527","20","20","07/30/2024","07/30/2024","09/30/2026","","",""
"400","4005","TRADE LINK WEST INDIES INC","MEXP","","4386 PINE TREE DRIVE","","","MIAMI BEACH","FL","33140","23","TRADE LINK WEST INDIES INC","8201 NW 87TH AVENUE SUITE 100","","","MEDLEY","FL","33178","23","WSL2326551","20","20","07/12/2024","05/31/2025","03/31/2026","","",""
"400","4005","TRADE LINK WEST INDIES INC","IMPR","","4386  PINE TREE DRIVE","","","MIAMI BEACH","FL","33140","23","TRADE LINK WEST INDIES INC","8201 NW 87TH AVENUE SUITE 100","","","MEDLEY","FL","33178","23","WSL2326554","45","20","08/12/2024","10/21/2025","09/30/2025","","",""
"400","4005","INTEGRATED LIQUID LLC","AMW","","2747 PARADISE ROAD","UNIT 2604","","LAS VEGAS","NV","89109","728","WHIPPED","2330 SUCCESS DR","","","ODESSA","FL","33556","61","WSL6803665","20","20","09/18/2024","10/24/2024","09/30/2026","","",""
"400","4005","ALLEN WANG FINE WINE LLC","IMPR","","651 OKEECHOBEE BLVD","#311","","WEST PALM BEACH","FL","33401","60","ALLEN WANG FINE WINE LLC","651  OKEECHOBEE BLVD","","","WEST PLAM BEACH","FL","33401","60","WSL6013128","45","20","08/15/2024","10/21/2025","09/30/2025","","",""
"400","4005","H AND B IMPORTERS LLC","IMPR","","215 S MONROE STREET SUITE 200","","","TALLAHASSEE","FL","32301","47","H AND B IMPORTERS LLC","123 W GEORGIE STREET","","","SANTA ROSA BEACH","FL","32459","76","WSL7601064","45","20","09/11/2024","10/21/2025","09/30/2025","","",""
"400","4005","MOROLI FS LLC","MEXP","","6400 MAIN ST. APT 203","","","MIAMI LAKES","FL","33014","23","MOROLI FS, LLC","3601 VINELAND RD","STE 13","","ORLANDO","FL","32811","58","WSL5808913","45","20","07/25/2024","10/21/2025","09/30/2025","","",""
"400","4005","GOOD LIQUID BREWING COMPANY PARRISH, LLC","CMB","","3411 RIVER WOODS DR","","","PARRISH","FL","34219","51","GOOD LIQUID BREWING","8980 US 301 N","#138","","PARRISH","FL","34219","51","WSL5102579","20","20","08/01/2024","10/22/2024","09/30/2026","","",""
"400","4005","TROPICAL DISTILLERY LLC","BSA","","2141  NW 10 AVENUE","","","MIAMI","FL","33127","23","TROPICAL DISTILLERY LLC","2141  NW 10 AVENUE","","","MIAMI","FL","33127","23","WSL2326555","20","20","08/13/2024","10/24/2024","09/30/2026","","",""
"400","4005","SOUTH CAPITAL WINE LLC","JDBW","","2912 nw 72ND AVE","","","MIAMI","FL","33122","23","CAPITAL WINE","2912 NW 72ND AVE","","","MIAMI","FL","33133","23","WSL2326560","20","20","08/27/2024","06/30/2025","03/31/2026","","",""
"400","4005","EBC REAL ESTATE HOLDINGS COMPANY, LLC","CMB","","11495 TRINITY BLVD","","","TRINITY","FL","34655","61","COLLECTIVE AT ESCAPE","11495 TRINITY BLVD","","","TRINITY","FL","34655","61","WSL6103058","20","20","11/19/2024","11/19/2024","09/30/2026","","",""
"400","4005","DO WINE IMPORTS LLC","JDBW","","1544 SEMINOLA BLVD.","111","","CASSELBERRY","FL","32707","69","DO WINE IMPORTS LLC","1544 SEMINOLA BLVD.","111","","CASSELBERRY","FL","32707","69","WSL6903142","20","20","08/07/2024","09/03/2024","09/30/2026","","",""
"400","4005","HENSCRATCH VINEYARDS LLC","AMW","","980 HENSCRATCH ROAD","","","LAKE PLACID","FL","33852","38","HENSCRATCH VINEYARDS","980 HENSCRATCH ROAD","","","LAKE PLACID","FL","33852","38","WSL3801159","20","20","09/30/2024","09/30/2024","09/30/2026","","",""
"400","4005","JACK DISTRIBUTION, LLC","MEXP","","2551 SW 39TH STREET","SUITE 100","","FORT LAUDERDALE","FL","33312","16","JACK DISTRIBUTION, LLC","2551 SW 39TH ST","#100","","FORT LAUDERDALE","FL","33312","16","WSL1617141","20","20","08/15/2024","05/31/2025","03/31/2026","","",""
"400","4005","THREE TREES GROUP, LLC","CMB","","5 E OAK STREET","","","ARCADIA","FL","34266","24","THREE TREES BREWING COMPANY","5 E OAK STREET","","","ARCADIA","FL","34266","24","WSL2400392","20","20","08/23/2024","10/28/2024","09/30/2026","","",""
"400","4005","FOOD BEVERAGE INTELLIGENCE CORP","IMPR","","2900 SW 28TH LANE","SUITE 501","","MIAMI","FL","33133","23","FOOD BEVERAGE INTELLIGENCE CORP","2900 SW 28TH LANE","SUITE 1","","MIAMI","FL","33133","23","WSL2326567","20","20","10/11/2024","10/11/2024","09/30/2026","","",""
"400","4005","THIRSTY BUFFALO BREW FACTORY LLC","CMB","","2330 SUCCESS DR.","","","ODESSA","FL","33556","61","THIRSTY BUFFALO BREW FACTORY","2330 SUCCESS DR.","","","ODESSA","FL","33556","61","WSL6103091","20","20","08/19/2024","03/05/2025","09/30/2026","","",""
"400","4005","LEGACY GOODS LLC","IMPR","","28631 N DIESEL DR. #4","","","BONITA SPRINGS","FL","34135","46","LEGACY GOODS LLC","28631 N DIESEL DR., #4","","","BONITA SPRINGS","FL","34135","46","WSL4605225","20","20","09/05/2024","10/04/2024","09/30/2026","","",""
"400","4005","SEMELE SELECTS LLC","IMPR","","304  NE 4TH AVE","","","GAINESVILLE","FL","32601","11","SEMELE SELECTS","304  NE 4TH AVE","","","GAINESVILLE","FL","32601","11","WSL1102366","20","20","08/20/2024","10/15/2024","09/30/2026","","",""
"400","4005","UNICO FREIGHTWAYS FL LLC","KLD","","10800 NW 106TH STREET STE 12","","","MEDLEY","FL","33178","23","UNICO FREIGHTWAYS","10800 NW 106TH STREET STE 12","","","MEDLEY","FL","33178","23","WSL2326556","20","20","08/15/2024","06/30/2025","03/31/2026","","",""
"400","4005","WINESCO DISTRIBUTORS LLC","JDBW","","10171 NW 58  UNIT 9","","","DORAL","FL","33178","23","WINESCO DISTRIBUTORS","10171 NW 58 ST","UNIT 9","","DORAL","FL","33178","23","WSL2326561","20","20","08/28/2024","08/28/2024","03/31/2026","","",""
"400","4005","NAV'S DISTRIBUTIONS LLC","MEXP","","12928 LOS ALAMITOS CT","","","ORLANDO","FL","32837","58","NAV'S DISTRIBUTIONS LLC","12928 LOS ALAMITOS CT","","","ORLANDO","FL","32837","58","WSL5808914","45","20","09/13/2024","10/21/2025","09/30/2025","","",""
"400","4005","LATITUDE WINES, LLC","KLD","","3000-F DANVILLE BLVD #521","","","ALAMO","CA","94507","705","LATITUDE WINES","13250 NW 25TH STREET","SUITE 101A","","MIAMI","FL","33182","23","WSL2326564","20","20","09/23/2024","09/23/2024","03/31/2026","","",""
"400","4005","BOOTLEG COCKTAIL COMPANY LLC","BSA","","592 HOLLY DRIVE","UNIT B","","PALM BEACH GARDENS","FL","33410","60","BOOTLEG COCKTAIL CO","592 HOLLY DRIVE","UNIT B","","PALM BEACH GARDENS","FL","33410","60","WSL6013130","45","20","09/10/2024","10/21/2025","09/30/2025","","",""
"400","4005","INDUSTRIAS SAN MIGUEL USA CORP","IMPR","","PO BOX  560668","","","MIAMI","FL","33256","23","INDUSTRIAS SAN MIGUEL USA CORP","2857 SW 27TH AVENUE","","","MIAMI","FL","33133","23","WSL2326568","45","20","10/16/2024","10/21/2025","09/30/2025","","",""
"400","4005","WALLS DISTILLING COMPANY LLC","DD","CD","1327 SOUTH MONROE STREET","UNIT 106","","TALLAHASSEE","FL","32301","47","WALLS DISTILLING COMPANY","1327 SOUTH MONROE STREET","UNITS 105 & 106","","TALLAHASSEE","FL","32301","47","WSL4703261","45","20","09/09/2024","10/21/2025","09/30/2025","","",""
"400","4005","WATER TOWER DISTILLERY CO","DD","CD","1204 S BROAD ST","#325","","BROOKSVILLE","FL","34601","37","WATER TOWER DISTILLERY CO.","19544 MANECKE RD","#2","","BROOKSVILLE","FL","34601","37","WSL3701242","45","20","09/05/2024","10/21/2025","09/30/2025","","",""
"400","4005","TU-BE GLOBAL SPIRITS INC","IMPR","","121 NE 34TH STREET, # 1906A","","","MIAMI","FL","33137","23","TU-BE GLOBAL SPIRITS INC","121 NE 34TH STREET, # 1906A","","MIAMI","MIAMI","FL","33137","23","WSL2326584","20","20","12/10/2024","12/10/2024","09/30/2026","","",""
"400","4005","THREE BEES VINEYARDS INC","AMW","","45884 BISMARK RD","","","CALLAHAN","FL","32011","55","TUSCAN ROSE VINEYARDS","45918 BISMARK ROAD","","","CALLAHAN","FL","32011","55","WSL5500755","20","20","11/26/2024","11/26/2024","09/30/2026","","",""
"400","4005","CRAZY LADY BREWING INC","CMB","","7235  NE 4TH AVE","","","MIAMI","FL","33138","23","WATERFRONT BREWERY MIAMI","7235 NE 4TH AVE","","","MIAMI","FL","33138","23","WSL2326563","20","20","09/20/2024","12/10/2024","09/30/2026","","",""
"400","4005","BARRIE FERMENTATIONS LLC","CMB","","1403 E 5TH AVE","","","TAMPA","FL","33605","39","BARRIEHAUS BEER CO","9945 TRINITY BOULEVARD SUITE #108","","","TRINITY","FL","34655","61","WSL6103092","20","20","09/18/2024","11/22/2024","09/30/2026","","",""
"400","4005","S MAC LLC","IMPR","","7901 4TH ST N","STE 300","","ST. PETERSBURG","FL","33702","62","BUENOS AIRES GIN","7901 4TH  ST N STE 300","","","ST. PETERSBURG","FL","33702","62","WSL6210528","45","20","10/28/2024","10/21/2025","09/30/2025","","",""
"400","4005","HOP STATE BREWING LLC","CMB","","7052 BENJAMIN RD.","","","TAMPA","FL","33634","39","HOP STATE BREWING","7052 BENJAMIN RD.","","","TAMPA","FL","33634","39","WSL3909267","45","20","12/10/2024","10/21/2025","09/30/2025","","",""
"400","4005","CRAB ISLAND TATES LLC","KLD","","418 CORVET ST","","","FORT WALTON BEACH","FL","32547","56","CRAB ISLAND TATES","422 RACETRACK RD","UNIT 221 (SPACE SAVER)","","FORT WALTON BEACH","FL","32547","56","WSL5602626","20","20","01/06/2025","01/06/2025","09/30/2026","","",""
"400","4005","METAGAVE IMPORTS LLC","IMPR","","2741 62ND AVE E","","","ELLENTON","FL","34222","51","N/A","2741 62ND AVE E","","","ELLENTON","FL","34222","51","WSL5102580","45","20","09/20/2024","10/21/2025","09/30/2025","","",""
"400","4005","BREWLANDO LLC","AMW","","6325 MC COY RD","","","ORLANDO","FL","32822","58","WINERY AND TASTING ROOM","8395 INTERNATIONAL DRIVE","","","ORLANDO","FL","32819","58","WSL5808915","20","20","09/25/2024","10/29/2024","09/30/2026","","",""
"400","4005","JD WINE CONCEPTS LLC","AMW","","800  WESTWIND CT","","","MAITLAND","FL","32751","58","QUANTUM LEAP WINERY","6956  EDGEWATER DRIVE","STE 302","","ORLANDO","FL","32803","58","WSL5808919","20","20","12/10/2024","12/10/2024","09/30/2026","","",""
"400","4005","ELITE GROUP JCH LLC","IMPR","","350 S Miami  350 S MIAMI AVE, APT 2904","","","MIAMI","FL","33130","23","ELITE GROUP JCH","350 S Miami  350 S MIAMI AVE, APT 2904","","","MIAMI","FL","33130","23","WSL2326575","45","20","10/30/2024","10/21/2025","09/30/2025","","",""
"400","4005","SOLDIER CITY DISTRIBUTION, LLC","KLD","","3930 CHAPLAIN ROAD","","","ST. CLOUD","FL","34772","59","SOLDIER CITY DISTRIBUTION","2005 MURCOTT DRIVE","STE. H","","ST. CLOUD","FL","34771","59","WSL5902263","20","20","09/25/2024","11/19/2024","09/30/2026","","",""
"400","4005","ARTIFACT SPIRITS LLC","AMW","","650 S CAPEN AVE","","","WINTER PARK","FL","32789","58","FORWARD/SLASH","650 S CAPEN AVE","","","WINTER PARK","FL","32789","58","WSL5808923","20","20","02/24/2025","02/24/2025","09/30/2026","","",""
"400","4005","BARREL & WINE LLC","KLD","","7684 DORCHESTOR RD","","","BOYNTON BEACH","FL","33472","60","BARREL & WINE","2023 CORPORATE DR","","","BOYNTON BEACH","FL","33426","60","WSL6013131","20","20","09/25/2024","07/09/2025","03/31/2026","","",""
"400","4005","TIMBER CREEK DISTILLING LLC","AMW","","6451 LAKE ELLA ROAD","","","CRESTVIEW","FL","32539","56","TIMBER CREEK WINERY","6451 LAKE ELLA ROAD","","","CRESTVIEW","FL","32539","56","WSL5602625","20","20","10/10/2024","10/10/2024","09/30/2026","","",""
"400","4005","GLOBAL SPIRITS PARTNERS LLC","MEXP","","23256 SW 119TH AVE","","","MIAMI","FL","33032","23","GLOBAL SPIRITS PARTNERS","23256   SW 119TH AVE","","","MIAMI","FL","33032","23","WSL2326570","20","20","10/17/2024","05/31/2025","03/31/2026","","",""
"400","4005","THOMPSON BEVERAGES LLC","IMPR","","40 W 57TH ST","FLOOR 17","","NEW YORK","NY","10019","732","THOMPSON BEVERAGES LLC","2937 SW 27TH AVENUE","SUITE 307","","MIAMI","FL","33133","23","WSL2326573","45","20","10/30/2024","10/21/2025","09/30/2025","","",""
"400","4005","EAGLE SPIRITS, LLC","IMPR","","5020 GLADES CUT OFF RD.","","","FT. PIERCE","FL","34981","66","EAGLE SPIRITS","5020 GLADES CUT OFF RD.","","","FT. PIERCE","FL","34981","66","WSL6602331","20","20","10/02/2024","10/28/2024","09/30/2026","","",""
"400","4005","HBS DELLI WINES & SPIRITS, LLC","IMPR","","22351 SW 129TH AVE","","","MIAMI","FL","33170","23","HBS DELLI WINES & SPIRITS","22351 SW 129TH AVE","","","MIAMI","FL","33170","23","WSL2326577","20","20","11/13/2024","11/13/2024","09/30/2026","","",""
"400","4005","YAAYA IMPORTS INC","IMPR","","2401 NW 39TH TER APT 201","","","FORT LAUDERDALE","FL","33311","16","YAAYA IMPORTS INC","2401 NW 39TH TERR","#201","","FORT LAUDERDALE","FL","33311","16","WSL1617144","45","20","10/16/2024","10/21/2025","09/30/2025","","",""
"400","4005","L&W IMPORTS LLC","MEXP","","10470 NW 26TH ST","SUITE A","","DORAL","FL","33172","23","L&W IMPORTS LLC","10470 NW 26TH ST","SUITE A","","DORAL BRANCH","FL","33172","23","WSL2315917","20","20","10/18/2024","05/31/2025","03/31/2026","","",""
"400","4005","SOIREE SPIRITS LLC","IMPR","","400 HWY 90","SUITE E","","PACE","FL","32571","67","SOIREE SPIRITS LLC","400 HWY 90","SUITE E","","PACE","FL","32571","67","WSL6701029","45","20","11/08/2024","10/21/2025","09/30/2025","","",""
"400","4005","CHUBBY MERMAID BREWING COMPANY INC.","CMB","","28292 INDUSTRIAL RD.","UNIT 1","","BONITA SPRINGS","FL","34135","46","CHUBBY MERMAID BREWING CO.","28292 INDUSTRIAL RD","#1","","BONITA SPRINGS","FL","34135","46","WSL4605226","20","20","10/11/2024","11/05/2024","09/30/2026","","",""
"400","4005","CONSCIOUS BREWING LLC","CMB","","9638 NE 2ND AVE","","","MIAMI SHORES","FL","33138","23","CONSCIOUS BREWING","9638 NE 2ND AVE","","","MIAMI SHORES","FL","33138","23","WSL2326566","20","20","10/08/2024","11/08/2024","09/30/2026","","",""
"400","4005","KV WINES, LLC","IMPR","","9409 NE WORDEN HILL RD","","","DUNDEE","OR","97115","738","KNUDSEN VINEYARDS","9409 NE WORDEN HILL RD","","","DUNDEE","OR","97115","738","WSL7900016","20","20","12/03/2024","12/09/2024","09/30/2026","","",""
"400","4005","COSTA SPIRITS LLC","KLD","","2150 N MIAMI AVE","W601","","MIAMI","FL","33127","23","COSTA SPIRITS","2440 NW 116TH ST","UNIT #300","","MIAMI","FL","33167","23","WSL2326572","20","20","10/29/2024","10/29/2024","03/31/2026","","",""
"400","4005","SWAMP CAT BREWING COMPANY LLC","CMB","","1943 FOWLER ST","","","FORT MYERS","FL","33901","46","SWAMP CAT BREWING COMPANY","1943 FOWLER ST","","","FORT MYERS","FL","33901","46","WSL4605227","20","20","10/16/2024","02/07/2025","09/30/2026","","",""
"400","4005","VON FUNK DISTRIBUTION LLC","JDBW","","14 MILWAUKEE AVE","","","PALM COAST","FL","32137","28","VON FUNK DISTRIBUTION","113 S 8TH STREET","","","PALATKA","FL","32177","64","WSL6400879","20","20","10/15/2024","10/25/2024","09/30/2026","","",""
"400","4005","GYTE RYTE ENTERTAINMENT LLC","DD","CD","6338 TIMBERLANE RD","","","LAKE WALES","FL","33898","63","GYTE RYTE DISTILLERY","6043 DEACON RD","","","SARASOTA","FL","34238","68","WSL6803670","20","20","01/17/2025","01/17/2025","09/30/2026","","",""
"400","4005","VINUM CORP.","JDBW","","5445 SW 97TH CT","","","MIAMI","FL","33165","23","VINUM CORP.","1572 NW 165 ST","","","MIAMI GARDENS","FL","33169","23","WSL2326569","20","20","10/16/2024","11/04/2024","03/31/2026","","",""
"400","4005","ANGRY BUTTERFLY WINES LLC","AMW","","8955 US HWY 301 N","#386","","PARRISH","FL","34219","51","ANGRY BUTTERFLY WINES","15715 CR 675","BUILDING #2","","PARRISH","FL","34219","51","WSL5102581","20","20","10/22/2024","11/21/2024","09/30/2026","","",""
"400","4005","BEVERAGES FOR FRIENDS, LLC","AMW","","PO PX 360599","","","MELBOURNE","FL","32936","15","PLAYALINDA BREWING COMPAY","5220 S WASHINGTON AVE","","","TITUSVILLE","FL","32780","15","WSL1505457","20","20","03/18/2025","05/07/2025","09/30/2026","","",""
"400","4005","BEVERAGES FOR FRIENDS, LLC","DD","CD","PO BOX 360599","","","MELBOURNE","FL","32936","15","PLAYALINDA BREWING COMPANY","5220 S WASHINGTON AVE","","","TITUSVILLE","FL","32780","15","WSL1505458","20","20","03/18/2025","05/07/2025","09/30/2026","","",""
"400","4005","HORNSKIS LLC","CMB","","100 ANASTASIA BLVD","","","SAINT AUGUSTINE","FL","32080","65","HORNSKIS BREWING CO.","100 ANASTASIA BLVD","","","SAINT AUGUSTINE","FL","32080","65","WSL6501495","20","20","10/18/2024","11/21/2024","09/30/2026","","",""
"400","4005","BEVERAGES FOR FRIENDS, LLC","CMB","","PO BOX 360599","","","MELBOURNE","FL","32936","15","PLAYALINDA BREWING COMPANY","5220 S WASHINGTON AVE","","","TITUSVILLE","FL","32780","15","WSL1505425","20","20","11/15/2024","11/15/2024","09/30/2026","","",""
"400","4005","LAGUNITAS BREWING COMPANY","DD","CD","42 NE 25TH  STREET","","","MIAMI","FL","33127","23","CERVECERIA LA TROPICAL","42 NE 25TH  STREET","","MIAMI","MIAMI","FL","33127","23","WSL2326571","45","20","10/22/2024","10/21/2025","09/30/2025","","",""
"400","4005","INDUSTRIAS SAN MIGUEL USA CORP","BSA","","2857 SW 27TH AVENUE","","","MIAMI","FL","33133","23","INDUSTRIAS SAN MIGUEL USA CORP","2857 SW 27TH AVENUE","","","MIAMI","FL","33133","23","WSL2326574","45","20","10/30/2024","10/21/2025","09/30/2025","","",""
"400","4005","CHATEAU LE COEUR CORP","AMW","","7225 US HWY 331 S","","","DEFUNIAK SPRINGS","FL","32435","76","CHATEAU LE COEUR","7225 US HWY 331 S","","","DEFUNIAK SPRINGS","FL","32435","76","WSL7601065","45","20","10/31/2024","10/21/2025","09/30/2025","","",""
"400","4005","REAL INTERNATIONAL WINES DISTRIBUTORS LLC","JDBW","","6705 NW 36TH STREET SUITE 425","","","MIAMI","FL","33166","23","REAL INTERNATIONAL WINES DISTRIBUTORS","6705 NW 36TH STREET","SUITE 425","","HIALEAH","FL","33166","23","WSL2326576","20","20","11/04/2024","11/25/2024","03/31/2026","","",""
"400","4005","METAGAVE IMPORTS LLC","KLD","","2741 62ND AVE E","","","ELLENTON","FL","34222","51","N/A","1320 CENTRAL AVE","","","SARASOTA","FL","34236","68","WSL6803666","20","20","10/31/2024","01/03/2025","03/31/2026","","",""
"400","4005","HIGH SPRINGS BREWING COMPANY, LLC","DD","CD","18562 NW 237TH ST","","","HIGH SPRINGS","FL","32643","11","HIGH SPRINGS DISTILLING","18562 NW 237TH ST","","","HIGH SPRINGS","FL","32643","11","WSL1102367","20","20","10/30/2024","12/30/2024","09/30/2026","","",""
"400","4005","ONE WORLD WINE COMPANY LLC","JDBW","","2153 12TH STREET","","","SARASOTA","FL","34237","68","ONE WORLD WINE COMPANY LLC","2153 12TH ST","","","SARASOTA","FL","34237","68","WSL6803668","20","20","12/12/2024","12/12/2024","03/31/2026","","",""
"400","4005","K SPIRITS LLC","IMPR","","910 NE 3RD AVENUE","OFFICE # 1","","FT. LAUDERDALE","FL","33304","16","K SPIRITS","910 NE 3RD AVE","#1","","FORT LAUDERDALE","FL","33304","16","WSL1617145","45","20","11/05/2024","10/21/2025","09/30/2025","","",""
"400","4005","TEAM ADEEB INC","CMB","","1618 PENMAN RD","","","JACKSONVILLE BEACH","FL","32250","26","STRINGS SPORTS BREWERY","1618 PENMAN RD","","","JACKSONVILLE BEACH","FL","32250","26","WSL2608276","20","20","11/12/2024","12/09/2024","09/30/2026","","",""
"400","4005","ZELUS LLC","IMPR","","6706 THORNHILL CIR","","","WINDERMERE","FL","34786","58","ZELUS LLC","6706 THORNHILL CIR","","","WINDERMERE","FL","34786","58","WSL5808918","20","20","11/20/2024","12/04/2024","09/30/2026","","",""
"400","4005","APOLLO EXPORT WAREHOUSE LLC","MEXP","","6950 NW 77 CT","","","MEDLEY","FL","33166","23","APOLLO GROUP (THE)","12704 NW 42 AVE., SUITE 300","","","OPA LOCKA","FL","33054","23","WSL2326578","20","20","11/13/2024","11/14/2024","03/31/2026","","",""
"400","4005","APOLLO EXPORT WAREHOUSE LLC","MEXP","","6950 NW  77 CT","","","MEDLEY","FL","33166","23","APOLLO GROUP","7775  ORANGE AV","","","FORT PIERCE","FL","34945","66","WSL6602332","20","20","12/02/2024","12/09/2024","03/31/2026","","",""
"400","4005","WHISTLING DUCK SALES AND MARKETING, LLC","JDBW","","4580 TUSCANA DRIVE","","","SARASOTA","FL","34241","68","WHISTLING DUCK SALES","1899 PORTER LAKE DR","#105","","SARASOTA","FL","34240","68","WSL6803667","20","20","11/07/2024","07/10/2025","03/31/2026","","",""
"400","4005","C VILLANUEVA COMPANY LLC","DD","","530 N DAKOTA AVENUE","","","LAKE ALFRED","FL","33850","63","FLORIDA DISTILLERS","455 N DAKOTA AVENUE","","","LAKE ALFRED","FL","33850","63","WSL6300050","20","20","01/10/2025","01/10/2025","09/30/2026","","",""
"400","4005","GOOD DOGG BEVERAGE COMPANY, LLC","IMPR","","1002 E. NEW HAVEN AVENUE","","","MELBOURNE","FL","32901","15","GOOD DOGG BEVERAGE COMPANY, LLC","1002 E. NEW HAVEN AVENUE","","","MELBOURNE","FL","32901","15","WSL1505452","45","20","11/21/2024","10/21/2025","09/30/2025","","",""
"400","4005","ANTHOLOGY SPIRITS, LLC","IMPR","","22351 SW 129TH AVE","","","MIAMI","FL","33170","23","ANTHOLOGY SPIRITS, LLC","22351 SW 129TH AVE","","","MIAMI","FL","33170","23","WSL2326582","20","20","12/03/2024","01/02/2025","09/30/2026","","",""
"400","4005","BLUEBIRD HARDWATER LLC","IMPR","","4015 DUVAL DR","","","JACKSONVILLE BEACH","FL","32250","26","BLUEBIRD HARDWATER","4015 DUVAL DR","","","JACKSONVILLE BEACH","FL","32250","26","WSL2608279","20","20","02/11/2025","03/14/2025","09/30/2026","","",""
"400","4005","BOBEENA LLC","IMPR","","3390 MARY STREET","STE 116","","COCONUT GROVE","FL","33133","23","BOBEENA","3390 MARY STREET","STE 116","","COCONUT GROVE","FL","33133","23","WSL2326580","45","20","11/20/2024","10/21/2025","09/30/2025","","",""
"400","4005","PAPOU'S CRAFT DISTILLERY, LLC","AMW","","605 N PINELLAS AVE","","","TARPON SPRINGS","FL","34689","62","TARPON SPRINGS DISTILLERY","605 N PINELLAS AVE","","","TARPON SPRINGS","FL","34689","62","WSL6210529","20","20","11/19/2024","01/21/2025","09/30/2026","","",""
"400","4005","JJ CASANO IMPORTS LLC","JDBW","","1900 NE 7TH AVE","SUITE A","","DANIA BEACH","FL","33004","16","JJ CASANO IMPORTS LLC","1900 NE 7TH AVE","#A","","DANIA BEACH","FL","33004","16","WSL1617149","20","20","02/14/2025","03/12/2025","03/31/2026","","",""
"400","4005","INDAGRES FLORIDA LLC","JDBW","","7901  4TH ST N","","","ST PETERSBURG","FL","33702","62","INDAGRES FLORIDA LLC","3038 SW 42ND ST","","","HOLLYWOOD","FL","33312","16","WSL1617146","20","20","11/14/2024","12/26/2024","03/31/2026","","",""
"400","4005","MAJUELOS AMERICA CORPORATION","MEXP","","11 ISLAND AVE.,  STE 701","","","MIAMI BEACH","FL","33139","23","MAJUELOS AMERICA CORPORATION","11 ISLAND AVE APT 701","","","MIAMI BEACH","FL","33139","23","WSL2326579","20","20","11/18/2024","11/20/2024","03/31/2026","","",""
"400","4005","C. VILLANUEVA COMPANY, LLC","AMW","","530 N. DAKOTA AVENUE","","","LAKE ALFRED","FL","33850","63","FLORIDA DISTILLERS","455 N. DAKOTA AVENUE","","","LAKE ALFRED","FL","33850","63","WSL6305066","20","20","11/18/2024","01/10/2025","09/30/2026","","",""
"400","4005","ARRIERO IMPORTS LLC","IMPR","","426 HARDEE RD","","","CORAL GABLES","FL","33146","23","ARRIERO IMPORTS LLC","426 HARDEE RD","","","CORAL GABLES","FL","33146","23","WSL2326589","45","20","01/14/2025","10/21/2025","09/30/2025","","",""
"400","4005","TOMORROWS BRANDS LLC","IMPR","","360  CENTRAL AVE ","SUITE 800","","ST. PETERSBURG","FL","33701","62","PRIVATE LABEL VINTAGE & SPIRITS","4805 17TH AVE S","#100","","ST. PETERSBURG","FL","33711","62","WSL6210530","45","20","12/16/2024","10/21/2025","09/30/2025","","",""
"400","4005","CB BRANDS FLORIDA LLC","CMB","","840 1ST AVE","","","KING OF PRUSSIA","PA","19460","739","CB BRANDS","14201 MYERLAKE CIR","","","CLEARWATER","FL","33760","62","WSL6210531","20","20","12/17/2024","01/29/2025","09/30/2026","","",""
"400","4005","CRAFTED CULTURE MEDIA LLC","BSA","","690 JOHN HANCOCK LN","","","W MELBOURNE","FL","32904","15","CRAFTED CULTURE MEDIA LLC","690 JOHN HANCOCK LN","","","W MELBOURNE","FL","32904","15","WSL1505453","45","20","12/05/2024","10/21/2025","09/30/2025","","",""
"400","4005","TERRAVITABEVS LLC","IMPR","","1050 BRICKELL AVE APT 3314","","","MIAMI","FL","33131","23","TERRAVITABEVS LLC","1050 BRICKELL AVE., APT 3314","","","MIAMI","FL","33131","23","WSL2326595","45","20","02/13/2025","10/21/2025","09/30/2025","","",""
"400","4005","DOWNS BREWING LLC","DD","CD","3741 S HWY 27 STE A","","","CLERMONT","FL","34711","45","SUNCREEK BREWERY","790 W MINNEOLA AVE","","","CLERMONT","FL","34711","45","WSL4502182","20","20","12/10/2024","04/28/2025","09/30/2026","","",""
"400","4005","SOMMELIERPRO, LLC","IMPR","","13449 NW 42 AVE., UNIT RF-25","","","OPA-LOCKA","FL","33054","23","SOMMELIERPRO, LLC","22351 SW 129TH AVE","","","MIAMI","FL","33170","23","WSL2326583","20","20","12/10/2024","02/24/2025","09/30/2026","","",""
"400","4005","KAROLINA INC","KLD","","12201 NW 106TH CT","","","MEDLEY","FL","33178","23","K SEA TRADING","12201 NW 106TH CT","","","MEDLEY","FL","33178","23","WSL2326585","20","20","12/12/2024","02/18/2025","03/31/2026","","",""
"400","4005","FARIAL USA INC","JDBW","","8511 NW56 STREET  UNIT A","","","DORAL","FL","33166","23","FARIAL USA","8511 NW 56 STREET, UNIT A","","","DORAL","FL","33166","23","WSL2326588","20","20","01/02/2025","07/14/2025","03/31/2026","","",""
"400","4005","VAUGHAN FAMILY BEVERAGES LLC","CMB","","987 3RD AVE N","","","NAPLES","FL","34102","21","KALEIDOSCOPE BEER COMPANY","987 3RD AVE N","","","NAPLES","FL","34102","21","WSL2103769","20","20","02/11/2025","09/23/2025","09/30/2026","","",""
"400","4005","CIAO BIRRA LLC","IMPR","","795 CURTISWOOD DRIVE","","","KEY BISCAYNE","FL","33149","23","CIAO BIRRA","795 CURTISWOOD DRIVE","","","KEY BISCAYNE","FL","33149","23","WSL2326592","45","20","01/27/2025","10/21/2025","09/30/2025","","",""
"400","4005","MAW'S MOUNTAIN MOONSHINE LLC","DD","CD","5770 W IRLO BRONSON MEMORIAL HWY","STE 400","","KISSIMMEE","FL","34746","59","MAW'S MOUNTAIN MOONSHINE","5770 W IRLO BRONSON MEMORIAL HWY","STE 400","","KISSIMMEE","FL","34746","59","WSL5902264","20","20","12/16/2024","02/04/2025","09/30/2026","","",""
"400","4005","IVA-BG LLC","IMPR","","6831  46TH WAY N","","","PINELLAS PARK","FL","33781","62","IVA-BG LLC","6831  46TH WAY N","","","PINELLAS PARK","FL","33781","62","WSL6210533","20","20","01/30/2025","01/30/2025","09/30/2026","","",""
"400","4005","PRIME LINE IMPORTS LLC","IMPR","","7 RED CHIMNEY DRIVE","","","LINCOLN","RI","02865","740","PRIME LINE IMPORTS","7 RED CHIMNEY DRIVE","","","LINCOLN","RI","02865","740","WSL7900017","45","20","12/19/2024","10/21/2025","09/30/2025","","",""
"400","4005","CB BRANDS FLORIDA LLC","AMW","","840 1ST AVE","","","KING OF PRUSSIA","PA","19406","","CB BRANDS FLORIDA LLC","14201 MYERLAKE CIR","","","CLEARWATER","FL","33760","62","WSL6210532","45","20","12/19/2024","10/21/2025","09/30/2025","","",""
"400","4005","CITRUS COAST BRANDS LLC","IMPR","","287 CAPTIVA DRIVE","","","PONTE VEDRA","FL","32081","65","CITRUS COAST","287 CAPTIVA DRIVE","","","PONTE VEDRA","FL","32081","65","WSL6501497","45","20","02/03/2025","10/21/2025","09/30/2025","","",""
"400","4005","ALTOS MIAMI LLC","KLD","","14111 SW 142 AVE UNIT A9","","","MIAMI","FL","33186","23","ALTOS MIAMI LLC","14111 SW 142 AVE UNIT A9","","","MIAMI","FL","33186","23","WSL2326587","20","20","12/30/2024","02/04/2025","03/31/2026","","",""
"400","4005","B2B LLC","IMPR","","2930 DREW ST. STE 1433","","","CLEARWATER","FL","33759","62","B2B LLC","2930 DREW ST.","STE 1433","","CLEARWATER","FL","33759","62","WSL6210534","45","20","04/17/2025","10/21/2025","09/30/2025","","",""
"400","4005","BEACH BREWER DISTRIBUTION LLC","JDBW","","6763 MATANZAS WAY","","","MELBOURNE","FL","32940","15","BEACH BREWER DISTRIBUTION","513 BARTON BLVD","UNIT 2","","ROCKLEDGE","FL","32955","15","WSL1505455","20","20","01/09/2025","05/22/2025","03/31/2026","","",""
"400","4005","SOUND BREWING COMPANY LLC","CMB","","9126 SE BRIDGE RD","","","HOBE SOUND","FL","33455","53","SOUND BREWING COMPANY LLC","9126-B SE BRIDGE RD","","","HOBE SOUND","FL","33455","53","WSL5302073","20","20","01/17/2025","02/20/2025","09/30/2026","","",""
"400","4005","COPPER ECHO, LLC","KLD","","1420 FORT COBB TERRACE","","","WESLEY CHAPEL","FL","33543","61","COPPER ECHO, LLC","5806 N 53RD ST","","","TAMPA","FL","33610","39","WSL3900422","20","20","02/27/2025","04/29/2025","09/30/2026","","",""
"400","4005","TIMBER CREEK DISTILLING LLC","JDBW","","6451 LAKE ELLA ROAD","","","CRESTVIEW","FL","32539","56","TIMBER CREEK WINERY","6451 LAKE ELLA ROAD","","","CRESTVIEW","FL","32539","56","WSL5602627","20","20","02/14/2025","02/14/2025","09/30/2026","","",""
"400","4005","BULLS BLUFF SHINE CO LLC","KLD","","405 HAWK STREET #2","","","ROCKLEDGE","FL","32955","15","BULLS BLUFF SHINE CO","405 HAWK STREET #2","","","ROCKLEDGE","FL","32955","15","WSL1505460","20","20","04/11/2025","04/11/2025","03/31/2026","","",""
"400","4005","NEW LATITUDE WINERY LLC","AMW","","8840 OGLEBY CREEK RD","","","MYAKKA CITY","FL","34251","51","NEW LATITUDE WINERY","8840 OGLEBY CREEK RD","#B","","MYAKKA CITY","FL","34251","51","WSL5102582","45","20","01/27/2025","10/21/2025","09/30/2025","","",""
"400","4005","PAPAGALO COMPANY, LLC","CMB","","270 ROARING BROOK DRIVE","","","SAINT AUGUSTINE","FL","32084","65","BADBIRD BREWING","228 WEST KING STREET","","","SAINT AUGUSTINE","FL","32084","65","WSL6501496","20","20","01/25/2025","05/20/2025","09/30/2026","","",""
"400","4005","TRIZUB LLC","KLD","","1130 GREENSKEEP DR","UNIT C","","KISSIMMEE","FL","34741","59","TRIZUB LLC","1130 GREENSKEEP DR","UNIT C","","KISSIMMEE","FL","34741","59","WSL5902265","20","20","02/17/2025","05/21/2025","09/30/2026","","",""
"400","4005","LBL NURSERY LLC","CMB","","14301 OKECHOBEE BLVD","","","LOXAHATCHEE","FL","33470","60","BUENAVISTA FARMS","14301 OKECHOBEE BLVD","","","LOXAHATCHEE","FL","33470","60","WSL6013133","20","20","03/03/2025","03/03/2025","09/30/2026","","",""
"400","4005","ALEXANDER MURRAY & CO INC","KLD","","350 LINCOLN RD. 3RD FLOOR UNIT 336","3RD FLOOR","UNIT 336","MIAMI BEACH","FL","33139","23","ALEXANDER MURRAY & CO. INC","8558 WESTSIDE INDUSTRIAL DR","","","JACKSONVILLE","FL","32219","26","WSL2608278","20","20","01/31/2025","04/04/2025","09/30/2026","","",""
"400","4005","GL DISTILLERY BRA LLC","CMB","","3411 RIVER WOODS DR","","","PARRISH","FL","34219","51","GOOD LIQUID BREWING","1008 4TH AVE W","","","BRADENTON","FL","34205","51","WSL5102583","45","20","02/07/2025","10/21/2025","09/30/2025","","",""
"400","4005","SOMETHING SOUTHERN SPIRITS, LLC","BSA","","11231 US 1 #139","","","NORTH PALM BEACH","FL","33408","60","SOMETHING SOUTHERN SPIRITS, LLC","2100 PGA BOULEVARD #217","","","PALM BEACH GARDENS","FL","33408","60","WSL6013132","20","20","02/04/2025","02/28/2025","09/30/2026","","",""
"400","4005","AY MEZCAL LLC","IMPR","","371 MIRACLE MILE ","","","CORAL GABLES","FL","33134","23","AY MEZCAL","371 MIRACLE MILE ","","","CORAL GABLES","FL","33134","23","WSL2326594","45","20","02/10/2025","10/21/2025","09/30/2025","","",""
"400","4005","MANOJO INC","IMPR","","1035 N MIAMI AVENUE","","","MIAMI","FL","33136","23","MANOJO INC","1035 N MIAMI AVENUE","","","MIAMI","FL","33136","23","WSL2326611","20","20","04/23/2025","04/23/2025","09/30/2026","","",""
"400","4005","URF & WINE LLC","BSA","","5440 MANG PL","","","SARASOTA","FL","34238","68","URF & WINE LLC","5440 MANG PL","","","SARASOTA","FL","34238","68","WSL6803671","45","20","02/17/2025","10/21/2025","09/30/2025","","",""
"400","4005","WINE TO WINE LLC","IMPR","","301 NW 127TH AVE","","","MIAMI","FL","33182","23","WINE TO WINE LLC","301 NW 127TH AVE","","","MIAMI","FL","33182","23","WSL2326593","20","20","02/05/2025","03/25/2025","09/30/2026","","",""
"400","4005","CHANNELSIDE BREWING COMPANY LLC","DD","CD","PO BOX 13277","","","TAMPA","FL","33691","39","CHANNELSIDE BREWING COMPANY","802 N 12TH ST, STE C","","","TAMPA","FL","33602","39","WSL3909425","45","20","02/03/2025","10/21/2025","09/30/2025","","",""
"400","4005","HIDDEN LEVEL LLC","CMB","","238 PEACHTREE ST","#103","","COCOA","FL","32922","15","HIDDEN LEVEL BREWERY","238 PEACHTREE ST","#103","","COCOA","FL","32922","15","WSL1505456","20","20","03/12/2025","03/12/2025","09/30/2026","","",""
"400","4005","TNT NAVARRE LLC","CMB","","8491 NAVARRE PKWY","","","NAVARRE","FL","32566","67","EMERALD REPUBLIC BREWING","1414 W GOVERNMENT ST","","","PENSACOLA","FL","32502","27","WSL2703783","45","20","02/26/2025","10/21/2025","09/30/2025","","",""
"400","4005","OUTLET, CORP","JDBW","","7700 NW 56 STREET","","","DORAL","FL","33166","23","HEMP LOVE FARMS","7700 NW 56 STREET","","","DORAL","FL","33166","23","WSL2326604","20","20","04/03/2025","04/03/2025","03/31/2026","","",""
"400","4005","EAST COAST LOGISTICS GROUP LLC","MEXP","","2814 NW 104TH COURT","UNIT B","","GAINESVILLE","FL","32606","11","EAST COAST LOGISTICS GROUP","2814 NW 104TH COURT","UNIT B","","GAINESVILLE","FL","32606","11","WSL1102368","45","20","02/18/2025","10/21/2025","09/30/2025","","",""
"400","4005","SUPER GROUP 4, LLC","IMPR","","235  N WESTMONTE DR.","1ST & 2ND FLR. ","#113","ALTAMONTE SPRINGS","FL","32714","69","SUPER GROUP 4","235  N WESTMONTE DR.","1ST & 2ND FLR. ","#113","ALTAMONTE SPRINGS","FL","32714","69","WSL6903146","20","20","03/12/2025","04/15/2025","09/30/2026","","",""
"400","4005","REASEE DISTRIBUTION LLC","KLD","","106  ROYAL PARK DRIVE","1B","","OAKLAND PARK","FL","33309","16","REASEE DISTRIBUTION","3159 N ANDREWS AVE EXT","#G 109","","POMPANO BEACH","FL","33064","16","WSL1617150","20","20","02/14/2025","05/30/2025","03/31/2026","","",""
"400","4005","PROOF AT FSU LLC","CMB","","1320 S MONROE STREET","","","TALLAHASSEE","FL","32301","47","PROOF AT FSU","75 N WOODWARD AVE","","","TALLAHASSEE","FL","32306","47","WSL4703262","20","20","02/25/2025","06/02/2025","09/30/2026","","",""
"400","4005","TALENTI GROUP INC","IMPR","","10913 NW 30TH ST, 100","","","DORAL","FL","33172","23","TALENTI GROUP INC","10913 NW 30TH ST, 100","","","DORAL","FL","33172","23","WSL2326596","45","20","02/19/2025","10/21/2025","09/30/2025","","",""
"400","4005","WINES FROM SPAIN LLC","IMPR","","18096  AERO AVE","","LAND O LAKES","LAND O LAKES","FL","34638","61","WINES FROM SPAIN LLC","18096  AERO AVE","","","LAND O LAKES","FL","34638","61","WSL6103095","20","20","04/18/2025","04/18/2025","09/30/2026","","",""
"400","4005","TALENTI GROUP INC","MEXP","","10913 NW 30TH ST, 100","","","DORAL","FL","33172","23","TALENTI GROUP INC","10913 NW 30TH ST, 100","","","DORAL","FL","33172","23","WSL2326597","20","20","02/19/2025","04/02/2025","03/31/2026","","",""
"400","4005","BREWLANDO LLC","AMW","","6325 MCCOY RD","","","ORLANDO","FL","32822","58","BREWLANDO","160 INDEPENDENCE LN","STE B","","MAITLAND","FL","32751","58","WSL5808921","20","20","02/18/2025","03/24/2025","09/30/2026","","",""
"400","4005","FMB LICENSED HOLDINGS LLC","BSA","","6170 LAKE LODGE DRIVE","#04-301","","WINTER GARDEN","FL","34787","58","FMB LICENSED HOLDINGS LLC","6170 LAKE LODGE DRIVE","#04-301","","WINTER GARDEN","FL","34787","58","WSL5808922","45","20","02/21/2025","10/21/2025","09/30/2025","","",""
"400","4005","DW ERMONTS LLC","ERB","","8260 NW SOUTH RIVER DR","","","MEDLEY","FL","33166","23","DW ERMONTS LLC","8260  NW SOUTH RIVER DR ","","","MEDLEY","FL","33166","23","WSL2326600","20","20","03/07/2025","05/06/2025","09/30/2026","","",""
"400","4005","H AND S ENTERPRISES LLC","CMB","","9700 DEER LAKE CT","#1","","JACKSONVILLE","FL","32246","26","BOTTLENOSE BREWING","9700 DEER LAKE CT","#1","","JACKSONVILLE","FL","32246","26","WSL2608234","45","20","04/15/2025","10/21/2025","09/30/2025","","",""
"400","4005","PAVILLON LCR MIAMI LLC","BSA","","1680 MICHIGAN AVENUE STE 722","","","MIAMI BEACH","FL","33139","23","PAVILLON LCR MIAMI LLC","501 NE 31 STREET, PH4403","","","MIAMI","FL","33137","23","WSL2326612","20","20","04/28/2025","04/28/2025","09/30/2026","","",""
"400","4005","PAVILLON LCR MIAMI LLC","IMPR","","1680 MICHIGAN AVENUE STE 722","","","MIAMI BEACH","FL","33139","23","PAVILLON LCR MIAMI LLC","501 NE 31 STREET, PH4403","","","MIAMI","FL","33137","23","WSL2326613","20","20","04/28/2025","04/28/2025","09/30/2026","","",""
"400","4005","BREWLANDO LLC","CMB","","6325 MCCOY RD","","","ORLANDO","FL","32822","58","BREWLANDO","400 SANFORD AVE","","","SANFORD","FL","32771","69","WSL6903144","20","20","03/07/2025","03/24/2025","09/30/2026","","",""
"400","4005","WINE & BEYOND DISTRIBUTORS LLC","JDBW","","4811 NW 35TH AVE","","","MIAMI","FL","33142","23","WINE & BEYOND DISTRIBUTORS LLC","4811 NW 35TH AVE","","","MIAMI","FL","33142","23","WSL2325987","20","20","04/04/2025","04/04/2025","03/31/2026","","",""
"400","4005","DIAMANTE RIVER IMPORTS, LLC","IMPR","","9464 EL CLAIR RANCH ROAD","","","BOYNTON BEACH","FL","33437","60","DIAMANTE RIVER IMPORTS, LLC","9464 EL CLAIR RANCH ROAD","","","BOYNTON BEACH","FL","33437","60","WSL6013134","20","20","03/27/2025","03/27/2025","09/30/2026","","",""
"400","4005","TIRAGE WINE COMPANY, LLC","BSA","","13000 CRYSTAL COVE DR","","","ORLANDO","FL","32828","58","TIRAGE SPARKLING WINE","13000 CRYSTAL COVE DR","","","ORLANDO","FL","32828","58","WSL5808925","20","20","02/27/2025","03/04/2025","09/30/2026","","",""
"400","4005","BREWLANDO LLC","AMW","","6325 MCCOY RD","","","ORLANDO","FL","32822","58","BREWLANDO","400 SANFORD AVE","","","SANFORD","FL","32771","69","WSL6903145","20","20","03/07/2025","03/24/2025","09/30/2026","","",""
"400","4005","AMELIA ISLAND BREWING COMPANY LLC","CMB","","960194 GATEWAY BLVD STE 101","","","FERNANDINA BEACH","FL","32034","55","TAVERN BY AIBC / ALLEY BY AIBC / AMELIA TAVERN","811 CEDAR STREET","","","FERNANDINA BEACH","FL","32034","55","WSL5500756","20","20","03/12/2025","04/02/2025","09/30/2026","","",""
"400","4005","RD AMERICA, LLC","KLD","","1710 WHITESTONE EXPRESSWAY","","","WHITESTONE","NY","11357","732","RESTAURANT DEPOT","1361 W UNIVERSITY PKWY","","","SARASOTA","FL","34243","51","WSL5102584","20","20","03/06/2025","04/03/2025","03/31/2026","","",""
"400","4005","COLOMBIA SPIRITS LLC","IMPR","","2250 NW 96TH AVE ","SUITE 208","","MIAMI","FL","33172","23","COLOMBIA SPIRITS LLC","2250 NW 96 AVE  ","SUITE 208","","MIAMI","FL","33172","23","WSL2326607","45","20","04/14/2025","10/21/2025","09/30/2025","","",""
"400","4005","RD AMERICA, LLC","KLD","","1710 WHITESTONE EXPRESSWAY","","","WHITESTONE","NY","11357","732","RESTAURANT DEPOT","2455 W INTERNATIONAL SPEEDWAY BLVD","SUITE 910","","DAYTONA BEACH","FL","32114","74","WSL7405821","20","20","03/06/2025","04/25/2025","03/31/2026","","",""
"400","4005","RD AMERICA, LLC","KLD","","1710 WHITESTONE EXPRESSWAY","","","WHITESTONE","NY","11357","732","RESTAURANT DEPOT","3389 POWERS AVENUE","","","JACKSONVILLE","FL","32207","26","WSL2608280","20","20","03/06/2025","04/03/2025","09/30/2026","","",""
"400","4005","INTERBALT PRODUCTS CORP","IMPR","","20-G  SOUTHLAWN CT","","","ROCKVILLE","MD","20850","720","INTERBALT PRODUCTS CORP","11800 NW 100TH ROAD","STE #2","","MIAMI","FL","33178","23","WSL2326610","20","20","04/23/2025","04/23/2025","09/30/2026","","",""
"400","4005","RAY BAYS LLC","BSA","","3280 SW 3RD CT","","","DEERFIELD BEACH","FL","33442","16","RAY BAYS LLC","3280 SW 3RD CT","","","DEERFIELD BEACH","FL","33442","16","WSL1617155","45","20","04/29/2025","10/21/2025","09/30/2025","","",""
"400","4005","RWMJ LLC","JDBW","","423  AVENIDA ALEGRE","","","WEST PALM BEACH","FL","33405","60","ELEPHANT IMPORTS","7825  ELLIS ROAD","","","MELBOURNE","FL","32904","15","WSL1505459","20","20","03/20/2025","05/19/2025","03/31/2026","","",""
"400","4005","IT'S CRAFT LIFE BREWING COMPANY","AMW","","6810 TOWER DR","","","HUDSON","FL","34667","61","CRAFT LIFE BREWING","6810 TOWER DR","","","HUDSON","FL","34667","61","WSL6103094","20","20","03/13/2025","04/29/2025","09/30/2026","","",""
"400","4005","COLOMBIAN ROOTS COMPANY LLC","JDBW","","2274 NW 82 AVE","","","MIAMI","FL","33122","23","COLOMBIAN ROOTS COMPANY","2274 NW 82 AVE","","","MIAMI","FL","33122","23","WSL2326601","20","20","03/17/2025","05/12/2025","03/31/2026","","",""
"400","4005","LUTHER DISTILLING CO LLC","DD","CD","12506 156TH ST","","","MCALPIN","FL","32062","71","LUTHER DISTILLING CO","12538 156TH ST","","","MCALPIN","FL","32062","71","WSL7100489","20","20","03/13/2025","04/29/2025","09/30/2026","","",""
"400","4005","KASRA KHORRAMNEJAD","IMPR","","750 ESPANOLA WAY","","","MIAMI BEACH","FL","33139","23","KASRA KHORRAMNEJAD","750 ESPANOLA WAY","","","MIAMI BEACH","FL","33139","23","WSL2326602","45","20","03/21/2025","10/21/2025","09/30/2025","","",""
"400","4005","TERRAVITABEVS LLC","MEXP","","1050 BRICKELL AVE APT 3314","","","MIAMI","FL","33131","23","TERRAVITABEVS LLC","1050 BRICKELL AVE APT 3314","","","MIAMI","FL","33131","23","WSL2326605","20","20","04/08/2025","04/08/2025","03/31/2026","","",""
"400","4005","FLY GUY CONSULTING LLC","JDBW","","316 CEDAR ST","","","DESTIN","FL","32541","56","FLY GUY CONSULTING LLC","1209 AIRPORT ROAD","SUITE 11","","DESTIN","FL","32541","56","WSL5602628","20","20","03/24/2025","05/21/2025","09/30/2026","","",""
"400","4005","UMA MULTISERVICES LLC","IMPR","","60 WHITE OAK DR","","","CRAWFORDVILLE","FL","32327","75","UMA MULTISERVICES","60 WHITE OAK DR","","","CRAWFORDVILLE","FL","32327","75","WSL7500413","45","20","05/20/2025","10/21/2025","09/30/2025","","",""
"400","4005","STELLAR SPIRITS LLC","KLD","","8551 PASADENA BLVD PEMBROKE PINES","","","MIAMI","FL","33024","16","STELLAR SPIRITS","6705 NW 36TH STREET STE 425","","","MIAMI","FL","33166","23","WSL2326616","20","20","05/29/2025","05/29/2025","03/31/2026","","",""
"400","4005","LAS PALOMAS DISTRIBUTING LLC","BSA","","13211 SONALI SPRINGS DR","","","CONROE","TX","77302","744","BRAVO IMPORTS DISTRIBUTION","7901 4TH ST N","STE 300","","ST. PETERSBURG","FL","33702","62","WSL6210535","45","20","05/20/2025","10/21/2025","09/30/2025","","",""
"400","4005","ALL WORLD SPIRITS INC","IMPR","","2400  W COPANS ROAD","","","POMPANO BEACH","FL","33069","16","ALL WORLD SPIRITS","2400 W COPANS RD","","","POMPANO BEACH","FL","33069","16","WSL1617152","20","20","03/31/2025","05/12/2025","09/30/2026","","",""
"400","4005","SIBONEY CORPORATION","JDBW","","10212 NW 80TH AVE","","","HIALEAH GARDENS","FL","33016","23","SIBONEY TRADERS","10212 NW 80TH AVE","","","HIALEAH GARDENS","FL","33016","23","WSL2326606","20","20","04/11/2025","06/17/2025","03/31/2026","","",""
"400","4005","SOUTHERN SKY SPIRITS LLC","DD","CD","7059 OLD RIVER RD","","","BAKER","FL","32531","56","SOUTHERN SKY SPIRITS","279 PEADEN BRIDGE RD","","","BAKER","FL","32531","56","WSL5602629","20","20","04/03/2025","04/28/2025","09/30/2026","","",""
"400","4005","HAIPRO DISTRIBUTION INC","KLD","","91 NE 9TH ST","UNIT 1416","","POMPANO BEACH","FL","33060","16","HAIPRO DISTRIBUTION","91 NE 9TH ST","#1416","","POMPANO BEACH","FL","33060","16","WSL1617156","20","20","05/01/2025","05/01/2025","03/31/2026","","",""
"400","4005","FAMILIA MORGAN WINE LLC","JDBW","","18391  NE 4TH COURT","","","MIAMI","FL","33179","23","FAMILIA MORGAN WINE","18391  NE 4TH COURT","","","MIAMI","FL","33179","23","WSL2326609","20","20","04/22/2025","07/29/2025","03/31/2026","","",""
"400","4005","NEW LATITUDE DISTRIBUTING LLC","JDBW","","8840 OGLEBY CREEK RD","#A","","MYAKKA CITY","FL","34251","51","NEW LATITUDE DISTRIBUTING","8840 OGLEBY CREEK RD","","","MYAKKA CITY","FL","34251","51","WSL5102587","20","20","05/14/2025","05/14/2025","03/31/2026","","",""
"400","4005","HIGH CASK DISTILLERY LLC","DD","CD","3 MARSH HAWK ROAD","","","FERNANDINA BEACH","FL","32034","55","MARLIN & BARREL DISTILLERY","232 S 8TH STREET","","","FERNANDINA BEACH","FL","32034","55","WSL5500745","20","20","05/13/2025","05/13/2025","09/30/2026","","",""
"400","4005","DISTRIBUIDORA CARDEL CA INC","KLD","","8140 NW 74TH AVENUE","UNIT 6","","MEDLEY","FL","33166","23","DISTRIBUIDORA CARDEL CA INC","8140 NW 74 AVENUE","UNIT 6","","MEDLEY","FL","33166","23","WSL2326626","20","20","08/20/2025","08/20/2025","03/31/2026","","",""
"400","4005","PRIME SPIRITS DISTRIBUTION LLC","KLD","","5316 LENA ROAD","SUITES 105 & 106","","BRADENTON","FL","34211","51","PRIME SPIRITS DISTRIBUTION","5316 LENA RD","#105 & 106","","BRADENTON","FL","34211","51","WSL5102586","20","20","05/09/2025","06/19/2025","03/31/2026","","",""
"400","4005","MASSA WINE CORP","IMPR","","3200 S. ANDREWS AVENUE","UNIT 207","","FT. LAUDERDALE","FL","33316","16","MASSA WINE CORP.","3200 S ANDREWS AVE","#207","","FORT LAUDERDALE","FL","33316","16","WSL1617153","45","20","04/18/2025","10/21/2025","09/30/2025","","",""
"400","4005","CONJURE BEER LLC","BSA","","7831  REFLECTION COVE DRIVE ","APT 207","","FORT MYERS","FL","33907","46","CONJURE BEER CO","7831 REFLECTION COVE DR","#207","","FORT MYERS","FL","33907","46","WSL4605232","20","20","07/10/2025","07/24/2025","09/30/2026","","",""
"400","4005","SUGAR WORKS DISTILLERY LLC","AMW","","4610 VAN KLEECK DR","","","NEW SMYRNA BEACH","FL","32169","74","SUGAR WORKS DISTILLERY","214 N ORANGE ST","","","NEW SMYRNA BEACH","FL","32168","74","WSL7405822","20","20","04/30/2025","07/22/2025","09/30/2026","","",""
"400","4005","BUSCH-TRANSOU, LLC","KLD","","545 RIVER BIRCH ROAD","","","MIDWAY","FL","32343","30","TRI-EAGLE SALES","1314 SW 17TH STREET","","","OCALA","FL","34471","52","WSL5202618","20","20","06/26/2025","06/26/2025","09/30/2026","","",""
"400","4005","BUSCH-TRANSOU, LLC","KLD","","545 RIVER BIRCH ROAD","","","MIDWAY","FL","32343","30","TRI-EAGLE SALES","545 RIVER BIRCH ROAD","","","MIDWAY","FL","32343","30","WSL3000822","20","20","06/26/2025","06/26/2025","09/30/2026","","",""
"400","4005","AVAWINES, LLC","KLD","","4121 NW 124TH AVENUE","","","CORAL SPRINGS","FL","33065","16","AVAWINES","4121 NW 124TH AVE","","","CORAL SPRINGS","FL","33065","16","WSL1617154","20","20","04/28/2025","05/27/2025","03/31/2026","","",""
"400","4005","INEXPORT LOGISTICS, LLC","IMPR","","4612 NW 74TH AVENUE","UNIT 6","","MIAMI","FL","33166","23","INEXPORT LOGISTICS","4612 NW 74TH AVENUE","UNIT 6","","MIAMI","FL","33166","23","WSL2326614","20","20","05/02/2025","07/07/2025","09/30/2026","","",""
"400","4005","PARRISH SPIRITS LLC","KLD","","2011 51ST AVE E, UNIT 100","SUITE B","","PALMETTO","FL","34221","51","PARRISH SPIRITS LLC","2011 51ST AVE E","#100 B","","PALMETTO","FL","34221","51","WSL5102588","20","20","05/21/2025","05/21/2025","03/31/2026","","",""
"400","4005","WATERCRAFT BREWING & DISTILLING LLC","DD","CD","17  AVENUE D","","","APALACHICOLA","FL","32320","29","WATERCRAFT BREWING & DISTILLING","17 AVENUE D","","","APALACHICOLA","FL","32320","29","WSL2900492","20","20","05/27/2025","05/27/2025","09/30/2026","","",""
"400","4005","LIQUID GARAGE BREWING LLC","CMB","","1306  SEVEN SPRINGS BLVD","","","NEW PORT RICHEY","FL","34655","61","LIQUID GARAGE BREWING COMPANY","1306 SEVEN SPRINGS BLVD","","","NEW PORT RICHEY","FL","34655","61","WSL6103096","20","20","04/30/2025","07/14/2025","09/30/2026","","",""
"400","4005","SURDUTTON LLC","KLD","","12220 ITEC HAUL DRIVE","UNIT 213-214","","FORT MYERS","FL","33913","46","SURDUTTON LLC","12220 ITEC HAUL DR","#213 - 214","","FORT MYERS","FL","33913","46","WSL4605230","20","20","05/08/2025","06/05/2025","03/31/2026","","",""
"400","4005","D3B HOLDINGS LLC","BSA","","600 BRICKEL AVENUE","SUITE 3600","","MIAMI","FL","33131","23","D3 BREWING COMPANY","2395 RIVERDALE CT","","","OVIEDO","FL","32765","69","WSL6903147","45","20","05/07/2025","10/21/2025","09/30/2025","","",""
"400","4005","JIN FENG & KIM INC","IMPR","","1436 N. HUNDLEY STREET","","","ANAHEIM","CA","92806","705","JIN FENG & KIM INC","1436 N HUNDLEY STREET","","","ANAHEIM","CA","92806","705","WSL7900018","45","20","06/18/2025","10/21/2025","09/30/2025","","",""
"400","4005","LFB SOLUTIONS INC","MEXP","","315 NW 158TH LN","","","PEMBROKE PINES","FL","33028","16","LFB SOLUTIONS INC","315 NW 158TH LN","","","PEMBROKE PINES","FL","33028","16","WSL1617159","20","20","05/22/2025","05/22/2025","03/31/2026","","",""
"400","4005","LATINFOOD FL CORP","IMPR","","6601 LYONS RD","SUIT H-3","","COCONUT CREEK","FL","33073","16","LATINFOOD FL CORP","6601 LYONS RD","#H 3","","COCONUT CREEK","FL","33073","16","WSL1617157","20","20","05/14/2025","05/28/2025","09/30/2026","","",""
"400","4005","LATINFOOD FL CORP","KLD","","6601 LYONS RD","SUIT H-3","","COCONUT CREEK","FL","33073","16","LATINFOOD FL CORP","6601 LYONS RD","#H 3","","COCONUT CREEK","FL","33073","16","WSL1617158","20","20","05/15/2025","06/13/2025","03/31/2026","","",""
"400","4005","ZOEGA INTERNATIONAL TRADING LLC","JDBW","","1510 MAX HOOKS RD","STE A","","GROVELAND","FL","34736","45","ZOEGA INTERNATIONAL TRADING LLC","1510 MAX HOOKS RD","STE A","","GROVELAND","FL","34736","45","WSL4502183","20","20","06/04/2025","07/11/2025","09/30/2026","","",""
"400","4005","EMBIL LLC","JDBW","","2000 NW 135TH AVE","","","MIAMI","FL","33182","23","EMBIL LLC","2000 NW 135TH AVE","","","MIAMI","FL","33182","23","WSL2326618","20","20","06/26/2025","08/07/2025","03/31/2026","","",""
"400","4005","WINTER PARK DISTILLING COMPANY LLC","DD","CD","P.O. BOX 2878","","","WINTER PARK","FL","32790","58","WINTER PARK DISTILLING COMPANY","136 SOUTH PARK AVENUE","UNIT 2B","","WINTER PARK","FL","32789","58","WSL5808929","20","20","07/31/2025","09/02/2025","09/30/2026","","",""
"400","4005","COMPETITION BEVERAGES LLC","BSA","","247 CENTRAL PARK DR","","","SANFORD","FL","32771","69","AFFECT VODKA","247 CENTRAL PARK DR","","","SANFORD","FL","32771","69","WSL6903148","20","20","05/23/2025","06/03/2025","09/30/2026","","",""
"400","4005","PEREZ PREMIUM SPIRITS CORP","DD","CD","10550 72ND ST","SUITE 503","","LARGO","FL","33777","62","PREEZ DISTILLERY LLC","10550 72ND ST","SUITE 503","","LARGO","FL","33777","62","WSL6210462","20","20","07/31/2025","07/31/2025","09/30/2026","","",""
"400","4005","OUTCAST BREWING COMPANY, INC","CMB","","1776  11TH AVE N","","","ST PETERSBURG","FL","33713","62","OUTCAST BREWING COMPANY","1776 11TH AVE N","","","ST PETERSBURG","FL","33713","62","WSL6210536","20","20","06/05/2025","07/23/2025","09/30/2026","","",""
"400","4005","OWENS GLOBAL TRADING COMPANY LLC","IMPR","","39548  MEADOWOOD LOOP","","ZEPHYRHILLS","ZEPHYRHILLS","FL","33542","61","OWENS GLOBAL TRADING COMPANY","39548 meadow 39548 MEADOWOOD LOOP","","ZEPHYRHILLS","ZEPHYRHILLS","FL","33542","61","WSL6103097","45","20","06/09/2025","10/21/2025","09/30/2025","","",""
"400","4005","CIDERSMITH LLC","AMW","","121 BARBELLA CIRCLE","","","SAINT AUGUSTINE","FL","32095","65","CIDERSMITH OF ST AUGUSTINE","18 ST GEORGE STREET","","","SAINT AUGUSTINE","FL","32084","65","WSL6501499","20","20","06/02/2025","06/13/2025","09/30/2026","","",""
"400","4005","TUMI SPIRITS LLC","IMPR","","9059 SILVER GLEN WAY","","","LAKE WORTH","FL","33467","60","TUMI SPIRITS LLC","9059 SILVER GLEN WAY","","","LAKE WORTH","FL","33467","60","WSL6013135","45","20","05/22/2025","10/21/2025","09/30/2025","","",""
"400","4005","FLOSTATE WINE & SPIRITS, LLC","KLD","","582 MONROE RD, STE 1436","","","SANFORD","FL","32771","69","FLOSTATE WINE & SPIRITS LLC","582 MONROE RD, SUITE 1436","","","SANFORD","FL","32771","69","WSL6903149","20","20","07/17/2025","07/17/2025","09/30/2026","","",""
"400","4005","VALLESCO LLC","IMPR","","500 BAYVIEW DR","APT 409","","MIAMI","FL","33160","23","VALLESCO","9999 NW 89TH AVE","BAY 16-17","MIAMI","MIAMI","FL","33178","23","WSL2326617","45","20","06/10/2025","10/21/2025","09/30/2025","","",""
"400","4005","J B & MILLA HOLDINGS CO","JDBW","","8410 NW  70 TH STREET","","","MIAMI","FL","33166","23","J B AND MILLA HOLDINGS CO","8417 NW 68TH STREET","","","MIAMI","FL","33166","23","WSL2326631","20","20","09/23/2025","09/23/2025","03/31/2026","","",""
"400","4005","ORMOND CRAFT SPIRITS LLC","DD","CD","301 DIVISION AVE #16","","","ORMOND BEACH","FL","32174","74","ORMOND CRAFT SPIRITS LLC","301 DIVISION AVE #16","","","ORMOND BEACH","FL","32174","74","WSL7405823","20","20","06/23/2025","06/23/2025","09/30/2026","","",""
"400","4005","COAST LIFE LLC","BSA","","14 EBB TIDE DRIVE","","","PALM COAST","FL","32164","28","COAST LIFE LLC","14 EBB TIDE DRIVE","","","PALM COAST","FL","32164","28","WSL2800708","45","20","06/13/2025","10/21/2025","09/30/2025","","",""
"400","4005","GREEN TURTLE BREWING COMPANY LLC","CMB","","534 CENTRAL AVE","","","ST. PETERSBURG","FL","33701","62","GREEN TURTLE BREWERY AND PUBLIC HOUSE","534 CENTRAL AVE","","","ST. PETERSBURG","FL","33701","62","WSL6210376","45","20","07/07/2025","10/21/2025","09/30/2025","","",""
"400","4005","GWS DISTRIBUTORS INC.","KLD","","12415 SW 136TH AVE","STE 11","","MIAMI","FL","33186","23","GWS DISTRIBUTORS INC.","12415 SW 136TH AVE","STE 11","","MIAMI","FL","33186","23","WSL2326619","20","20","06/27/2025","08/05/2025","03/31/2026","","",""
"400","4005","BEVERAGE OF AMERICAS LLC","JDBW","","7901 KINGSPOINTE PKWY","STE 17","","ORLANDO","FL","32819","58","BEVERAGE OF AMERICAS","1220 WINTER GARDEN VINELAND RD","UNIT 104","","WINTER GARDEN","FL","34787","58","WSL5808928","20","20","07/21/2025","08/07/2025","09/30/2026","","",""
"400","4005","JOHNSON BROTHERS OF FLORIDA INC","KLD","","1999 SHEPARD ROAD","ATTN: LEGAL","","ST. PAUL","MN","55116","","JOHNSON BROTHERS MAVERICK OF FLORIDA","13645 S ORANGE AVE","SUITE B","","ORLANDO","FL","32824","58","WSL5808811","20","20","07/31/2025","07/31/2025","09/30/2026","","",""
"400","4005","XOLOTLAN BREWERY CORP","JDBW","","8835 NW 108TH LANE","","","MIAMI","FL","33018","23","XOLOTLAN BREWERY CORP","8436 NW 72 STREET","","","MIAMI","FL","33166","23","WSL2326627","20","20","08/22/2025","08/22/2025","03/31/2026","","",""
"400","4005","LITTLE RIVER COMPANY LLC","DD","CD","73 NW 71 STRETT","","","MIAMI","FL","33150","23","LITTLE RIVER DISTILLERY","73 NW 71 STREET","","","MIAMI","FL","33150","23","WSL2326623","20","20","07/28/2025","07/28/2025","09/30/2026","","",""
"400","4005","LOCAL BREW COMPANY","AMW","","3709 MOLLIE LANE","","","SUN CITY CENTER","FL","33573","39","LOCAL BREW COMPANY","1050 CYPRESS VILLAGE BLVD","","","RUSKIN","FL","33573","39","WSL3909426","45","20","07/24/2025","10/21/2025","09/30/2025","","",""
"400","4005","LOCAL BREW COMPANY","CMB","","3709 MOLLIE LANE","","","SUN CITY CENTER","FL","33573","39","LOCAL BREW COMPANY","1050 CYPRESS VILLAGE BLVD","","","RUSKIN","FL","33573","39","WSL3909427","45","20","07/24/2025","10/21/2025","09/30/2025","","",""
"400","4005","CRAFT FARM DISTRIBUTION LLC","KLD","","253 WARFIELD AVE","STE B","","VENICE","FL","34285","68","CRAFT FARM DISTRIBUTION LLC","253 WARFIELD AVE","#B","","VENICE","FL","34285","68","WSL6803633","20","20","07/01/2025","07/01/2025","03/31/2026","","",""
"400","4005","HIDALGO GROUP LLC","IMPR","","11401 NW 134TH STREET","SUITE 105","","MEDLEY","FL","33178","23","HIDALGO GROUP LLC","11401 NW 134TH STREET, SUITE 105","","","MEDLEY","FL","33178","23","WSL2326620","20","20","07/01/2025","09/23/2025","09/30/2026","","",""
"400","4005","MS BEVERAGES AND DISTRIBUTION CORP","MEXP","","6843 CONWAY RD ","STE 120","","ORLANDO","FL","32812","58","MS BEVERAGES","6843 CONWAY RD","STE 120","","ORLANDO","FL","32812","58","WSL5808927","20","20","07/17/2025","07/17/2025","09/30/2026","","",""
"400","4005","GRECO SALES INTERNATIONAL","IMPR","","3250  NE 1ST AVENUE","SUITE 317","","MIAMI","FL","33137","23","PORTSIDE BEVERAGE","127  NE 27TH STREET","","","MIAMI","FL","33137","23","WSL2326629","20","20","09/05/2025","09/05/2025","09/30/2026","","",""
"400","4005","PROPS CRAFT BREWERY LLC","AMW","","125 LOVEJOY RD NW","","","FORT WALTON BEACH","FL","32548","56","PROPS CRAFT BREWERY","125 LOVEJOY RD NW","","","FORT WALTON BEACH","FL","32548","56","WSL5602630","20","20","07/08/2025","10/02/2025","09/30/2026","","",""
"400","4005","HOPPY HOMESTEAD, LLC","BSA","","3590 15TH AVE SW","","","NAPLES","FL","34117","21","HUMANITY BEVERAGE COMPANY","3590 15TH AVE SW","","","NAPLES","FL","34117","21","WSL2103805","20","20","08/04/2025","10/01/2025","09/30/2026","","",""
"400","4005","FIRST COAST WINE AND BRANDY LLC","AMW","","6110 POWERS AVE SUITE 8","","","JACKSONVILLE","FL","32217","26","FIRST COAST WINE AND BRANDY LLC","6110 POWERS AVE","","","JACKSONVILLE","FL","32217","26","WSL2608281","20","20","07/08/2025","07/17/2025","09/30/2026","","",""
"400","4005","ROCKETEER BEER & LIQUID PROVISIONS LLC","CMB","","12960 SW 89TH AVE","","","MIAMI","FL","33176","23","ROCKETEER BEER & LIQUID PROVISIONS","12960 SW 89TH AVE","","","MIAMI","FL","33176","23","WSL2326621","20","20","07/14/2025","08/04/2025","09/30/2026","","",""
"400","4005","CROMVI LLC","MEXP","","3900 W COMMERCIAL BLVD","#233","","FORT LAUDERDALE","FL","33309","16","CROMVI LLC","3900 W COMMERCIAL BLVD","#233","","FORT LAUDERDALE","FL","33309","16","WSL1617162","20","20","07/19/2025","07/21/2025","03/31/2026","","",""
"400","4005","B&B BEVERAGE DISTRIBUTION LLC","KLD","","12620 BEACH BLVD","STE 3-305","","JACKSONVILLE","FL","32246","26","BARRELS AND BOTTLES","3247 BEACH BLVD","UNIT A","","JACKSONVILLE","FL","32207","26","WSL2608282","20","20","07/11/2025","08/04/2025","09/30/2026","","",""
"400","4005","COVE BREWERY, LLC","DD","CD","980 N. FEDERAL HWY.","SUITE 110","","BOCA RATON","FL","33432","60","COVE BREWERY","1500 SE 3RD CT","#100","","DEERFIELD BEACH","FL","33441","16","WSL1617161","20","20","07/17/2025","08/05/2025","09/30/2026","","",""
"400","4005","MACRI INVESTMENTS LLC","CMB","","14890 SW 216 ST","","","MIAMI","FL","33170","23","PINTO'S BREWHOUSE","14890  SW 216 ST","","","MIAMI","FL","33170","23","WSL2326622","20","20","07/18/2025","09/12/2025","09/30/2026","","",""
"400","4005","SHARK ROCK DISTRIBUTION LLC","KLD","","11000 METRO PKWY","23B","","FORT MYERS","FL","33966","46","SHARK ROCK DISTRIBUTION LLC","11000 METRO PKWY","#23 B","","FORT MYERS","FL","33966","46","WSL4605234","20","20","07/15/2025","10/09/2025","03/31/2026","","",""
"400","4005","TRADE GLOBAL SOLUTIONS & CO., LLC","MEXP","","1858 BARKER DRIVE","","","WINTER PARK","FL","32789","58","TRADE GLOBAL SOLUTIONS & CO., LLC","3601 VINELAND RD","STE 13","","ORLANDO","FL","32811","58","WSL5808926","20","20","07/16/2025","07/17/2025","09/30/2026","","",""
"400","4005","B AND H DISTRIBUTING OF THE EMERALD","KLD","","229 PITTS AVE","","","FREEPORT","FL","32439","76","B AND H DISTRIBUTING","447 GRIFFIN BLVD","UNIT 37","","PANAMA CITY BEACH","FL","32413","13","WSL1303438","20","20","07/25/2025","08/20/2025","09/30/2026","","",""
"400","4005","THREE ODD GUYS BREWING OF LONGWOOD LLC","CMB","","956 W SR 434","","","LONGWOOD","FL","32750","69","THREE ODD GUYS BREWING","956 W SR 434","","","LONGWOOD","FL","32750","69","WSL6903150","20","20","07/28/2025","10/23/2025","09/30/2026","","",""
"400","4005","THREE ODD GUYS BREWING OF LONGWOOD LLC","CMB","","1012  W CHURCH STREET","","","ORLANDO","FL","32805","58","BROKEN STRINGS BREWERY","1012 W CHURCH STREET","","","ORLANDO","FL","32805","58","WSL5808931","21","20","08/01/2025","08/01/2025","","","",""
"400","4005","LES CLIMATS IMPORTS, INC","IMPR","","2063 NW 79TH AVE","","","MIAMI","FL","33122","23","LES CLIMATS WINE & SPIRITS IMPORTS INC","2063 NW 79TH AVENUE","","","DORAL","FL","33122","23","WSL2326637","20","20","10/06/2025","10/06/2025","09/30/2026","","",""
"400","4005","WINTER PARK DISTILLING COMPANY LLC","CMB","","P.O. BOX 2878","","","WINTER PARK","FL","32790","58","WINTER PARK DISTILLING COMPANY","136 SOUTH PARK AVENUE","UNIT 1A","","WINTER PARK","FL","32789","58","WSL5808930","20","20","07/31/2025","10/01/2025","09/30/2026","","",""
"400","4005","FIERRO WINERY LLC","AMW","","7301 36TH AVE E","","","PALMETTO","FL","34221","51","FIERRO WINERY","7301 36TH AVE E","","","PALMETTO","FL","34221","51","WSL5102589","20","20","10/03/2025","10/03/2025","09/30/2026","","",""
"400","4005","CELLAR WINE DISTRIBUTOR, LLC","JDBW","","10310 NW 121 WAY","SUITE 600","","MEDELY","FL","33178","23","CELLAR WINE DISTRIBUTOR","10310 NW 121 WAY","SUITE 600","","MEDELY","FL","33178","23","WSL2326625","20","20","08/20/2025","09/11/2025","03/31/2026","","",""
"400","4005","DIVINO IMPORTS AND DISTRIBUTORS LLC","IMPR","","18227 NE 4TH COURT","","","MIAMI","FL","33162","23","DIVINO IMPORTS AND DISTRIBUTORS LLC","18227 NE 4TH COURT","","","MIAMI","FL","33162","23","WSL2326624","20","20","08/14/2025","08/14/2025","09/30/2026","","",""
"400","4005","C&C DISTILLERY LLC","DD","CD","6470 NW 77CT","","","MIAMI","FL","33166","23","C & C DISTILLERY LLC","6470 NW 77 CT","","","MIAMI","FL","33166","23","WSL2326635","20","20","10/03/2025","10/03/2025","09/30/2026","","",""
"400","4005","LAWLESS COAST BREWING LLC","CMB","","350 S CO HWY 393","","","SANTA ROSA BEACH","FL","32459","76","LAWLESS COAST BREWING","350 S CO HWY 393","","","SANTA ROSA BEACH","FL","32459","76","WSL7601067","20","20","08/22/2025","10/01/2025","09/30/2026","","",""
"400","4005","CVG WHOLESALE INC","IMPR","","735 ARLINGTON AVE N","SUITE 113","","ST. PETERSBURG","FL","33701","62","CVG-WHOLESALE INC","735 ARLINGTON AVE N","SUITE 113","","ST. PETERSBURG","FL","33701","62","WSL6210537","20","20","10/20/2025","10/20/2025","09/30/2026","","",""
"400","4005","CIVIL SOCIETY BREWING CO","DD","CD","1200 TOWN CENTER DR","UNIT 101","","JUPITER","FL","33458","60","CIVIL SOCIETY DISTILLING CO","425 KANUGA DR","","","WEST PALM BEACH","FL","33401","60","WSL6013138","20","20","10/13/2025","10/13/2025","09/30/2026","","",""
"400","4005","PRADY WINES LLC","IMPR","","5748 RACEWAY ROAD","","","WELLINGTON","FL","33449","60","PRADY WINES LLC","5748 RACEWAY ROAD","","","WELLINGTON","FL","33449","60","WSL6013136","20","20","09/23/2025","09/23/2025","09/30/2026","","",""
"400","4005","IB333 LLC","IMPR","","20911 JOHNSON STREET","SUITE 101","","PEMBROKE PINES","FL","33029","16","IB333 LLC","18561 NW 27 AVENUE","UNIT C","","MIAMI GARDENS","FL","33056","23","WSL2326630","20","20","09/17/2025","09/17/2025","09/30/2026","","",""
"400","4005","GOLDEN GATES IMPORTERS LLC","IMPR","","9110 LITTLE RIVER DRIVE ","","","MIAMI","FL","33147","23","GOLDEN GATES IMPORTS","9110 LITTLE RIVER DRIVE","","","MIAMI","FL","33147","23","WSL2326632","20","20","09/29/2025","09/29/2025","09/30/2026","","",""
"400","4005","ROSANBO ENTERPRISES LLC","JDBW","","1221 NE 10TH ST","","","CAPE CORAL","FL","33909","46","ROSANBO","1014 SE 12TH PL","#394","","CAPE CORAL","FL","33990","46","WSL4605235","20","20","10/17/2025","10/17/2025","03/31/2026","","",""
"400","4005","AMC GLOBAL VENTURES LLC","KLD","","153  SUGAR BELLE DR #B  ","UNIT#435","","WINTER GARDEN","FL","34787","58","NIRVANA","1255 LAQUINTA DRIVE","SUITE 220","","ORLANDO","FL","32809","58","WSL5808932","21","20","09/18/2025","09/18/2025","","","",""
"400","4005","PAPAGALO COMPANY LLC","DD","CD","270 ROARING BROOK DR","","","SAINT AUGUSTINE","FL","32084","65","SAILBIRD DISTILLING","35 SAN MARCO AVE","STE A","","SAINT AUGUSTINE","FL","32084","65","WSL6501500","20","20","09/03/2025","10/02/2025","09/30/2026","","",""
"400","4005","MITANNI, LLC","IMPR","","1001  NW 62 STREET","BUILDING 1","SUITE 105","FT. LAUDERDALE","FL","33309","16","MITANNI","1001 NW 62ND ST","#105","BUILDING 1","FT. LAUDERDALE","FL","33309","16","WSL1617163","20","20","09/03/2025","10/02/2025","09/30/2026","","",""
"400","4005","SAVYS SPECIALTY FOODS LLC","MEXP","","6307 NW 99TH AVE","","","DORAL","FL","33178","23","N/A","6307 NW 99TH AVE","","","DORAL","FL","33178","23","WSL2326628","20","20","09/04/2025","09/17/2025","03/31/2026","","",""
"400","4005","ST MICHAELS BREWING COMPANY FWB INC","CMB","","2199 HIGHWAY 87","","","NAVARRE","FL","32566","67","ST MICHAELS BREWING COMPANY FWB","29  RACETRACK RD NE","","","FT WALTON BEACH","FL","32566","56","WSL5602631","21","20","10/14/2025","10/14/2025","","","",""
"400","4005","10 STACK BEVERAGE LLC","IMPR","","18359 LINGERLON AVE","","","PORT CHARLOTTE","FL","33948","18","10 STACK BEVERAGE","1544 MARKET CIR","","","PORT CHARLOTTE","FL","33953","18","WSL1801373","20","20","10/01/2025","10/01/2025","09/30/2026","","",""
"400","4005","HAND HARVEST WINE LLC","JDBW","","10220 FISHER AVE","UNIT 4","","TAMPA","FL","33619","39","HAND HARVEST WINE LLC","10220 FISHER AVE","UNIT 4","","TAMPA","FL","33619","39","WSL3909428","20","20","09/16/2025","10/17/2025","09/30/2026","","",""
"400","4005","ASOIN LLC","IMPR","","13902 SW 91 ST TER","","","MIAMI","FL","33186","23","ASOIN LLC","13902 SW 91 ST TER","","","MIAMI","FL","33186","23","WSL2326634","20","20","10/03/2025","10/03/2025","09/30/2026","","",""
"400","4005","ZULIA BEER CO LLC","IMPR","","1 ALHAMBRA PLAZA PH","OFFICE NUMBER 1439COWORK05","","CORAL GABLES","FL","33134","23","ZULIA BEER CO","1 ALAHAMBRA PLAZA","FLOOR PH","1439COWORK05","CORAL GABLES","FL","33134","23","WSL2326636","21","20","10/06/2025","10/06/2025","","","",""
"400","4005","TREASURE ISLAND TRADING LLC","KLD","","11420 US HWY 1","","","NORTH PALM BEACH","FL","33408","60","TREASURE ISLAND TRADING CO LTD","11655 US HWY 1 #3138","","","WEST PALM BEACH","FL","33408","60","WSL6013137","20","20","10/03/2025","10/03/2025","03/31/2026","","",""
"400","4005","CELAJE SERVICES LLC","BSA","","13902 SOUTHWEST 91ST TER","","","MIAMI","FL","33186","23","CELAJE","13902 SOUTHWEST 91ST TER","","","MIAMI","FL","33186","23","WSL2326633","20","20","10/03/2025","10/03/2025","09/30/2026","","",""
"400","4005","ENCOMPASS IMPORT EXPORT LLC","IMPR","","6920 NW 116TH AVE","","","PARKLAND","FL","33076","16","ENCOMPASS IMPORT EXPORT LLC","6920 NW 116TH AVE","","","PARKLAND","FL","33076","16","WSL1617166","20","20","10/15/2025","10/15/2025","09/30/2026","","",""
"400","4005","JBI VENTURES LLC","CMB","","14 B BLANDING BLVD","","","ORANGE PARK","FL","32073","20","RANDEVOU II","14 B BLANDING BLVD","","","ORANGE PARK","FL","32073","20","WSL2001069","21","37","10/15/2025","10/23/2025","","","",""
"400","4005","CKS DISTRO LLC","BSA","","2751 COMMERCE CENTER WAY","SUITE 400","","PEMBROKE PARK","FL","33023","16","ADIOS","2751 COMMERCE CENTER WAY","SUITE 400","","PEMBROKE PARK","FL","33023","16","WSL1617165","20","20","10/01/2025","10/20/2025","09/30/2026","","",""
"400","4005","CRAZY CAT LADIES DISTRIBUTION LLC","JDBW","","PO BOX 2026","","","BELLEVIEW","FL","34421","52","CRAZY CAT LADIES DISTRIBUTION LLC","11217 SE 62ND AVE","SUITE 101","","BELLEVIEW","FL","34420","52","WSL5202653","21","20","10/06/2025","10/06/2025","","","",""
"400","4005","ANARCHY ALE WORKS LLC","CMB","","21450 PALM BEACH BLVD","","","ALVA","FL","33920","46","ANARCHY ALE WORKS","21450 PALM BEACH BLVD","","","ALVA","FL","33920","46","WSL4605236","21","20","10/21/2025","10/21/2025","","","",""
"400","4005","SUNDIAL COCKTAILS USA LLC","IMPR","","4720 SALISBURY ROAD","","","JACKSONVILLE","FL","32256","26","SUNDIAL COCKTAILS","4720 SALISBURY ROAD","","","JACKSONVILLE","FL","32256","26","WSL2608283","21","20","10/16/2025","10/16/2025","","","",""
"400","4005","HOMOSASSA DISTILLERY COMPANY LLC","CMB","","8759 W TRADEWAYS CT","","","HOMOSASSA","FL","34448","19","HOMOSASSA BREWING COMPANY","8759 W TRADEWAYS COURT","","","HOMOSASSA","FL","34448","19","WSL1901839","21","20","10/06/2025","10/06/2025","","","",""
"400","4005","CARIBBEAN SUNRISE SPIRITS LLC","MEXP","","7160 NW 50TH STREET","","MIAMI","MIAMI","FL","33166","23","CARIBBEAN SUNRISE SPIRITS","7160 NW 50TH STREET","","MIAMI","MIAMI","FL","33166","23","WSL2326638","20","20","10/09/2025","10/09/2025","03/31/2026","","",""
"400","4005","JUMEIRAH TRAIDING CORP","MEXP","","1820 N CORPORATE LAKES BLVD","206","","WESTON","FL","33326","16","JUMEIRAH TRAIDING","1820 N CORPORATE LAKES BLVD","206","","WESTON","FL","33326","16","WSL1617167","20","20","10/17/2025","10/21/2025","03/31/2026","","",""
